id_tiket,tanggal_lapor,hari_lapor,jam_lapor,unit_pelapor,kategori_masalah,prioritas,kanal_laporan,waktu_respons_menit,waktu_selesai_jam,jumlah_teknisi,eskalasi,status_sla,kepuasan_1_5
TIK00001,2026-01-01,Kamis,07:00,Kemahasiswaan,Komputer/Laptop,Rendah,Datang Langsung,32,9.4,1,Ya,Sesuai SLA,4
TIK00002,2026-01-01,Kamis,07:00,Program Studi,Akun/Login,Rendah,WhatsApp,51,1.0,1,Tidak,Sesuai SLA,4
TIK00003,2026-01-01,Kamis,07:05,Kemahasiswaan,Internet/WiFi,Rendah,Email,83,8.9,1,Tidak,Sesuai SLA,3
TIK00004,2026-01-01,Kamis,07:05,Laboratorium,Internet/WiFi,Sedang,Email,66,7.5,1,Tidak,Sesuai SLA,5
TIK00005,2026-01-01,Kamis,07:25,Akademik,Komputer/Laptop,Rendah,WhatsApp,38,4.6,2,Tidak,Sesuai SLA,5
TIK00006,2026-01-01,Kamis,07:50,Laboratorium,Internet/WiFi,Tinggi,Form Online,35,7.9,3,Tidak,Lewat SLA,3
TIK00007,2026-01-01,Kamis,08:10,Kemahasiswaan,Printer,Sedang,Email,85,4.6,1,Tidak,Sesuai SLA,4
TIK00008,2026-01-01,Kamis,08:10,Program Studi,Sistem Akademik,Rendah,Email,80,11.7,1,Tidak,Sesuai SLA,4
TIK00009,2026-01-01,Kamis,08:25,Program Studi,Internet/WiFi,Sedang,Datang Langsung,27,6.1,1,Tidak,Sesuai SLA,4
TIK00010,2026-01-01,Kamis,08:30,Laboratorium,Komputer/Laptop,Tinggi,Form Online,58,6.9,2,Tidak,Lewat SLA,4
TIK00011,2026-01-01,Kamis,08:40,Akademik,Akun/Login,Rendah,Datang Langsung,32,2.1,1,Tidak,Sesuai SLA,5
TIK00012,2026-01-01,Kamis,08:40,Kemahasiswaan,Komputer/Laptop,Rendah,WhatsApp,44,7.6,1,Tidak,Sesuai SLA,5
TIK00013,2026-01-01,Kamis,08:50,Laboratorium,Komputer/Laptop,Sedang,Form Online,43,5.3,1,Tidak,Sesuai SLA,4
TIK00014,2026-01-01,Kamis,09:10,Keuangan,Internet/WiFi,Sedang,Form Online,74,8.3,2,Ya,Sesuai SLA,4
TIK00015,2026-01-01,Kamis,09:35,Kemahasiswaan,Internet/WiFi,Rendah,WhatsApp,35,7.1,1,Tidak,Sesuai SLA,4
TIK00016,2026-01-01,Kamis,10:05,Akademik,Printer,Rendah,WhatsApp,52,4.2,1,Tidak,Sesuai SLA,4
TIK00017,2026-01-01,Kamis,10:10,Kemahasiswaan,Printer,Sedang,WhatsApp,41,7.1,1,Tidak,Sesuai SLA,5
TIK00018,2026-01-01,Kamis,10:10,Program Studi,Komputer/Laptop,Sedang,WhatsApp,49,5.6,1,Tidak,Sesuai SLA,4
TIK00019,2026-01-01,Kamis,10:10,Kemahasiswaan,Sistem Akademik,Sedang,WhatsApp,23,15.1,1,Tidak,Lewat SLA,3
TIK00020,2026-01-01,Kamis,10:30,Keuangan,Proyektor,Sedang,Form Online,65,6.0,1,Ya,Sesuai SLA,5
TIK00021,2026-01-01,Kamis,10:35,Keuangan,Sistem Akademik,Tinggi,Form Online,41,16.5,3,Ya,Lewat SLA,2
TIK00022,2026-01-01,Kamis,10:40,Perpustakaan,Akun/Login,Rendah,Form Online,51,6.5,1,Ya,Sesuai SLA,5
TIK00023,2026-01-01,Kamis,10:45,Laboratorium,Akun/Login,Sedang,Form Online,41,7.8,1,Tidak,Sesuai SLA,4
TIK00024,2026-01-01,Kamis,10:45,Kemahasiswaan,Komputer/Laptop,Rendah,Form Online,56,4.5,1,Tidak,Sesuai SLA,4
TIK00025,2026-01-01,Kamis,11:00,Program Studi,Komputer/Laptop,Rendah,WhatsApp,35,6.7,1,Tidak,Sesuai SLA,3
TIK00026,2026-01-01,Kamis,11:10,Kemahasiswaan,Internet/WiFi,Sedang,Email,67,8.4,1,Tidak,Sesuai SLA,3
TIK00027,2026-01-01,Kamis,11:20,Program Studi,Akun/Login,Rendah,Datang Langsung,46,1.5,2,Tidak,Sesuai SLA,4
TIK00028,2026-01-01,Kamis,11:25,Laboratorium,Sistem Akademik,Sedang,WhatsApp,24,14.7,1,Ya,Lewat SLA,3
TIK00029,2026-01-01,Kamis,11:25,Program Studi,Akun/Login,Rendah,Datang Langsung,40,2.7,1,Tidak,Sesuai SLA,4
TIK00030,2026-01-01,Kamis,11:30,Laboratorium,Komputer/Laptop,Rendah,WhatsApp,37,8.5,1,Tidak,Sesuai SLA,5
TIK00031,2026-01-01,Kamis,11:35,Keuangan,Sistem Akademik,Sedang,WhatsApp,32,10.8,2,Tidak,Lewat SLA,3
TIK00032,2026-01-01,Kamis,11:40,Akademik,Sistem Akademik,Sedang,WhatsApp,38,11.9,2,Ya,Lewat SLA,3
TIK00033,2026-01-01,Kamis,12:25,Akademik,Komputer/Laptop,Sedang,WhatsApp,29,9.0,1,Ya,Sesuai SLA,5
TIK00034,2026-01-01,Kamis,12:25,Akademik,Internet/WiFi,Tinggi,WhatsApp,35,7.3,1,Tidak,Lewat SLA,3
TIK00035,2026-01-01,Kamis,12:40,Perpustakaan,Sistem Akademik,Sedang,Form Online,46,9.5,2,Tidak,Sesuai SLA,5
TIK00036,2026-01-01,Kamis,13:35,Laboratorium,Akun/Login,Tinggi,Email,48,4.4,3,Tidak,Sesuai SLA,5
TIK00037,2026-01-01,Kamis,13:40,Umum,Komputer/Laptop,Sedang,Email,62,8.8,1,Tidak,Sesuai SLA,3
TIK00038,2026-01-01,Kamis,14:20,Akademik,Sistem Akademik,Rendah,Form Online,75,11.3,2,Ya,Sesuai SLA,3
TIK00039,2026-01-01,Kamis,15:05,Kemahasiswaan,Printer,Rendah,WhatsApp,39,3.2,1,Tidak,Sesuai SLA,5
TIK00040,2026-01-01,Kamis,15:35,Perpustakaan,Sistem Akademik,Sedang,WhatsApp,25,9.5,2,Tidak,Sesuai SLA,3
TIK00041,2026-01-01,Kamis,16:35,Keuangan,Printer,Sedang,Datang Langsung,27,3.0,1,Tidak,Sesuai SLA,4
TIK00042,2026-01-02,Jumat,07:05,Umum,Komputer/Laptop,Rendah,WhatsApp,56,6.2,1,Tidak,Sesuai SLA,4
TIK00043,2026-01-02,Jumat,07:10,Keuangan,Komputer/Laptop,Rendah,WhatsApp,41,8.6,1,Tidak,Sesuai SLA,3
TIK00044,2026-01-02,Jumat,07:10,Akademik,Akun/Login,Rendah,Email,74,5.0,1,Tidak,Sesuai SLA,4
TIK00045,2026-01-02,Jumat,07:30,Akademik,Sistem Akademik,Sedang,Form Online,48,10.4,1,Tidak,Lewat SLA,5
TIK00046,2026-01-02,Jumat,07:35,Kemahasiswaan,Internet/WiFi,Tinggi,Form Online,44,8.0,2,Tidak,Lewat SLA,3
TIK00047,2026-01-02,Jumat,08:35,Perpustakaan,Komputer/Laptop,Sedang,Form Online,40,10.8,1,Ya,Lewat SLA,3
TIK00048,2026-01-02,Jumat,08:45,Laboratorium,Internet/WiFi,Tinggi,Datang Langsung,37,11.7,1,Ya,Lewat SLA,3
TIK00049,2026-01-02,Jumat,09:05,Laboratorium,Printer,Sedang,WhatsApp,31,4.7,1,Tidak,Sesuai SLA,5
TIK00050,2026-01-02,Jumat,09:05,Program Studi,Akun/Login,Rendah,Email,75,3.0,1,Tidak,Sesuai SLA,3
TIK00051,2026-01-02,Jumat,09:15,Laboratorium,Internet/WiFi,Sedang,WhatsApp,39,9.7,1,Tidak,Sesuai SLA,4
TIK00052,2026-01-02,Jumat,09:45,Laboratorium,Komputer/Laptop,Tinggi,Datang Langsung,19,6.1,2,Tidak,Lewat SLA,4
TIK00053,2026-01-02,Jumat,09:55,Program Studi,Akun/Login,Rendah,Form Online,61,5.8,2,Tidak,Sesuai SLA,4
TIK00054,2026-01-02,Jumat,10:00,Laboratorium,Akun/Login,Sedang,Email,62,4.1,1,Tidak,Sesuai SLA,4
TIK00055,2026-01-02,Jumat,10:15,Akademik,Proyektor,Sedang,Form Online,48,5.1,1,Tidak,Sesuai SLA,5
TIK00056,2026-01-02,Jumat,10:15,Laboratorium,Internet/WiFi,Sedang,Datang Langsung,54,7.2,1,Tidak,Sesuai SLA,4
TIK00057,2026-01-02,Jumat,10:20,Program Studi,Sistem Akademik,Sedang,Datang Langsung,18,11.4,2,Tidak,Lewat SLA,4
TIK00058,2026-01-02,Jumat,10:30,Keuangan,Proyektor,Rendah,Form Online,62,5.7,2,Ya,Sesuai SLA,4
TIK00059,2026-01-02,Jumat,10:50,Akademik,Internet/WiFi,Sedang,Datang Langsung,17,6.2,2,Tidak,Sesuai SLA,4
TIK00060,2026-01-02,Jumat,10:50,Umum,Sistem Akademik,Tinggi,WhatsApp,12,17.6,2,Ya,Lewat SLA,2
TIK00061,2026-01-02,Jumat,11:00,Akademik,Internet/WiFi,Rendah,WhatsApp,82,10.4,1,Tidak,Sesuai SLA,5
TIK00062,2026-01-02,Jumat,11:15,Akademik,Akun/Login,Tinggi,WhatsApp,12,5.4,3,Tidak,Sesuai SLA,5
TIK00063,2026-01-02,Jumat,11:25,Kemahasiswaan,Internet/WiFi,Sedang,WhatsApp,49,7.0,1,Tidak,Sesuai SLA,4
TIK00064,2026-01-02,Jumat,11:35,Program Studi,Sistem Akademik,Sedang,Datang Langsung,51,10.0,1,Tidak,Sesuai SLA,5
TIK00065,2026-01-02,Jumat,11:45,Kemahasiswaan,Sistem Akademik,Sedang,WhatsApp,50,15.8,1,Ya,Lewat SLA,3
TIK00066,2026-01-02,Jumat,11:45,Keuangan,Internet/WiFi,Sedang,Form Online,45,10.3,2,Ya,Lewat SLA,4
TIK00067,2026-01-02,Jumat,11:55,Keuangan,Printer,Rendah,WhatsApp,49,4.8,1,Tidak,Sesuai SLA,4
TIK00068,2026-01-02,Jumat,12:00,Perpustakaan,Komputer/Laptop,Sedang,Form Online,46,9.0,1,Tidak,Sesuai SLA,4
TIK00069,2026-01-02,Jumat,12:40,Akademik,Printer,Tinggi,WhatsApp,13,4.6,2,Tidak,Sesuai SLA,5
TIK00070,2026-01-02,Jumat,13:05,Kemahasiswaan,Komputer/Laptop,Rendah,Email,107,9.6,1,Tidak,Sesuai SLA,3
TIK00071,2026-01-02,Jumat,13:15,Laboratorium,Internet/WiFi,Sedang,Form Online,41,8.1,1,Tidak,Sesuai SLA,5
TIK00072,2026-01-02,Jumat,13:15,Perpustakaan,Internet/WiFi,Sedang,WhatsApp,31,9.6,1,Ya,Sesuai SLA,4
TIK00073,2026-01-02,Jumat,13:30,Kemahasiswaan,Sistem Akademik,Sedang,Form Online,54,10.0,1,Tidak,Sesuai SLA,4
TIK00074,2026-01-02,Jumat,13:35,Program Studi,Sistem Akademik,Sedang,WhatsApp,39,14.3,1,Tidak,Lewat SLA,3
TIK00075,2026-01-02,Jumat,13:45,Akademik,Komputer/Laptop,Rendah,WhatsApp,59,7.0,1,Ya,Sesuai SLA,4
TIK00076,2026-01-02,Jumat,13:55,Laboratorium,Proyektor,Sedang,WhatsApp,27,5.8,1,Tidak,Sesuai SLA,3
TIK00077,2026-01-02,Jumat,14:05,Laboratorium,Komputer/Laptop,Rendah,WhatsApp,65,6.0,1,Tidak,Sesuai SLA,4
TIK00078,2026-01-02,Jumat,14:40,Akademik,Printer,Sedang,Datang Langsung,30,2.4,1,Tidak,Sesuai SLA,4
TIK00079,2026-01-02,Jumat,15:20,Program Studi,Akun/Login,Rendah,WhatsApp,82,1.4,1,Tidak,Sesuai SLA,5
TIK00080,2026-01-03,Sabtu,07:10,Kemahasiswaan,Proyektor,Rendah,Datang Langsung,57,7.4,1,Ya,Sesuai SLA,5
TIK00081,2026-01-03,Sabtu,07:25,Program Studi,Komputer/Laptop,Tinggi,Email,55,7.9,2,Tidak,Lewat SLA,3
TIK00082,2026-01-03,Sabtu,07:30,Program Studi,Akun/Login,Rendah,WhatsApp,37,1.4,1,Tidak,Sesuai SLA,4
TIK00083,2026-01-03,Sabtu,07:55,Program Studi,Internet/WiFi,Sedang,WhatsApp,40,7.2,2,Tidak,Sesuai SLA,4
TIK00084,2026-01-03,Sabtu,08:15,Akademik,Komputer/Laptop,Rendah,WhatsApp,48,8.7,1,Tidak,Sesuai SLA,5
TIK00085,2026-01-03,Sabtu,08:45,Program Studi,Proyektor,Sedang,WhatsApp,54,2.5,1,Tidak,Sesuai SLA,5
TIK00086,2026-01-03,Sabtu,08:55,Laboratorium,Akun/Login,Sedang,WhatsApp,28,4.6,1,Tidak,Sesuai SLA,4
TIK00087,2026-01-03,Sabtu,09:00,Kemahasiswaan,Internet/WiFi,Sedang,Email,70,9.8,1,Ya,Sesuai SLA,5
TIK00088,2026-01-03,Sabtu,09:10,Umum,Internet/WiFi,Sedang,WhatsApp,44,7.5,1,Tidak,Sesuai SLA,4
TIK00089,2026-01-03,Sabtu,09:15,Program Studi,Sistem Akademik,Sedang,Form Online,53,12.4,1,Tidak,Lewat SLA,3
TIK00090,2026-01-03,Sabtu,09:40,Kemahasiswaan,Akun/Login,Rendah,WhatsApp,37,0.8,2,Tidak,Sesuai SLA,5
TIK00091,2026-01-03,Sabtu,09:50,Laboratorium,Sistem Akademik,Sedang,Form Online,84,13.8,1,Ya,Lewat SLA,3
TIK00092,2026-01-03,Sabtu,09:55,Program Studi,Akun/Login,Rendah,Email,96,3.3,1,Tidak,Sesuai SLA,5
TIK00093,2026-01-03,Sabtu,10:00,Akademik,Akun/Login,Rendah,Form Online,79,3.6,1,Tidak,Sesuai SLA,4
TIK00094,2026-01-03,Sabtu,10:00,Laboratorium,Akun/Login,Tinggi,Form Online,51,4.5,1,Tidak,Sesuai SLA,3
TIK00095,2026-01-03,Sabtu,10:05,Keuangan,Internet/WiFi,Sedang,Email,93,10.4,2,Ya,Lewat SLA,2
TIK00096,2026-01-03,Sabtu,10:05,Umum,Printer,Tinggi,Form Online,38,8.4,1,Tidak,Lewat SLA,3
TIK00097,2026-01-03,Sabtu,10:05,Laboratorium,Printer,Tinggi,WhatsApp,20,4.8,2,Tidak,Sesuai SLA,5
TIK00098,2026-01-03,Sabtu,10:10,Kemahasiswaan,Komputer/Laptop,Rendah,WhatsApp,52,7.8,2,Ya,Sesuai SLA,4
TIK00099,2026-01-03,Sabtu,10:30,Akademik,Internet/WiFi,Tinggi,WhatsApp,29,7.7,1,Tidak,Lewat SLA,4
TIK00100,2026-01-03,Sabtu,10:35,Akademik,Sistem Akademik,Rendah,Datang Langsung,45,11.5,1,Ya,Sesuai SLA,3
TIK00101,2026-01-03,Sabtu,10:35,Keuangan,Sistem Akademik,Rendah,Datang Langsung,39,9.0,2,Tidak,Sesuai SLA,4
TIK00102,2026-01-03,Sabtu,10:40,Kemahasiswaan,Akun/Login,Rendah,WhatsApp,43,2.3,2,Tidak,Sesuai SLA,4
TIK00103,2026-01-03,Sabtu,10:45,Umum,Proyektor,Tinggi,WhatsApp,13,6.6,1,Ya,Lewat SLA,4
TIK00104,2026-01-03,Sabtu,10:55,Kemahasiswaan,Sistem Akademik,Tinggi,WhatsApp,33,16.0,1,Ya,Lewat SLA,3
TIK00105,2026-01-03,Sabtu,11:00,Laboratorium,Komputer/Laptop,Sedang,WhatsApp,75,5.2,1,Tidak,Sesuai SLA,4
TIK00106,2026-01-03,Sabtu,11:20,Akademik,Komputer/Laptop,Sedang,Email,69,7.5,1,Tidak,Sesuai SLA,4
TIK00107,2026-01-03,Sabtu,11:20,Kemahasiswaan,Sistem Akademik,Rendah,Form Online,71,12.9,2,Tidak,Sesuai SLA,3
TIK00108,2026-01-03,Sabtu,11:50,Laboratorium,Printer,Tinggi,Form Online,39,7.7,2,Ya,Lewat SLA,3
TIK00109,2026-01-03,Sabtu,11:55,Keuangan,Printer,Rendah,Datang Langsung,45,2.1,1,Tidak,Sesuai SLA,4
TIK00110,2026-01-03,Sabtu,12:10,Kemahasiswaan,Akun/Login,Rendah,Email,86,3.3,2,Tidak,Sesuai SLA,5
TIK00111,2026-01-03,Sabtu,12:10,Akademik,Sistem Akademik,Sedang,Email,72,15.5,1,Ya,Lewat SLA,3
TIK00112,2026-01-03,Sabtu,12:25,Keuangan,Printer,Sedang,Datang Langsung,26,4.5,1,Tidak,Sesuai SLA,5
TIK00113,2026-01-03,Sabtu,12:25,Kemahasiswaan,Printer,Rendah,WhatsApp,62,2.2,2,Tidak,Sesuai SLA,4
TIK00114,2026-01-03,Sabtu,12:35,Program Studi,Komputer/Laptop,Sedang,WhatsApp,40,6.4,1,Tidak,Sesuai SLA,4
TIK00115,2026-01-03,Sabtu,12:35,Umum,Akun/Login,Rendah,Form Online,68,3.0,1,Tidak,Sesuai SLA,5
TIK00116,2026-01-03,Sabtu,12:40,Akademik,Akun/Login,Rendah,WhatsApp,58,2.7,2,Tidak,Sesuai SLA,5
TIK00117,2026-01-03,Sabtu,12:45,Akademik,Komputer/Laptop,Rendah,WhatsApp,56,6.3,1,Tidak,Sesuai SLA,4
TIK00118,2026-01-03,Sabtu,12:55,Laboratorium,Komputer/Laptop,Sedang,Form Online,53,8.2,2,Ya,Sesuai SLA,4
TIK00119,2026-01-03,Sabtu,13:10,Umum,Proyektor,Rendah,Email,104,3.7,1,Tidak,Sesuai SLA,5
TIK00120,2026-01-03,Sabtu,13:25,Kemahasiswaan,Internet/WiFi,Rendah,Datang Langsung,42,8.2,2,Tidak,Sesuai SLA,4
TIK00121,2026-01-03,Sabtu,13:35,Akademik,Sistem Akademik,Sedang,Datang Langsung,34,9.3,1,Tidak,Sesuai SLA,4
TIK00122,2026-01-03,Sabtu,13:40,Keuangan,Akun/Login,Sedang,WhatsApp,32,1.7,2,Tidak,Sesuai SLA,5
TIK00123,2026-01-03,Sabtu,13:45,Program Studi,Sistem Akademik,Rendah,Form Online,74,14.3,1,Ya,Sesuai SLA,3
TIK00124,2026-01-03,Sabtu,13:50,Akademik,Komputer/Laptop,Sedang,Email,63,6.2,1,Tidak,Sesuai SLA,4
TIK00125,2026-01-03,Sabtu,14:00,Keuangan,Sistem Akademik,Sedang,WhatsApp,49,9.5,1,Tidak,Sesuai SLA,4
TIK00126,2026-01-03,Sabtu,14:05,Perpustakaan,Akun/Login,Rendah,WhatsApp,32,5.5,1,Ya,Sesuai SLA,5
TIK00127,2026-01-03,Sabtu,14:10,Akademik,Internet/WiFi,Sedang,WhatsApp,36,12.5,1,Tidak,Lewat SLA,2
TIK00128,2026-01-03,Sabtu,14:15,Program Studi,Komputer/Laptop,Sedang,WhatsApp,24,6.5,1,Tidak,Sesuai SLA,3
TIK00129,2026-01-03,Sabtu,14:30,Perpustakaan,Internet/WiFi,Sedang,Form Online,59,8.0,1,Tidak,Sesuai SLA,4
TIK00130,2026-01-03,Sabtu,14:40,Program Studi,Printer,Sedang,WhatsApp,24,3.2,1,Tidak,Sesuai SLA,4
TIK00131,2026-01-03,Sabtu,15:10,Kemahasiswaan,Akun/Login,Rendah,Datang Langsung,39,3.1,2,Tidak,Sesuai SLA,4
TIK00132,2026-01-03,Sabtu,15:25,Keuangan,Printer,Sedang,Datang Langsung,34,6.4,1,Ya,Sesuai SLA,5
TIK00133,2026-01-03,Sabtu,15:55,Laboratorium,Printer,Sedang,Form Online,39,4.4,1,Tidak,Sesuai SLA,4
TIK00134,2026-01-03,Sabtu,17:35,Laboratorium,Sistem Akademik,Sedang,WhatsApp,51,11.6,2,Ya,Lewat SLA,3
TIK00135,2026-01-04,Minggu,07:00,Akademik,Sistem Akademik,Tinggi,WhatsApp,23,13.4,1,Tidak,Lewat SLA,3
TIK00136,2026-01-04,Minggu,07:10,Kemahasiswaan,Internet/WiFi,Sedang,WhatsApp,46,6.6,2,Tidak,Sesuai SLA,4
TIK00137,2026-01-04,Minggu,07:15,Program Studi,Sistem Akademik,Sedang,WhatsApp,25,12.1,1,Tidak,Lewat SLA,4
TIK00138,2026-01-04,Minggu,07:25,Akademik,Internet/WiFi,Tinggi,WhatsApp,22,13.4,1,Ya,Lewat SLA,3
TIK00139,2026-01-04,Minggu,07:40,Laboratorium,Akun/Login,Tinggi,WhatsApp,24,6.0,3,Tidak,Sesuai SLA,4
TIK00140,2026-01-04,Minggu,07:50,Perpustakaan,Sistem Akademik,Sedang,WhatsApp,50,11.5,1,Tidak,Lewat SLA,4
TIK00141,2026-01-04,Minggu,08:15,Keuangan,Internet/WiFi,Sedang,Email,76,11.3,2,Tidak,Lewat SLA,2
TIK00142,2026-01-04,Minggu,08:30,Perpustakaan,Akun/Login,Rendah,WhatsApp,43,2.9,1,Tidak,Sesuai SLA,4
TIK00143,2026-01-04,Minggu,08:40,Perpustakaan,Internet/WiFi,Rendah,Email,80,7.3,2,Tidak,Sesuai SLA,4
TIK00144,2026-01-04,Minggu,09:00,Keuangan,Internet/WiFi,Tinggi,WhatsApp,11,12.7,2,Ya,Lewat SLA,4
TIK00145,2026-01-04,Minggu,09:00,Laboratorium,Akun/Login,Sedang,Datang Langsung,20,1.7,1,Tidak,Sesuai SLA,5
TIK00146,2026-01-04,Minggu,09:00,Perpustakaan,Internet/WiFi,Rendah,Datang Langsung,47,5.9,1,Tidak,Sesuai SLA,5
TIK00147,2026-01-04,Minggu,09:35,Perpustakaan,Komputer/Laptop,Sedang,Form Online,67,5.0,1,Tidak,Sesuai SLA,5
TIK00148,2026-01-04,Minggu,09:35,Akademik,Printer,Sedang,WhatsApp,49,4.1,1,Tidak,Sesuai SLA,4
TIK00149,2026-01-04,Minggu,09:40,Keuangan,Internet/WiFi,Sedang,Email,146,7.8,1,Tidak,Sesuai SLA,3
TIK00150,2026-01-04,Minggu,10:10,Kemahasiswaan,Sistem Akademik,Rendah,Form Online,102,20.0,2,Ya,Lewat SLA,3
TIK00151,2026-01-04,Minggu,10:15,Program Studi,Akun/Login,Tinggi,Form Online,44,5.4,2,Tidak,Sesuai SLA,4
TIK00152,2026-01-04,Minggu,10:20,Laboratorium,Internet/WiFi,Rendah,WhatsApp,61,7.4,1,Tidak,Sesuai SLA,4
TIK00153,2026-01-04,Minggu,10:20,Kemahasiswaan,Sistem Akademik,Rendah,WhatsApp,39,13.2,1,Tidak,Sesuai SLA,3
TIK00154,2026-01-04,Minggu,10:25,Akademik,Internet/WiFi,Rendah,Form Online,54,10.0,2,Tidak,Sesuai SLA,4
TIK00155,2026-01-04,Minggu,10:40,Keuangan,Komputer/Laptop,Tinggi,WhatsApp,55,8.2,3,Tidak,Lewat SLA,5
TIK00156,2026-01-04,Minggu,10:45,Program Studi,Printer,Rendah,WhatsApp,38,5.5,2,Tidak,Sesuai SLA,4
TIK00157,2026-01-04,Minggu,10:55,Kemahasiswaan,Proyektor,Tinggi,Form Online,42,6.5,2,Tidak,Lewat SLA,4
TIK00158,2026-01-04,Minggu,11:05,Akademik,Printer,Sedang,Email,75,4.7,1,Tidak,Sesuai SLA,5
TIK00159,2026-01-04,Minggu,11:10,Akademik,Komputer/Laptop,Rendah,WhatsApp,38,10.0,1,Tidak,Sesuai SLA,4
TIK00160,2026-01-04,Minggu,11:10,Akademik,Internet/WiFi,Tinggi,WhatsApp,37,7.9,1,Tidak,Lewat SLA,4
TIK00161,2026-01-04,Minggu,11:50,Umum,Printer,Rendah,WhatsApp,41,6.5,1,Tidak,Sesuai SLA,3
TIK00162,2026-01-04,Minggu,12:00,Laboratorium,Internet/WiFi,Sedang,WhatsApp,26,8.2,1,Ya,Sesuai SLA,4
TIK00163,2026-01-04,Minggu,12:10,Program Studi,Sistem Akademik,Tinggi,Form Online,46,17.6,1,Tidak,Lewat SLA,2
TIK00164,2026-01-04,Minggu,12:10,Akademik,Proyektor,Sedang,WhatsApp,37,3.3,2,Tidak,Sesuai SLA,4
TIK00165,2026-01-04,Minggu,12:15,Akademik,Komputer/Laptop,Rendah,WhatsApp,58,6.5,1,Tidak,Sesuai SLA,5
TIK00166,2026-01-04,Minggu,12:40,Umum,Akun/Login,Sedang,WhatsApp,33,4.8,2,Tidak,Sesuai SLA,5
TIK00167,2026-01-04,Minggu,12:45,Umum,Akun/Login,Rendah,WhatsApp,54,3.6,1,Tidak,Sesuai SLA,4
TIK00168,2026-01-04,Minggu,12:45,Umum,Akun/Login,Sedang,Form Online,83,5.3,2,Tidak,Sesuai SLA,4
TIK00169,2026-01-04,Minggu,13:05,Program Studi,Akun/Login,Rendah,Email,82,7.0,1,Tidak,Sesuai SLA,3
TIK00170,2026-01-04,Minggu,14:05,Keuangan,Internet/WiFi,Tinggi,Datang Langsung,25,6.3,2,Tidak,Lewat SLA,4
TIK00171,2026-01-04,Minggu,14:20,Kemahasiswaan,Komputer/Laptop,Sedang,Form Online,38,6.3,2,Tidak,Sesuai SLA,4
TIK00172,2026-01-04,Minggu,14:35,Akademik,Printer,Tinggi,Form Online,31,9.3,1,Tidak,Lewat SLA,3
TIK00173,2026-01-04,Minggu,14:40,Laboratorium,Sistem Akademik,Rendah,WhatsApp,69,10.3,1,Tidak,Sesuai SLA,3
TIK00174,2026-01-04,Minggu,14:40,Program Studi,Printer,Rendah,WhatsApp,41,2.2,2,Tidak,Sesuai SLA,4
TIK00175,2026-01-04,Minggu,15:55,Program Studi,Internet/WiFi,Sedang,Form Online,42,8.8,1,Ya,Sesuai SLA,4
TIK00176,2026-01-04,Minggu,16:05,Akademik,Internet/WiFi,Rendah,Form Online,64,8.4,1,Tidak,Sesuai SLA,4
TIK00177,2026-01-04,Minggu,16:45,Perpustakaan,Sistem Akademik,Tinggi,WhatsApp,19,17.9,2,Ya,Lewat SLA,3
TIK00178,2026-01-05,Senin,08:15,Laboratorium,Sistem Akademik,Sedang,Email,86,14.3,1,Ya,Lewat SLA,2
TIK00179,2026-01-05,Senin,08:30,Program Studi,Printer,Rendah,Form Online,55,3.3,1,Tidak,Sesuai SLA,4
TIK00180,2026-01-05,Senin,08:50,Program Studi,Sistem Akademik,Rendah,Form Online,51,12.3,1,Tidak,Sesuai SLA,3
TIK00181,2026-01-05,Senin,09:20,Keuangan,Internet/WiFi,Sedang,WhatsApp,24,10.8,1,Ya,Lewat SLA,3
TIK00182,2026-01-05,Senin,09:35,Laboratorium,Sistem Akademik,Sedang,WhatsApp,24,12.4,1,Tidak,Lewat SLA,3
TIK00183,2026-01-05,Senin,09:35,Akademik,Komputer/Laptop,Rendah,WhatsApp,81,7.0,1,Ya,Sesuai SLA,4
TIK00184,2026-01-05,Senin,09:55,Keuangan,Sistem Akademik,Sedang,Email,70,13.8,1,Ya,Lewat SLA,2
TIK00185,2026-01-05,Senin,10:00,Laboratorium,Sistem Akademik,Tinggi,WhatsApp,29,12.9,1,Tidak,Lewat SLA,3
TIK00186,2026-01-05,Senin,10:00,Akademik,Akun/Login,Rendah,Form Online,52,2.2,1,Tidak,Sesuai SLA,5
TIK00187,2026-01-05,Senin,10:15,Akademik,Printer,Sedang,Email,65,7.0,1,Tidak,Sesuai SLA,5
TIK00188,2026-01-05,Senin,11:05,Umum,Akun/Login,Rendah,WhatsApp,49,4.8,1,Tidak,Sesuai SLA,5
TIK00189,2026-01-05,Senin,11:15,Laboratorium,Akun/Login,Rendah,Form Online,77,2.9,1,Tidak,Sesuai SLA,5
TIK00190,2026-01-05,Senin,11:50,Laboratorium,Proyektor,Rendah,Email,117,3.7,1,Tidak,Sesuai SLA,4
TIK00191,2026-01-05,Senin,12:00,Keuangan,Komputer/Laptop,Rendah,WhatsApp,38,10.4,2,Tidak,Sesuai SLA,3
TIK00192,2026-01-05,Senin,12:05,Perpustakaan,Komputer/Laptop,Rendah,Datang Langsung,40,5.6,1,Tidak,Sesuai SLA,3
TIK00193,2026-01-05,Senin,12:15,Umum,Komputer/Laptop,Rendah,WhatsApp,64,4.3,2,Tidak,Sesuai SLA,4
TIK00194,2026-01-05,Senin,12:20,Kemahasiswaan,Sistem Akademik,Tinggi,WhatsApp,12,13.6,1,Ya,Lewat SLA,3
TIK00195,2026-01-05,Senin,12:40,Laboratorium,Proyektor,Rendah,WhatsApp,65,2.8,1,Tidak,Sesuai SLA,3
TIK00196,2026-01-05,Senin,12:55,Perpustakaan,Akun/Login,Sedang,Datang Langsung,56,1.9,1,Tidak,Sesuai SLA,5
TIK00197,2026-01-05,Senin,13:05,Akademik,Komputer/Laptop,Sedang,Form Online,53,7.0,2,Tidak,Sesuai SLA,4
TIK00198,2026-01-05,Senin,13:05,Program Studi,Sistem Akademik,Sedang,WhatsApp,57,13.8,2,Ya,Lewat SLA,3
TIK00199,2026-01-05,Senin,13:10,Keuangan,Akun/Login,Rendah,WhatsApp,34,2.8,1,Tidak,Sesuai SLA,5
TIK00200,2026-01-05,Senin,13:45,Akademik,Sistem Akademik,Sedang,WhatsApp,42,10.2,1,Tidak,Lewat SLA,3
TIK00201,2026-01-05,Senin,14:15,Kemahasiswaan,Proyektor,Rendah,WhatsApp,42,2.8,1,Tidak,Sesuai SLA,4
TIK00202,2026-01-05,Senin,14:45,Akademik,Printer,Sedang,WhatsApp,29,10.2,2,Ya,Lewat SLA,4
TIK00203,2026-01-05,Senin,14:45,Program Studi,Komputer/Laptop,Rendah,Form Online,77,6.5,2,Ya,Sesuai SLA,4
TIK00204,2026-01-05,Senin,14:50,Program Studi,Internet/WiFi,Rendah,Email,73,10.0,1,Tidak,Sesuai SLA,4
TIK00205,2026-01-05,Senin,16:35,Laboratorium,Sistem Akademik,Sedang,WhatsApp,34,11.2,1,Tidak,Lewat SLA,3
TIK00206,2026-01-06,Selasa,07:05,Program Studi,Proyektor,Rendah,Form Online,66,4.0,2,Ya,Sesuai SLA,4
TIK00207,2026-01-06,Selasa,07:15,Perpustakaan,Sistem Akademik,Rendah,Form Online,103,11.4,2,Tidak,Sesuai SLA,1
TIK00208,2026-01-06,Selasa,07:20,Keuangan,Internet/WiFi,Sedang,WhatsApp,31,8.2,1,Tidak,Sesuai SLA,4
TIK00209,2026-01-06,Selasa,07:30,Keuangan,Akun/Login,Rendah,Email,73,2.3,1,Tidak,Sesuai SLA,4
TIK00210,2026-01-06,Selasa,07:35,Keuangan,Akun/Login,Rendah,Email,76,2.6,1,Tidak,Sesuai SLA,5
TIK00211,2026-01-06,Selasa,08:10,Akademik,Printer,Rendah,Email,101,3.7,1,Tidak,Sesuai SLA,4
TIK00212,2026-01-06,Selasa,08:15,Keuangan,Akun/Login,Sedang,Datang Langsung,76,2.1,1,Tidak,Sesuai SLA,4
TIK00213,2026-01-06,Selasa,08:40,Akademik,Akun/Login,Rendah,Form Online,66,3.9,1,Ya,Sesuai SLA,3
TIK00214,2026-01-06,Selasa,08:55,Kemahasiswaan,Sistem Akademik,Sedang,WhatsApp,39,11.8,1,Tidak,Lewat SLA,3
TIK00215,2026-01-06,Selasa,09:15,Kemahasiswaan,Printer,Rendah,WhatsApp,40,3.7,2,Tidak,Sesuai SLA,4
TIK00216,2026-01-06,Selasa,09:30,Laboratorium,Komputer/Laptop,Tinggi,Form Online,63,9.0,2,Tidak,Lewat SLA,3
TIK00217,2026-01-06,Selasa,09:30,Program Studi,Komputer/Laptop,Tinggi,Form Online,44,8.3,1,Tidak,Lewat SLA,3
TIK00218,2026-01-06,Selasa,09:35,Laboratorium,Sistem Akademik,Sedang,Email,80,13.9,1,Ya,Lewat SLA,3
TIK00219,2026-01-06,Selasa,09:40,Program Studi,Internet/WiFi,Rendah,Form Online,83,8.2,2,Tidak,Sesuai SLA,3
TIK00220,2026-01-06,Selasa,09:45,Program Studi,Komputer/Laptop,Rendah,Email,102,10.4,1,Ya,Sesuai SLA,3
TIK00221,2026-01-06,Selasa,09:55,Akademik,Akun/Login,Sedang,WhatsApp,39,5.7,1,Tidak,Sesuai SLA,4
TIK00222,2026-01-06,Selasa,10:00,Keuangan,Komputer/Laptop,Rendah,WhatsApp,59,5.1,2,Tidak,Sesuai SLA,4
TIK00223,2026-01-06,Selasa,10:15,Perpustakaan,Proyektor,Sedang,Form Online,57,4.2,1,Tidak,Sesuai SLA,4
TIK00224,2026-01-06,Selasa,10:20,Laboratorium,Sistem Akademik,Rendah,Email,90,10.7,2,Tidak,Sesuai SLA,3
TIK00225,2026-01-06,Selasa,10:30,Laboratorium,Printer,Tinggi,WhatsApp,30,6.5,2,Tidak,Lewat SLA,4
TIK00226,2026-01-06,Selasa,10:30,Umum,Internet/WiFi,Sedang,WhatsApp,32,8.7,1,Tidak,Sesuai SLA,4
TIK00227,2026-01-06,Selasa,10:35,Program Studi,Internet/WiFi,Sedang,Email,65,8.1,1,Tidak,Sesuai SLA,4
TIK00228,2026-01-06,Selasa,10:55,Akademik,Sistem Akademik,Rendah,Form Online,75,13.9,1,Ya,Sesuai SLA,3
TIK00229,2026-01-06,Selasa,11:10,Laboratorium,Komputer/Laptop,Sedang,Email,70,6.0,1,Tidak,Sesuai SLA,4
TIK00230,2026-01-06,Selasa,11:10,Program Studi,Internet/WiFi,Sedang,Form Online,58,12.7,1,Tidak,Lewat SLA,3
TIK00231,2026-01-06,Selasa,11:15,Kemahasiswaan,Sistem Akademik,Rendah,Form Online,75,10.8,1,Ya,Sesuai SLA,3
TIK00232,2026-01-06,Selasa,11:15,Keuangan,Komputer/Laptop,Tinggi,WhatsApp,21,7.7,2,Tidak,Lewat SLA,3
TIK00233,2026-01-06,Selasa,11:20,Akademik,Internet/WiFi,Rendah,WhatsApp,48,6.7,1,Tidak,Sesuai SLA,4
TIK00234,2026-01-06,Selasa,11:25,Kemahasiswaan,Sistem Akademik,Rendah,WhatsApp,45,11.2,2,Tidak,Sesuai SLA,5
TIK00235,2026-01-06,Selasa,11:30,Laboratorium,Komputer/Laptop,Tinggi,Email,53,8.2,2,Tidak,Lewat SLA,2
TIK00236,2026-01-06,Selasa,11:35,Laboratorium,Internet/WiFi,Sedang,Email,69,10.3,1,Ya,Lewat SLA,4
TIK00237,2026-01-06,Selasa,11:40,Laboratorium,Sistem Akademik,Sedang,Form Online,62,9.8,1,Tidak,Sesuai SLA,3
TIK00238,2026-01-06,Selasa,12:10,Akademik,Internet/WiFi,Sedang,Datang Langsung,35,14.7,2,Ya,Lewat SLA,3
TIK00239,2026-01-06,Selasa,12:30,Laboratorium,Internet/WiFi,Sedang,WhatsApp,41,9.9,1,Ya,Sesuai SLA,4
TIK00240,2026-01-06,Selasa,13:15,Akademik,Internet/WiFi,Sedang,Form Online,57,6.8,1,Tidak,Sesuai SLA,4
TIK00241,2026-01-06,Selasa,13:55,Akademik,Akun/Login,Sedang,Form Online,37,2.9,2,Tidak,Sesuai SLA,5
TIK00242,2026-01-06,Selasa,14:35,Keuangan,Sistem Akademik,Sedang,Form Online,44,9.5,1,Tidak,Sesuai SLA,3
TIK00243,2026-01-06,Selasa,14:35,Program Studi,Internet/WiFi,Sedang,WhatsApp,24,5.9,1,Tidak,Sesuai SLA,4
TIK00244,2026-01-06,Selasa,14:45,Perpustakaan,Komputer/Laptop,Sedang,Form Online,44,4.4,1,Tidak,Sesuai SLA,4
TIK00245,2026-01-06,Selasa,15:30,Umum,Komputer/Laptop,Rendah,Email,96,8.6,1,Tidak,Sesuai SLA,5
TIK00246,2026-01-06,Selasa,16:05,Kemahasiswaan,Internet/WiFi,Sedang,WhatsApp,31,10.3,1,Ya,Lewat SLA,3
TIK00247,2026-01-07,Rabu,07:15,Program Studi,Komputer/Laptop,Rendah,WhatsApp,42,5.7,1,Tidak,Sesuai SLA,4
TIK00248,2026-01-07,Rabu,07:25,Laboratorium,Komputer/Laptop,Rendah,WhatsApp,47,6.8,1,Tidak,Sesuai SLA,4
TIK00249,2026-01-07,Rabu,07:30,Akademik,Akun/Login,Rendah,Datang Langsung,47,2.2,2,Tidak,Sesuai SLA,4
TIK00250,2026-01-07,Rabu,07:35,Program Studi,Komputer/Laptop,Rendah,WhatsApp,40,8.4,1,Tidak,Sesuai SLA,3
TIK00251,2026-01-07,Rabu,07:40,Akademik,Komputer/Laptop,Rendah,WhatsApp,53,8.0,1,Ya,Sesuai SLA,3
TIK00252,2026-01-07,Rabu,07:50,Umum,Printer,Rendah,WhatsApp,51,5.0,1,Tidak,Sesuai SLA,5
TIK00253,2026-01-07,Rabu,08:20,Akademik,Internet/WiFi,Rendah,Datang Langsung,32,4.9,2,Tidak,Sesuai SLA,4
TIK00254,2026-01-07,Rabu,08:25,Kemahasiswaan,Akun/Login,Sedang,WhatsApp,26,6.5,1,Tidak,Sesuai SLA,5
TIK00255,2026-01-07,Rabu,09:10,Kemahasiswaan,Proyektor,Rendah,WhatsApp,67,6.4,1,Tidak,Sesuai SLA,5
TIK00256,2026-01-07,Rabu,09:30,Akademik,Sistem Akademik,Sedang,Form Online,67,12.0,2,Ya,Lewat SLA,3
TIK00257,2026-01-07,Rabu,09:50,Umum,Akun/Login,Rendah,Form Online,77,4.2,2,Tidak,Sesuai SLA,5
TIK00258,2026-01-07,Rabu,10:05,Akademik,Komputer/Laptop,Rendah,Email,73,6.0,1,Tidak,Sesuai SLA,4
TIK00259,2026-01-07,Rabu,10:15,Akademik,Sistem Akademik,Tinggi,Form Online,49,12.3,3,Ya,Lewat SLA,3
TIK00260,2026-01-07,Rabu,10:25,Program Studi,Akun/Login,Rendah,Datang Langsung,41,1.4,2,Tidak,Sesuai SLA,5
TIK00261,2026-01-07,Rabu,10:25,Program Studi,Internet/WiFi,Tinggi,WhatsApp,33,10.5,3,Ya,Lewat SLA,3
TIK00262,2026-01-07,Rabu,10:25,Akademik,Komputer/Laptop,Sedang,Datang Langsung,14,9.2,2,Tidak,Sesuai SLA,4
TIK00263,2026-01-07,Rabu,10:55,Laboratorium,Sistem Akademik,Sedang,WhatsApp,37,11.5,1,Ya,Lewat SLA,4
TIK00264,2026-01-07,Rabu,11:25,Umum,Proyektor,Rendah,Email,79,3.0,1,Tidak,Sesuai SLA,4
TIK00265,2026-01-07,Rabu,11:30,Keuangan,Printer,Tinggi,Form Online,29,4.7,1,Tidak,Sesuai SLA,4
TIK00266,2026-01-07,Rabu,11:45,Akademik,Printer,Rendah,Form Online,63,7.7,2,Ya,Sesuai SLA,4
TIK00267,2026-01-07,Rabu,11:55,Keuangan,Akun/Login,Rendah,Email,85,5.4,1,Tidak,Sesuai SLA,4
TIK00268,2026-01-07,Rabu,12:35,Laboratorium,Akun/Login,Sedang,Email,61,5.2,1,Tidak,Sesuai SLA,4
TIK00269,2026-01-07,Rabu,12:45,Perpustakaan,Internet/WiFi,Sedang,WhatsApp,71,7.2,2,Tidak,Sesuai SLA,4
TIK00270,2026-01-07,Rabu,12:50,Keuangan,Akun/Login,Rendah,Email,80,4.1,1,Tidak,Sesuai SLA,5
TIK00271,2026-01-07,Rabu,12:55,Keuangan,Internet/WiFi,Sedang,Email,69,7.6,1,Tidak,Sesuai SLA,3
TIK00272,2026-01-07,Rabu,13:15,Laboratorium,Komputer/Laptop,Rendah,Form Online,67,5.7,1,Tidak,Sesuai SLA,4
TIK00273,2026-01-07,Rabu,13:35,Keuangan,Akun/Login,Rendah,Form Online,74,3.1,1,Tidak,Sesuai SLA,5
TIK00274,2026-01-07,Rabu,13:50,Kemahasiswaan,Komputer/Laptop,Sedang,Datang Langsung,49,4.3,1,Tidak,Sesuai SLA,4
TIK00275,2026-01-07,Rabu,13:50,Kemahasiswaan,Akun/Login,Rendah,Datang Langsung,59,4.3,1,Ya,Sesuai SLA,4
TIK00276,2026-01-07,Rabu,14:10,Program Studi,Sistem Akademik,Sedang,WhatsApp,76,9.4,1,Tidak,Sesuai SLA,4
TIK00277,2026-01-07,Rabu,14:25,Laboratorium,Printer,Tinggi,WhatsApp,14,4.1,1,Tidak,Sesuai SLA,4
TIK00278,2026-01-07,Rabu,14:35,Keuangan,Printer,Rendah,Email,111,5.3,2,Ya,Sesuai SLA,4
TIK00279,2026-01-07,Rabu,14:45,Program Studi,Proyektor,Tinggi,Email,48,8.8,1,Ya,Lewat SLA,3
TIK00280,2026-01-07,Rabu,14:55,Perpustakaan,Sistem Akademik,Sedang,WhatsApp,73,11.9,1,Tidak,Lewat SLA,3
TIK00281,2026-01-07,Rabu,15:30,Program Studi,Internet/WiFi,Sedang,Form Online,62,8.2,1,Tidak,Sesuai SLA,4
TIK00282,2026-01-07,Rabu,16:30,Akademik,Printer,Rendah,WhatsApp,56,4.0,1,Tidak,Sesuai SLA,3
TIK00283,2026-01-08,Kamis,07:00,Program Studi,Komputer/Laptop,Rendah,Form Online,84,6.8,1,Ya,Sesuai SLA,4
TIK00284,2026-01-08,Kamis,07:30,Umum,Akun/Login,Sedang,Datang Langsung,44,4.9,1,Tidak,Sesuai SLA,5
TIK00285,2026-01-08,Kamis,07:35,Laboratorium,Printer,Tinggi,WhatsApp,15,3.9,2,Tidak,Sesuai SLA,5
TIK00286,2026-01-08,Kamis,07:50,Akademik,Printer,Sedang,Datang Langsung,20,4.5,1,Tidak,Sesuai SLA,5
TIK00287,2026-01-08,Kamis,07:50,Laboratorium,Internet/WiFi,Rendah,Datang Langsung,50,6.9,1,Tidak,Sesuai SLA,4
TIK00288,2026-01-08,Kamis,08:00,Akademik,Akun/Login,Rendah,Datang Langsung,33,1.9,1,Tidak,Sesuai SLA,4
TIK00289,2026-01-08,Kamis,08:00,Kemahasiswaan,Internet/WiFi,Sedang,Datang Langsung,17,8.7,1,Tidak,Sesuai SLA,4
TIK00290,2026-01-08,Kamis,08:05,Umum,Komputer/Laptop,Sedang,Email,78,7.6,1,Tidak,Sesuai SLA,4
TIK00291,2026-01-08,Kamis,08:20,Keuangan,Sistem Akademik,Sedang,Email,73,14.2,1,Ya,Lewat SLA,3
TIK00292,2026-01-08,Kamis,09:30,Program Studi,Internet/WiFi,Sedang,Email,63,10.6,2,Ya,Lewat SLA,3
TIK00293,2026-01-08,Kamis,09:55,Program Studi,Sistem Akademik,Sedang,Form Online,46,9.3,1,Tidak,Sesuai SLA,5
TIK00294,2026-01-08,Kamis,10:05,Akademik,Proyektor,Rendah,WhatsApp,43,3.2,1,Tidak,Sesuai SLA,5
TIK00295,2026-01-08,Kamis,10:10,Kemahasiswaan,Internet/WiFi,Rendah,WhatsApp,50,6.0,2,Tidak,Sesuai SLA,5
TIK00296,2026-01-08,Kamis,10:25,Program Studi,Printer,Sedang,Form Online,57,3.8,1,Tidak,Sesuai SLA,4
TIK00297,2026-01-08,Kamis,10:40,Kemahasiswaan,Komputer/Laptop,Sedang,Email,125,13.5,1,Tidak,Lewat SLA,3
TIK00298,2026-01-08,Kamis,10:50,Program Studi,Sistem Akademik,Sedang,WhatsApp,24,11.2,1,Tidak,Lewat SLA,3
TIK00299,2026-01-08,Kamis,10:50,Laboratorium,Internet/WiFi,Tinggi,Email,60,9.1,2,Tidak,Lewat SLA,3
TIK00300,2026-01-08,Kamis,10:55,Perpustakaan,Akun/Login,Tinggi,Email,65,5.4,1,Tidak,Sesuai SLA,3
TIK00301,2026-01-08,Kamis,11:10,Akademik,Internet/WiFi,Sedang,Form Online,38,7.6,1,Tidak,Sesuai SLA,5
TIK00302,2026-01-08,Kamis,11:45,Laboratorium,Akun/Login,Sedang,WhatsApp,52,1.8,1,Tidak,Sesuai SLA,5
TIK00303,2026-01-08,Kamis,11:55,Keuangan,Internet/WiFi,Sedang,WhatsApp,50,6.0,1,Tidak,Sesuai SLA,4
TIK00304,2026-01-08,Kamis,12:25,Akademik,Akun/Login,Sedang,WhatsApp,26,3.5,1,Tidak,Sesuai SLA,4
TIK00305,2026-01-08,Kamis,13:15,Akademik,Sistem Akademik,Rendah,Form Online,67,10.3,1,Tidak,Sesuai SLA,2
TIK00306,2026-01-08,Kamis,13:25,Kemahasiswaan,Internet/WiFi,Tinggi,Form Online,32,8.8,1,Tidak,Lewat SLA,4
TIK00307,2026-01-08,Kamis,13:45,Akademik,Komputer/Laptop,Rendah,Form Online,62,4.5,1,Tidak,Sesuai SLA,4
TIK00308,2026-01-08,Kamis,13:55,Keuangan,Komputer/Laptop,Rendah,Form Online,51,6.8,1,Tidak,Sesuai SLA,5
TIK00309,2026-01-08,Kamis,14:25,Keuangan,Internet/WiFi,Tinggi,Form Online,59,9.8,2,Ya,Lewat SLA,1
TIK00310,2026-01-08,Kamis,14:35,Akademik,Printer,Rendah,Form Online,99,6.3,2,Tidak,Sesuai SLA,4
TIK00311,2026-01-08,Kamis,15:00,Program Studi,Akun/Login,Rendah,WhatsApp,61,3.6,2,Tidak,Sesuai SLA,4
TIK00312,2026-01-08,Kamis,15:10,Laboratorium,Internet/WiFi,Sedang,WhatsApp,27,7.2,1,Tidak,Sesuai SLA,4
TIK00313,2026-01-08,Kamis,15:15,Program Studi,Sistem Akademik,Sedang,Datang Langsung,13,12.7,1,Tidak,Lewat SLA,4
TIK00314,2026-01-08,Kamis,16:00,Akademik,Komputer/Laptop,Rendah,Form Online,55,5.2,2,Tidak,Sesuai SLA,4
TIK00315,2026-01-08,Kamis,16:40,Kemahasiswaan,Sistem Akademik,Tinggi,Email,103,15.3,3,Tidak,Lewat SLA,2
TIK00316,2026-01-09,Jumat,07:10,Akademik,Printer,Rendah,Datang Langsung,27,2.3,2,Tidak,Sesuai SLA,5
TIK00317,2026-01-09,Jumat,07:25,Keuangan,Internet/WiFi,Rendah,Datang Langsung,29,5.2,1,Tidak,Sesuai SLA,4
TIK00318,2026-01-09,Jumat,07:40,Kemahasiswaan,Proyektor,Sedang,WhatsApp,31,5.3,1,Tidak,Sesuai SLA,4
TIK00319,2026-01-09,Jumat,07:40,Akademik,Sistem Akademik,Tinggi,WhatsApp,22,13.2,3,Ya,Lewat SLA,2
TIK00320,2026-01-09,Jumat,07:45,Kemahasiswaan,Internet/WiFi,Sedang,WhatsApp,37,6.2,1,Tidak,Sesuai SLA,4
TIK00321,2026-01-09,Jumat,07:50,Kemahasiswaan,Akun/Login,Rendah,Form Online,55,1.9,1,Tidak,Sesuai SLA,5
TIK00322,2026-01-09,Jumat,08:05,Kemahasiswaan,Sistem Akademik,Rendah,WhatsApp,46,11.4,1,Ya,Sesuai SLA,3
TIK00323,2026-01-09,Jumat,09:00,Laboratorium,Printer,Tinggi,WhatsApp,40,3.5,3,Tidak,Sesuai SLA,5
TIK00324,2026-01-09,Jumat,09:05,Laboratorium,Akun/Login,Sedang,WhatsApp,34,2.3,1,Tidak,Sesuai SLA,5
TIK00325,2026-01-09,Jumat,09:05,Keuangan,Sistem Akademik,Sedang,Form Online,41,12.4,2,Tidak,Lewat SLA,3
TIK00326,2026-01-09,Jumat,09:15,Keuangan,Printer,Rendah,WhatsApp,68,2.2,2,Tidak,Sesuai SLA,5
TIK00327,2026-01-09,Jumat,09:20,Kemahasiswaan,Akun/Login,Sedang,Datang Langsung,44,2.0,1,Tidak,Sesuai SLA,4
TIK00328,2026-01-09,Jumat,09:50,Program Studi,Sistem Akademik,Sedang,Email,64,13.0,1,Ya,Lewat SLA,3
TIK00329,2026-01-09,Jumat,10:05,Program Studi,Sistem Akademik,Rendah,Datang Langsung,48,9.4,1,Tidak,Sesuai SLA,3
TIK00330,2026-01-09,Jumat,10:10,Akademik,Internet/WiFi,Sedang,Email,66,8.6,1,Tidak,Sesuai SLA,4
TIK00331,2026-01-09,Jumat,10:15,Kemahasiswaan,Internet/WiFi,Tinggi,WhatsApp,43,8.6,1,Tidak,Lewat SLA,4
TIK00332,2026-01-09,Jumat,10:35,Program Studi,Printer,Rendah,Form Online,59,5.4,2,Tidak,Sesuai SLA,5
TIK00333,2026-01-09,Jumat,10:35,Laboratorium,Internet/WiFi,Sedang,Form Online,58,16.5,1,Ya,Lewat SLA,2
TIK00334,2026-01-09,Jumat,10:40,Kemahasiswaan,Akun/Login,Rendah,Email,85,3.2,2,Tidak,Sesuai SLA,3
TIK00335,2026-01-09,Jumat,11:00,Program Studi,Sistem Akademik,Sedang,WhatsApp,48,10.5,1,Tidak,Lewat SLA,3
TIK00336,2026-01-09,Jumat,11:00,Laboratorium,Sistem Akademik,Sedang,WhatsApp,35,10.7,1,Tidak,Lewat SLA,3
TIK00337,2026-01-09,Jumat,11:05,Laboratorium,Akun/Login,Sedang,WhatsApp,21,6.7,2,Tidak,Sesuai SLA,4
TIK00338,2026-01-09,Jumat,11:05,Kemahasiswaan,Proyektor,Rendah,Form Online,57,3.7,1,Tidak,Sesuai SLA,5
TIK00339,2026-01-09,Jumat,11:05,Keuangan,Printer,Rendah,WhatsApp,37,4.5,1,Tidak,Sesuai SLA,4
TIK00340,2026-01-09,Jumat,11:15,Keuangan,Proyektor,Sedang,WhatsApp,24,3.6,1,Tidak,Sesuai SLA,5
TIK00341,2026-01-09,Jumat,11:45,Kemahasiswaan,Akun/Login,Rendah,Email,75,4.8,1,Tidak,Sesuai SLA,4
TIK00342,2026-01-09,Jumat,11:50,Laboratorium,Sistem Akademik,Sedang,WhatsApp,47,13.5,1,Ya,Lewat SLA,3
TIK00343,2026-01-09,Jumat,11:50,Perpustakaan,Komputer/Laptop,Sedang,WhatsApp,43,6.9,1,Tidak,Sesuai SLA,5
TIK00344,2026-01-09,Jumat,12:10,Program Studi,Sistem Akademik,Rendah,Email,94,12.4,1,Tidak,Sesuai SLA,3
TIK00345,2026-01-09,Jumat,12:15,Akademik,Sistem Akademik,Sedang,WhatsApp,25,12.3,2,Tidak,Lewat SLA,4
TIK00346,2026-01-09,Jumat,12:20,Perpustakaan,Akun/Login,Sedang,Datang Langsung,33,1.0,1,Tidak,Sesuai SLA,5
TIK00347,2026-01-09,Jumat,12:30,Akademik,Printer,Rendah,Email,96,8.2,2,Tidak,Sesuai SLA,5
TIK00348,2026-01-09,Jumat,12:40,Program Studi,Komputer/Laptop,Rendah,Email,83,6.2,1,Tidak,Sesuai SLA,4
TIK00349,2026-01-09,Jumat,12:40,Akademik,Printer,Rendah,WhatsApp,42,3.3,1,Tidak,Sesuai SLA,5
TIK00350,2026-01-09,Jumat,13:45,Laboratorium,Internet/WiFi,Sedang,Email,60,13.2,2,Tidak,Lewat SLA,3
TIK00351,2026-01-09,Jumat,13:50,Laboratorium,Akun/Login,Sedang,WhatsApp,34,7.9,1,Ya,Sesuai SLA,4
TIK00352,2026-01-09,Jumat,13:50,Program Studi,Komputer/Laptop,Rendah,WhatsApp,36,5.6,2,Tidak,Sesuai SLA,4
TIK00353,2026-01-09,Jumat,13:55,Laboratorium,Komputer/Laptop,Tinggi,Email,55,10.8,3,Ya,Lewat SLA,3
TIK00354,2026-01-09,Jumat,14:40,Laboratorium,Akun/Login,Rendah,Datang Langsung,28,3.0,1,Tidak,Sesuai SLA,4
TIK00355,2026-01-09,Jumat,15:20,Akademik,Internet/WiFi,Sedang,Form Online,43,9.1,1,Ya,Sesuai SLA,4
TIK00356,2026-01-09,Jumat,15:40,Laboratorium,Printer,Sedang,WhatsApp,43,5.9,1,Ya,Sesuai SLA,4
TIK00357,2026-01-09,Jumat,15:45,Laboratorium,Internet/WiFi,Sedang,WhatsApp,27,10.4,1,Tidak,Lewat SLA,4
TIK00358,2026-01-09,Jumat,15:50,Program Studi,Sistem Akademik,Rendah,WhatsApp,42,13.9,1,Ya,Sesuai SLA,3
TIK00359,2026-01-09,Jumat,16:30,Program Studi,Komputer/Laptop,Rendah,WhatsApp,37,9.7,1,Tidak,Sesuai SLA,4
TIK00360,2026-01-09,Jumat,17:40,Program Studi,Internet/WiFi,Sedang,Datang Langsung,20,6.3,2,Tidak,Sesuai SLA,4
TIK00361,2026-01-10,Sabtu,07:05,Laboratorium,Akun/Login,Sedang,Form Online,55,1.3,1,Tidak,Sesuai SLA,5
TIK00362,2026-01-10,Sabtu,07:40,Laboratorium,Printer,Sedang,WhatsApp,32,3.9,1,Tidak,Sesuai SLA,5
TIK00363,2026-01-10,Sabtu,08:25,Umum,Proyektor,Rendah,WhatsApp,31,2.8,1,Tidak,Sesuai SLA,4
TIK00364,2026-01-10,Sabtu,08:35,Perpustakaan,Komputer/Laptop,Tinggi,WhatsApp,51,8.8,1,Tidak,Lewat SLA,4
TIK00365,2026-01-10,Sabtu,08:35,Umum,Internet/WiFi,Sedang,Email,89,8.8,1,Tidak,Sesuai SLA,4
TIK00366,2026-01-10,Sabtu,08:40,Program Studi,Sistem Akademik,Sedang,Email,86,11.4,1,Tidak,Lewat SLA,4
TIK00367,2026-01-10,Sabtu,08:45,Akademik,Akun/Login,Rendah,Datang Langsung,39,7.0,1,Tidak,Sesuai SLA,4
TIK00368,2026-01-10,Sabtu,08:45,Akademik,Sistem Akademik,Sedang,WhatsApp,47,10.0,1,Tidak,Sesuai SLA,4
TIK00369,2026-01-10,Sabtu,08:55,Perpustakaan,Komputer/Laptop,Rendah,Datang Langsung,30,5.3,2,Tidak,Sesuai SLA,5
TIK00370,2026-01-10,Sabtu,09:00,Keuangan,Proyektor,Rendah,WhatsApp,56,4.6,1,Tidak,Sesuai SLA,5
TIK00371,2026-01-10,Sabtu,09:05,Umum,Akun/Login,Rendah,WhatsApp,32,1.7,1,Tidak,Sesuai SLA,5
TIK00372,2026-01-10,Sabtu,09:10,Keuangan,Internet/WiFi,Rendah,WhatsApp,56,6.9,2,Tidak,Sesuai SLA,5
TIK00373,2026-01-10,Sabtu,09:15,Akademik,Komputer/Laptop,Sedang,WhatsApp,27,5.7,1,Tidak,Sesuai SLA,4
TIK00374,2026-01-10,Sabtu,09:25,Akademik,Akun/Login,Rendah,Email,77,3.5,1,Tidak,Sesuai SLA,3
TIK00375,2026-01-10,Sabtu,09:35,Keuangan,Akun/Login,Rendah,Datang Langsung,37,0.5,1,Tidak,Sesuai SLA,4
TIK00376,2026-01-10,Sabtu,10:00,Kemahasiswaan,Internet/WiFi,Sedang,Email,63,12.0,2,Ya,Lewat SLA,3
TIK00377,2026-01-10,Sabtu,10:20,Laboratorium,Akun/Login,Rendah,Datang Langsung,28,2.4,1,Tidak,Sesuai SLA,5
TIK00378,2026-01-10,Sabtu,10:55,Keuangan,Komputer/Laptop,Rendah,WhatsApp,49,9.8,2,Ya,Sesuai SLA,5
TIK00379,2026-01-10,Sabtu,11:05,Akademik,Akun/Login,Rendah,WhatsApp,48,2.7,1,Tidak,Sesuai SLA,5
TIK00380,2026-01-10,Sabtu,11:10,Akademik,Internet/WiFi,Tinggi,Email,54,7.9,1,Tidak,Lewat SLA,3
TIK00381,2026-01-10,Sabtu,11:55,Kemahasiswaan,Sistem Akademik,Rendah,Form Online,82,10.3,1,Tidak,Sesuai SLA,4
TIK00382,2026-01-10,Sabtu,12:10,Umum,Internet/WiFi,Rendah,WhatsApp,56,7.8,1,Tidak,Sesuai SLA,4
TIK00383,2026-01-10,Sabtu,12:15,Akademik,Internet/WiFi,Tinggi,Form Online,60,11.0,1,Ya,Lewat SLA,3
TIK00384,2026-01-10,Sabtu,12:30,Kemahasiswaan,Internet/WiFi,Rendah,WhatsApp,47,7.0,1,Tidak,Sesuai SLA,4
TIK00385,2026-01-10,Sabtu,12:55,Kemahasiswaan,Printer,Sedang,WhatsApp,34,5.3,2,Tidak,Sesuai SLA,4
TIK00386,2026-01-10,Sabtu,13:05,Akademik,Internet/WiFi,Rendah,WhatsApp,65,8.3,2,Tidak,Sesuai SLA,4
TIK00387,2026-01-10,Sabtu,13:30,Program Studi,Sistem Akademik,Rendah,WhatsApp,82,11.1,1,Tidak,Sesuai SLA,4
TIK00388,2026-01-10,Sabtu,13:50,Program Studi,Akun/Login,Rendah,Email,118,4.5,1,Tidak,Sesuai SLA,3
TIK00389,2026-01-10,Sabtu,14:05,Umum,Sistem Akademik,Rendah,Datang Langsung,31,8.8,1,Tidak,Sesuai SLA,3
TIK00390,2026-01-10,Sabtu,15:10,Keuangan,Akun/Login,Rendah,Email,69,7.0,1,Ya,Sesuai SLA,4
TIK00391,2026-01-10,Sabtu,16:15,Akademik,Akun/Login,Rendah,Datang Langsung,27,0.8,2,Tidak,Sesuai SLA,5
TIK00392,2026-01-10,Sabtu,16:35,Perpustakaan,Internet/WiFi,Sedang,WhatsApp,38,8.9,1,Tidak,Sesuai SLA,3
TIK00393,2026-01-11,Minggu,07:10,Kemahasiswaan,Komputer/Laptop,Rendah,WhatsApp,58,6.5,1,Tidak,Sesuai SLA,3
TIK00394,2026-01-11,Minggu,07:10,Akademik,Printer,Rendah,WhatsApp,48,5.6,2,Tidak,Sesuai SLA,3
TIK00395,2026-01-11,Minggu,07:15,Akademik,Proyektor,Rendah,Datang Langsung,60,1.8,1,Tidak,Sesuai SLA,5
TIK00396,2026-01-11,Minggu,07:20,Akademik,Sistem Akademik,Tinggi,Form Online,55,12.1,3,Ya,Lewat SLA,3
TIK00397,2026-01-11,Minggu,07:35,Laboratorium,Akun/Login,Rendah,Email,88,2.8,1,Tidak,Sesuai SLA,4
TIK00398,2026-01-11,Minggu,07:35,Akademik,Internet/WiFi,Rendah,Email,88,9.4,2,Ya,Sesuai SLA,3
TIK00399,2026-01-11,Minggu,07:50,Laboratorium,Internet/WiFi,Sedang,Datang Langsung,32,7.5,1,Tidak,Sesuai SLA,4
TIK00400,2026-01-11,Minggu,08:00,Program Studi,Komputer/Laptop,Rendah,WhatsApp,47,6.6,2,Tidak,Sesuai SLA,4
TIK00401,2026-01-11,Minggu,08:20,Akademik,Sistem Akademik,Rendah,WhatsApp,40,7.8,1,Tidak,Sesuai SLA,3
TIK00402,2026-01-11,Minggu,08:20,Keuangan,Internet/WiFi,Rendah,Datang Langsung,26,9.9,1,Tidak,Sesuai SLA,4
TIK00403,2026-01-11,Minggu,08:50,Umum,Sistem Akademik,Rendah,WhatsApp,119,8.6,1,Tidak,Sesuai SLA,3
TIK00404,2026-01-11,Minggu,09:00,Akademik,Sistem Akademik,Sedang,Form Online,57,8.8,1,Tidak,Sesuai SLA,4
TIK00405,2026-01-11,Minggu,09:05,Perpustakaan,Internet/WiFi,Tinggi,WhatsApp,30,10.6,1,Ya,Lewat SLA,4
TIK00406,2026-01-11,Minggu,09:20,Keuangan,Internet/WiFi,Rendah,WhatsApp,43,7.7,2,Tidak,Sesuai SLA,4
TIK00407,2026-01-11,Minggu,10:00,Akademik,Sistem Akademik,Rendah,Form Online,61,6.6,1,Tidak,Sesuai SLA,4
TIK00408,2026-01-11,Minggu,10:00,Program Studi,Komputer/Laptop,Rendah,WhatsApp,68,5.0,1,Tidak,Sesuai SLA,4
TIK00409,2026-01-11,Minggu,10:20,Perpustakaan,Internet/WiFi,Tinggi,Form Online,36,10.2,1,Ya,Lewat SLA,3
TIK00410,2026-01-11,Minggu,10:25,Program Studi,Printer,Rendah,Form Online,60,2.0,1,Tidak,Sesuai SLA,5
TIK00411,2026-01-11,Minggu,10:40,Program Studi,Printer,Rendah,Email,82,4.5,1,Tidak,Sesuai SLA,4
TIK00412,2026-01-11,Minggu,10:40,Laboratorium,Komputer/Laptop,Rendah,WhatsApp,38,8.6,2,Ya,Sesuai SLA,4
TIK00413,2026-01-11,Minggu,10:50,Keuangan,Komputer/Laptop,Tinggi,WhatsApp,17,10.5,1,Tidak,Lewat SLA,4
TIK00414,2026-01-11,Minggu,10:50,Program Studi,Internet/WiFi,Sedang,WhatsApp,26,7.2,2,Tidak,Sesuai SLA,4
TIK00415,2026-01-11,Minggu,10:50,Laboratorium,Sistem Akademik,Sedang,Form Online,40,10.3,2,Ya,Lewat SLA,3
TIK00416,2026-01-11,Minggu,10:50,Keuangan,Internet/WiFi,Rendah,WhatsApp,43,7.7,1,Tidak,Sesuai SLA,5
TIK00417,2026-01-11,Minggu,11:10,Kemahasiswaan,Akun/Login,Tinggi,WhatsApp,25,6.0,2,Tidak,Sesuai SLA,5
TIK00418,2026-01-11,Minggu,11:15,Keuangan,Internet/WiFi,Rendah,WhatsApp,83,6.4,2,Tidak,Sesuai SLA,4
TIK00419,2026-01-11,Minggu,11:20,Perpustakaan,Internet/WiFi,Sedang,WhatsApp,65,8.2,1,Ya,Sesuai SLA,4
TIK00420,2026-01-11,Minggu,11:45,Keuangan,Printer,Rendah,Form Online,56,7.1,1,Tidak,Sesuai SLA,4
TIK00421,2026-01-11,Minggu,11:55,Kemahasiswaan,Akun/Login,Rendah,WhatsApp,53,4.2,1,Ya,Sesuai SLA,4
TIK00422,2026-01-11,Minggu,12:05,Akademik,Akun/Login,Sedang,WhatsApp,32,1.8,1,Tidak,Sesuai SLA,4
TIK00423,2026-01-11,Minggu,12:05,Kemahasiswaan,Internet/WiFi,Sedang,WhatsApp,43,5.8,1,Tidak,Sesuai SLA,4
TIK00424,2026-01-11,Minggu,12:20,Umum,Printer,Rendah,WhatsApp,43,5.4,1,Tidak,Sesuai SLA,5
TIK00425,2026-01-11,Minggu,12:25,Umum,Internet/WiFi,Rendah,Form Online,75,7.9,2,Tidak,Sesuai SLA,3
TIK00426,2026-01-11,Minggu,12:35,Program Studi,Printer,Rendah,Datang Langsung,41,4.0,1,Tidak,Sesuai SLA,4
TIK00427,2026-01-11,Minggu,12:45,Program Studi,Internet/WiFi,Sedang,Datang Langsung,33,6.0,1,Tidak,Sesuai SLA,4
TIK00428,2026-01-11,Minggu,12:50,Program Studi,Proyektor,Sedang,WhatsApp,42,3.3,1,Tidak,Sesuai SLA,5
TIK00429,2026-01-11,Minggu,13:20,Umum,Sistem Akademik,Tinggi,WhatsApp,52,9.7,2,Tidak,Lewat SLA,3
TIK00430,2026-01-11,Minggu,13:20,Perpustakaan,Internet/WiFi,Sedang,Datang Langsung,44,5.3,2,Tidak,Sesuai SLA,4
TIK00431,2026-01-11,Minggu,13:25,Akademik,Internet/WiFi,Sedang,Form Online,66,8.0,1,Tidak,Sesuai SLA,4
TIK00432,2026-01-11,Minggu,13:40,Perpustakaan,Akun/Login,Rendah,Email,99,4.4,1,Tidak,Sesuai SLA,5
TIK00433,2026-01-11,Minggu,13:45,Keuangan,Printer,Tinggi,WhatsApp,30,5.4,2,Tidak,Sesuai SLA,4
TIK00434,2026-01-11,Minggu,14:25,Akademik,Printer,Rendah,WhatsApp,42,4.6,1,Tidak,Sesuai SLA,4
TIK00435,2026-01-11,Minggu,15:00,Kemahasiswaan,Sistem Akademik,Rendah,Form Online,75,11.2,1,Ya,Sesuai SLA,4
TIK00436,2026-01-11,Minggu,16:10,Akademik,Sistem Akademik,Rendah,Email,73,11.2,1,Tidak,Sesuai SLA,3
TIK00437,2026-01-11,Minggu,16:10,Kemahasiswaan,Internet/WiFi,Sedang,Form Online,47,6.0,2,Tidak,Sesuai SLA,4
TIK00438,2026-01-12,Senin,07:00,Umum,Proyektor,Rendah,Form Online,56,2.3,1,Tidak,Sesuai SLA,5
TIK00439,2026-01-12,Senin,07:05,Umum,Sistem Akademik,Rendah,Form Online,58,11.2,2,Tidak,Sesuai SLA,3
TIK00440,2026-01-12,Senin,07:10,Keuangan,Internet/WiFi,Tinggi,Datang Langsung,35,12.0,1,Ya,Lewat SLA,4
TIK00441,2026-01-12,Senin,07:20,Akademik,Akun/Login,Rendah,WhatsApp,44,1.7,1,Tidak,Sesuai SLA,5
TIK00442,2026-01-12,Senin,07:20,Program Studi,Akun/Login,Rendah,Datang Langsung,30,3.6,1,Tidak,Sesuai SLA,3
TIK00443,2026-01-12,Senin,07:40,Akademik,Printer,Rendah,Datang Langsung,28,2.7,1,Tidak,Sesuai SLA,5
TIK00444,2026-01-12,Senin,08:10,Umum,Komputer/Laptop,Tinggi,Form Online,34,8.4,3,Tidak,Lewat SLA,4
TIK00445,2026-01-12,Senin,08:15,Laboratorium,Akun/Login,Rendah,Datang Langsung,44,1.4,1,Tidak,Sesuai SLA,5
TIK00446,2026-01-12,Senin,08:25,Umum,Akun/Login,Rendah,Email,83,2.6,2,Tidak,Sesuai SLA,3
TIK00447,2026-01-12,Senin,08:30,Laboratorium,Internet/WiFi,Rendah,WhatsApp,51,7.5,1,Tidak,Sesuai SLA,4
TIK00448,2026-01-12,Senin,08:45,Program Studi,Komputer/Laptop,Rendah,Email,81,6.9,2,Tidak,Sesuai SLA,4
TIK00449,2026-01-12,Senin,08:45,Akademik,Internet/WiFi,Rendah,Form Online,63,5.3,1,Tidak,Sesuai SLA,4
TIK00450,2026-01-12,Senin,09:00,Kemahasiswaan,Sistem Akademik,Sedang,Form Online,62,7.5,1,Tidak,Sesuai SLA,4
TIK00451,2026-01-12,Senin,09:05,Kemahasiswaan,Proyektor,Sedang,Form Online,77,3.3,1,Tidak,Sesuai SLA,3
TIK00452,2026-01-12,Senin,09:05,Akademik,Internet/WiFi,Rendah,WhatsApp,74,10.3,2,Tidak,Sesuai SLA,3
TIK00453,2026-01-12,Senin,09:05,Akademik,Sistem Akademik,Tinggi,Form Online,44,11.6,3,Tidak,Lewat SLA,3
TIK00454,2026-01-12,Senin,09:10,Umum,Internet/WiFi,Tinggi,Form Online,43,10.5,2,Ya,Lewat SLA,3
TIK00455,2026-01-12,Senin,09:10,Laboratorium,Akun/Login,Sedang,WhatsApp,23,2.8,1,Tidak,Sesuai SLA,5
TIK00456,2026-01-12,Senin,09:15,Program Studi,Komputer/Laptop,Sedang,Datang Langsung,57,6.1,1,Tidak,Sesuai SLA,5
TIK00457,2026-01-12,Senin,09:40,Akademik,Proyektor,Rendah,Form Online,62,3.8,1,Tidak,Sesuai SLA,3
TIK00458,2026-01-12,Senin,09:50,Umum,Komputer/Laptop,Rendah,WhatsApp,39,5.8,1,Tidak,Sesuai SLA,4
TIK00459,2026-01-12,Senin,10:00,Laboratorium,Internet/WiFi,Rendah,WhatsApp,60,7.3,1,Tidak,Sesuai SLA,4
TIK00460,2026-01-12,Senin,10:10,Kemahasiswaan,Sistem Akademik,Rendah,Form Online,64,13.3,1,Ya,Sesuai SLA,4
TIK00461,2026-01-12,Senin,10:15,Akademik,Internet/WiFi,Tinggi,Email,53,10.0,1,Tidak,Lewat SLA,2
TIK00462,2026-01-12,Senin,10:25,Perpustakaan,Internet/WiFi,Rendah,Form Online,54,7.5,1,Tidak,Sesuai SLA,4
TIK00463,2026-01-12,Senin,10:45,Laboratorium,Sistem Akademik,Sedang,Datang Langsung,67,13.5,1,Ya,Lewat SLA,2
TIK00464,2026-01-12,Senin,10:55,Akademik,Proyektor,Rendah,WhatsApp,98,6.9,2,Tidak,Sesuai SLA,3
TIK00465,2026-01-12,Senin,11:05,Kemahasiswaan,Internet/WiFi,Rendah,Form Online,66,7.6,2,Tidak,Sesuai SLA,3
TIK00466,2026-01-12,Senin,11:10,Perpustakaan,Printer,Sedang,Form Online,50,3.5,1,Tidak,Sesuai SLA,5
TIK00467,2026-01-12,Senin,11:20,Laboratorium,Internet/WiFi,Tinggi,Email,56,8.5,2,Tidak,Lewat SLA,2
TIK00468,2026-01-12,Senin,11:20,Laboratorium,Proyektor,Rendah,WhatsApp,36,2.4,1,Tidak,Sesuai SLA,5
TIK00469,2026-01-12,Senin,11:20,Kemahasiswaan,Sistem Akademik,Tinggi,Email,71,11.3,1,Tidak,Lewat SLA,3
TIK00470,2026-01-12,Senin,11:30,Akademik,Printer,Rendah,Form Online,88,3.9,1,Tidak,Sesuai SLA,4
TIK00471,2026-01-12,Senin,11:35,Umum,Internet/WiFi,Sedang,Form Online,50,9.7,1,Tidak,Sesuai SLA,4
TIK00472,2026-01-12,Senin,11:40,Keuangan,Sistem Akademik,Sedang,WhatsApp,21,12.2,1,Ya,Lewat SLA,3
TIK00473,2026-01-12,Senin,11:45,Program Studi,Komputer/Laptop,Rendah,Form Online,70,4.2,1,Tidak,Sesuai SLA,4
TIK00474,2026-01-12,Senin,12:00,Laboratorium,Akun/Login,Rendah,Email,70,6.8,1,Tidak,Sesuai SLA,4
TIK00475,2026-01-12,Senin,12:00,Akademik,Komputer/Laptop,Rendah,Form Online,66,5.7,1,Tidak,Sesuai SLA,5
TIK00476,2026-01-12,Senin,12:15,Umum,Internet/WiFi,Tinggi,Form Online,40,7.9,1,Tidak,Lewat SLA,3
TIK00477,2026-01-12,Senin,12:20,Laboratorium,Sistem Akademik,Rendah,WhatsApp,54,7.6,2,Tidak,Sesuai SLA,4
TIK00478,2026-01-12,Senin,12:20,Keuangan,Printer,Rendah,Datang Langsung,41,2.6,1,Tidak,Sesuai SLA,5
TIK00479,2026-01-12,Senin,12:30,Keuangan,Komputer/Laptop,Rendah,WhatsApp,77,8.8,1,Tidak,Sesuai SLA,3
TIK00480,2026-01-12,Senin,12:30,Keuangan,Internet/WiFi,Rendah,Datang Langsung,66,6.1,1,Tidak,Sesuai SLA,4
TIK00481,2026-01-12,Senin,12:40,Perpustakaan,Akun/Login,Sedang,Form Online,51,3.8,2,Tidak,Sesuai SLA,4
TIK00482,2026-01-12,Senin,12:55,Program Studi,Sistem Akademik,Sedang,WhatsApp,31,8.3,2,Tidak,Sesuai SLA,4
TIK00483,2026-01-12,Senin,13:10,Kemahasiswaan,Internet/WiFi,Rendah,WhatsApp,34,7.9,1,Tidak,Sesuai SLA,4
TIK00484,2026-01-12,Senin,13:30,Akademik,Internet/WiFi,Rendah,Datang Langsung,60,6.3,1,Tidak,Sesuai SLA,4
TIK00485,2026-01-12,Senin,13:50,Program Studi,Internet/WiFi,Tinggi,Form Online,53,9.1,1,Tidak,Lewat SLA,4
TIK00486,2026-01-12,Senin,14:40,Laboratorium,Internet/WiFi,Sedang,WhatsApp,36,12.2,2,Tidak,Lewat SLA,2
TIK00487,2026-01-12,Senin,15:10,Keuangan,Akun/Login,Rendah,Form Online,70,3.9,1,Tidak,Sesuai SLA,5
TIK00488,2026-01-13,Selasa,07:05,Program Studi,Akun/Login,Rendah,WhatsApp,52,2.9,1,Tidak,Sesuai SLA,5
TIK00489,2026-01-13,Selasa,07:20,Akademik,Komputer/Laptop,Rendah,Form Online,64,6.7,1,Tidak,Sesuai SLA,5
TIK00490,2026-01-13,Selasa,07:25,Umum,Proyektor,Rendah,WhatsApp,42,4.9,1,Tidak,Sesuai SLA,4
TIK00491,2026-01-13,Selasa,07:30,Perpustakaan,Internet/WiFi,Rendah,WhatsApp,38,9.5,2,Ya,Sesuai SLA,4
TIK00492,2026-01-13,Selasa,08:15,Program Studi,Internet/WiFi,Tinggi,Form Online,55,13.8,3,Ya,Lewat SLA,3
TIK00493,2026-01-13,Selasa,08:40,Kemahasiswaan,Komputer/Laptop,Tinggi,WhatsApp,30,6.1,3,Tidak,Lewat SLA,4
TIK00494,2026-01-13,Selasa,08:50,Umum,Proyektor,Sedang,Email,64,3.5,1,Tidak,Sesuai SLA,5
TIK00495,2026-01-13,Selasa,08:55,Keuangan,Proyektor,Tinggi,Form Online,44,4.4,2,Tidak,Sesuai SLA,5
TIK00496,2026-01-13,Selasa,09:05,Kemahasiswaan,Akun/Login,Tinggi,Datang Langsung,11,8.7,3,Ya,Lewat SLA,3
TIK00497,2026-01-13,Selasa,09:05,Perpustakaan,Internet/WiFi,Rendah,Form Online,65,7.9,1,Tidak,Sesuai SLA,4
TIK00498,2026-01-13,Selasa,09:35,Akademik,Akun/Login,Rendah,Form Online,76,2.2,1,Tidak,Sesuai SLA,4
TIK00499,2026-01-13,Selasa,09:35,Program Studi,Sistem Akademik,Sedang,Form Online,67,14.1,2,Ya,Lewat SLA,4
TIK00500,2026-01-13,Selasa,09:35,Umum,Internet/WiFi,Sedang,WhatsApp,27,6.9,1,Tidak,Sesuai SLA,4
TIK00501,2026-01-13,Selasa,09:40,Program Studi,Komputer/Laptop,Rendah,WhatsApp,35,6.4,1,Tidak,Sesuai SLA,4
TIK00502,2026-01-13,Selasa,09:45,Program Studi,Printer,Rendah,WhatsApp,50,2.7,1,Tidak,Sesuai SLA,4
TIK00503,2026-01-13,Selasa,09:55,Keuangan,Sistem Akademik,Sedang,WhatsApp,62,8.1,1,Tidak,Sesuai SLA,4
TIK00504,2026-01-13,Selasa,10:00,Kemahasiswaan,Akun/Login,Rendah,Form Online,59,3.2,1,Tidak,Sesuai SLA,5
TIK00505,2026-01-13,Selasa,10:05,Perpustakaan,Printer,Tinggi,Form Online,32,4.6,1,Tidak,Sesuai SLA,5
TIK00506,2026-01-13,Selasa,10:05,Akademik,Sistem Akademik,Sedang,Form Online,62,14.5,2,Ya,Lewat SLA,2
TIK00507,2026-01-13,Selasa,11:00,Laboratorium,Komputer/Laptop,Sedang,Email,90,6.9,1,Tidak,Sesuai SLA,3
TIK00508,2026-01-13,Selasa,11:25,Perpustakaan,Komputer/Laptop,Rendah,WhatsApp,55,6.2,1,Tidak,Sesuai SLA,4
TIK00509,2026-01-13,Selasa,11:30,Keuangan,Printer,Rendah,Form Online,88,5.7,1,Tidak,Sesuai SLA,4
TIK00510,2026-01-13,Selasa,11:30,Akademik,Internet/WiFi,Sedang,Email,64,11.9,1,Ya,Lewat SLA,3
TIK00511,2026-01-13,Selasa,11:35,Program Studi,Komputer/Laptop,Tinggi,WhatsApp,14,8.8,1,Tidak,Lewat SLA,4
TIK00512,2026-01-13,Selasa,11:40,Laboratorium,Akun/Login,Sedang,Form Online,43,3.8,1,Tidak,Sesuai SLA,4
TIK00513,2026-01-13,Selasa,11:50,Program Studi,Internet/WiFi,Rendah,WhatsApp,66,9.0,1,Ya,Sesuai SLA,3
TIK00514,2026-01-13,Selasa,12:00,Kemahasiswaan,Internet/WiFi,Rendah,WhatsApp,75,6.3,1,Tidak,Sesuai SLA,4
TIK00515,2026-01-13,Selasa,12:50,Program Studi,Proyektor,Rendah,Form Online,92,2.0,1,Tidak,Sesuai SLA,4
TIK00516,2026-01-13,Selasa,13:10,Kemahasiswaan,Printer,Rendah,WhatsApp,40,2.9,1,Tidak,Sesuai SLA,5
TIK00517,2026-01-13,Selasa,13:25,Perpustakaan,Sistem Akademik,Sedang,Datang Langsung,20,7.2,2,Tidak,Sesuai SLA,5
TIK00518,2026-01-13,Selasa,13:45,Perpustakaan,Internet/WiFi,Rendah,Form Online,59,7.1,2,Tidak,Sesuai SLA,3
TIK00519,2026-01-13,Selasa,13:50,Keuangan,Internet/WiFi,Sedang,Datang Langsung,30,6.5,1,Tidak,Sesuai SLA,5
TIK00520,2026-01-13,Selasa,13:50,Akademik,Proyektor,Sedang,Email,64,9.0,1,Tidak,Sesuai SLA,5
TIK00521,2026-01-13,Selasa,13:55,Akademik,Printer,Rendah,WhatsApp,43,2.7,1,Tidak,Sesuai SLA,5
TIK00522,2026-01-13,Selasa,13:55,Program Studi,Sistem Akademik,Sedang,Email,74,10.3,1,Tidak,Lewat SLA,2
TIK00523,2026-01-13,Selasa,14:00,Program Studi,Akun/Login,Rendah,Form Online,63,1.8,1,Tidak,Sesuai SLA,4
TIK00524,2026-01-13,Selasa,14:05,Akademik,Komputer/Laptop,Rendah,Form Online,53,6.0,1,Tidak,Sesuai SLA,3
TIK00525,2026-01-13,Selasa,14:20,Akademik,Akun/Login,Sedang,Form Online,51,2.4,1,Tidak,Sesuai SLA,4
TIK00526,2026-01-13,Selasa,14:30,Keuangan,Proyektor,Rendah,WhatsApp,42,6.4,2,Tidak,Sesuai SLA,4
TIK00527,2026-01-13,Selasa,14:35,Laboratorium,Sistem Akademik,Tinggi,WhatsApp,18,9.5,2,Tidak,Lewat SLA,4
TIK00528,2026-01-13,Selasa,14:55,Laboratorium,Akun/Login,Tinggi,Email,63,9.4,1,Tidak,Lewat SLA,4
TIK00529,2026-01-13,Selasa,15:45,Perpustakaan,Internet/WiFi,Rendah,WhatsApp,44,7.1,1,Tidak,Sesuai SLA,5
TIK00530,2026-01-13,Selasa,15:50,Laboratorium,Sistem Akademik,Sedang,Form Online,78,9.5,1,Tidak,Sesuai SLA,3
TIK00531,2026-01-13,Selasa,16:00,Kemahasiswaan,Proyektor,Sedang,Form Online,43,3.7,1,Tidak,Sesuai SLA,5
TIK00532,2026-01-13,Selasa,16:10,Akademik,Sistem Akademik,Sedang,WhatsApp,31,7.8,1,Tidak,Sesuai SLA,4
TIK00533,2026-01-14,Rabu,07:15,Laboratorium,Internet/WiFi,Sedang,Form Online,49,11.8,1,Ya,Lewat SLA,3
TIK00534,2026-01-14,Rabu,07:35,Laboratorium,Komputer/Laptop,Sedang,WhatsApp,47,6.1,1,Tidak,Sesuai SLA,4
TIK00535,2026-01-14,Rabu,08:30,Laboratorium,Internet/WiFi,Rendah,Datang Langsung,37,7.6,1,Tidak,Sesuai SLA,4
TIK00536,2026-01-14,Rabu,08:40,Umum,Sistem Akademik,Tinggi,WhatsApp,29,9.1,3,Tidak,Lewat SLA,3
TIK00537,2026-01-14,Rabu,09:00,Program Studi,Akun/Login,Rendah,WhatsApp,76,4.8,1,Tidak,Sesuai SLA,5
TIK00538,2026-01-14,Rabu,09:05,Laboratorium,Komputer/Laptop,Sedang,Form Online,47,7.0,1,Tidak,Sesuai SLA,4
TIK00539,2026-01-14,Rabu,09:20,Keuangan,Internet/WiFi,Rendah,Email,82,8.3,1,Tidak,Sesuai SLA,4
TIK00540,2026-01-14,Rabu,09:30,Program Studi,Internet/WiFi,Rendah,WhatsApp,35,7.5,1,Ya,Sesuai SLA,4
TIK00541,2026-01-14,Rabu,09:35,Keuangan,Sistem Akademik,Tinggi,Form Online,44,10.4,1,Tidak,Lewat SLA,4
TIK00542,2026-01-14,Rabu,09:45,Umum,Komputer/Laptop,Sedang,Datang Langsung,24,4.3,1,Tidak,Sesuai SLA,4
TIK00543,2026-01-14,Rabu,09:55,Program Studi,Akun/Login,Rendah,Form Online,54,4.1,1,Tidak,Sesuai SLA,3
TIK00544,2026-01-14,Rabu,10:00,Program Studi,Komputer/Laptop,Rendah,WhatsApp,78,5.2,1,Tidak,Sesuai SLA,3
TIK00545,2026-01-14,Rabu,10:20,Laboratorium,Internet/WiFi,Sedang,Form Online,76,11.3,1,Tidak,Lewat SLA,4
TIK00546,2026-01-14,Rabu,10:30,Umum,Komputer/Laptop,Rendah,Form Online,70,8.2,1,Ya,Sesuai SLA,3
TIK00547,2026-01-14,Rabu,10:40,Program Studi,Printer,Rendah,Form Online,53,6.0,2,Tidak,Sesuai SLA,4
TIK00548,2026-01-14,Rabu,10:50,Laboratorium,Internet/WiFi,Sedang,WhatsApp,26,7.9,2,Tidak,Sesuai SLA,4
TIK00549,2026-01-14,Rabu,10:50,Akademik,Sistem Akademik,Tinggi,Datang Langsung,28,13.1,1,Ya,Lewat SLA,3
TIK00550,2026-01-14,Rabu,11:10,Kemahasiswaan,Sistem Akademik,Rendah,WhatsApp,59,11.3,1,Ya,Sesuai SLA,4
TIK00551,2026-01-14,Rabu,11:15,Perpustakaan,Akun/Login,Tinggi,Email,67,8.9,2,Tidak,Lewat SLA,4
TIK00552,2026-01-14,Rabu,11:20,Umum,Internet/WiFi,Sedang,Form Online,59,6.7,2,Tidak,Sesuai SLA,4
TIK00553,2026-01-14,Rabu,11:25,Program Studi,Komputer/Laptop,Sedang,WhatsApp,28,5.9,1,Tidak,Sesuai SLA,4
TIK00554,2026-01-14,Rabu,11:45,Laboratorium,Akun/Login,Sedang,Datang Langsung,29,2.6,1,Tidak,Sesuai SLA,5
TIK00555,2026-01-14,Rabu,11:55,Program Studi,Komputer/Laptop,Rendah,Form Online,51,5.9,2,Tidak,Sesuai SLA,4
TIK00556,2026-01-14,Rabu,12:30,Akademik,Proyektor,Rendah,WhatsApp,38,6.4,1,Tidak,Sesuai SLA,3
TIK00557,2026-01-14,Rabu,12:30,Perpustakaan,Akun/Login,Tinggi,Email,61,7.0,2,Tidak,Lewat SLA,3
TIK00558,2026-01-14,Rabu,12:50,Kemahasiswaan,Akun/Login,Sedang,Datang Langsung,40,3.6,1,Tidak,Sesuai SLA,4
TIK00559,2026-01-14,Rabu,12:50,Laboratorium,Internet/WiFi,Rendah,WhatsApp,47,7.5,2,Tidak,Sesuai SLA,4
TIK00560,2026-01-14,Rabu,12:55,Program Studi,Akun/Login,Rendah,WhatsApp,66,3.3,2,Tidak,Sesuai SLA,4
TIK00561,2026-01-14,Rabu,13:10,Akademik,Internet/WiFi,Sedang,Datang Langsung,50,5.7,1,Tidak,Sesuai SLA,4
TIK00562,2026-01-14,Rabu,13:35,Keuangan,Komputer/Laptop,Rendah,Datang Langsung,45,5.7,1,Tidak,Sesuai SLA,5
TIK00563,2026-01-14,Rabu,13:45,Kemahasiswaan,Komputer/Laptop,Sedang,WhatsApp,21,8.1,1,Ya,Sesuai SLA,4
TIK00564,2026-01-14,Rabu,14:05,Kemahasiswaan,Internet/WiFi,Rendah,WhatsApp,49,8.2,1,Tidak,Sesuai SLA,3
TIK00565,2026-01-14,Rabu,14:10,Program Studi,Akun/Login,Rendah,Email,95,2.8,1,Tidak,Sesuai SLA,4
TIK00566,2026-01-14,Rabu,14:20,Program Studi,Akun/Login,Tinggi,Form Online,35,4.2,3,Tidak,Sesuai SLA,5
TIK00567,2026-01-14,Rabu,14:25,Akademik,Proyektor,Sedang,Email,60,3.8,1,Tidak,Sesuai SLA,5
TIK00568,2026-01-14,Rabu,14:25,Program Studi,Sistem Akademik,Sedang,Datang Langsung,46,8.6,1,Tidak,Sesuai SLA,4
TIK00569,2026-01-14,Rabu,14:30,Akademik,Sistem Akademik,Rendah,WhatsApp,39,8.0,1,Tidak,Sesuai SLA,4
TIK00570,2026-01-14,Rabu,14:35,Keuangan,Komputer/Laptop,Rendah,WhatsApp,46,4.4,1,Tidak,Sesuai SLA,5
TIK00571,2026-01-14,Rabu,15:00,Program Studi,Komputer/Laptop,Rendah,Datang Langsung,33,5.6,1,Tidak,Sesuai SLA,5
TIK00572,2026-01-14,Rabu,15:00,Laboratorium,Printer,Rendah,WhatsApp,48,5.4,1,Tidak,Sesuai SLA,5
TIK00573,2026-01-15,Kamis,07:00,Kemahasiswaan,Sistem Akademik,Rendah,Form Online,93,7.2,1,Tidak,Sesuai SLA,4
TIK00574,2026-01-15,Kamis,07:00,Akademik,Komputer/Laptop,Rendah,Form Online,54,6.6,1,Tidak,Sesuai SLA,4
TIK00575,2026-01-15,Kamis,07:10,Laboratorium,Internet/WiFi,Sedang,WhatsApp,35,9.7,1,Tidak,Sesuai SLA,5
TIK00576,2026-01-15,Kamis,07:15,Program Studi,Sistem Akademik,Sedang,WhatsApp,22,16.5,1,Ya,Lewat SLA,3
TIK00577,2026-01-15,Kamis,07:40,Program Studi,Printer,Sedang,Form Online,60,3.5,1,Tidak,Sesuai SLA,4
TIK00578,2026-01-15,Kamis,07:40,Laboratorium,Internet/WiFi,Sedang,Email,62,7.7,1,Tidak,Sesuai SLA,5
TIK00579,2026-01-15,Kamis,07:50,Umum,Sistem Akademik,Tinggi,WhatsApp,26,10.6,3,Ya,Lewat SLA,3
TIK00580,2026-01-15,Kamis,07:55,Akademik,Akun/Login,Rendah,WhatsApp,56,7.6,1,Ya,Sesuai SLA,4
TIK00581,2026-01-15,Kamis,08:10,Akademik,Proyektor,Sedang,WhatsApp,30,3.3,1,Tidak,Sesuai SLA,4
TIK00582,2026-01-15,Kamis,08:15,Kemahasiswaan,Proyektor,Rendah,Datang Langsung,33,2.1,1,Tidak,Sesuai SLA,5
TIK00583,2026-01-15,Kamis,08:25,Akademik,Komputer/Laptop,Tinggi,Email,65,11.5,1,Ya,Lewat SLA,3
TIK00584,2026-01-15,Kamis,08:25,Perpustakaan,Printer,Sedang,WhatsApp,61,7.2,2,Tidak,Sesuai SLA,4
TIK00585,2026-01-15,Kamis,08:25,Laboratorium,Sistem Akademik,Tinggi,WhatsApp,25,12.6,1,Ya,Lewat SLA,3
TIK00586,2026-01-15,Kamis,08:30,Akademik,Proyektor,Sedang,Email,74,7.5,1,Tidak,Sesuai SLA,5
TIK00587,2026-01-15,Kamis,09:05,Akademik,Printer,Rendah,Email,71,4.1,2,Tidak,Sesuai SLA,4
TIK00588,2026-01-15,Kamis,09:10,Akademik,Printer,Sedang,WhatsApp,32,3.9,1,Tidak,Sesuai SLA,5
TIK00589,2026-01-15,Kamis,09:35,Keuangan,Sistem Akademik,Rendah,WhatsApp,37,10.0,1,Tidak,Sesuai SLA,4
TIK00590,2026-01-15,Kamis,09:40,Akademik,Printer,Sedang,Form Online,40,6.9,2,Tidak,Sesuai SLA,4
TIK00591,2026-01-15,Kamis,09:45,Program Studi,Akun/Login,Rendah,WhatsApp,77,3.2,1,Tidak,Sesuai SLA,5
TIK00592,2026-01-15,Kamis,10:30,Program Studi,Internet/WiFi,Sedang,WhatsApp,35,8.3,2,Tidak,Sesuai SLA,4
TIK00593,2026-01-15,Kamis,10:30,Kemahasiswaan,Komputer/Laptop,Rendah,Form Online,62,6.1,1,Tidak,Sesuai SLA,4
TIK00594,2026-01-15,Kamis,10:35,Umum,Akun/Login,Rendah,WhatsApp,44,1.8,2,Tidak,Sesuai SLA,4
TIK00595,2026-01-15,Kamis,10:40,Akademik,Akun/Login,Rendah,WhatsApp,46,3.5,1,Tidak,Sesuai SLA,4
TIK00596,2026-01-15,Kamis,10:45,Umum,Sistem Akademik,Sedang,Email,74,15.7,1,Tidak,Lewat SLA,2
TIK00597,2026-01-15,Kamis,11:00,Akademik,Akun/Login,Sedang,Form Online,45,3.9,1,Tidak,Sesuai SLA,5
TIK00598,2026-01-15,Kamis,11:15,Kemahasiswaan,Internet/WiFi,Rendah,Form Online,84,5.1,1,Tidak,Sesuai SLA,4
TIK00599,2026-01-15,Kamis,11:25,Kemahasiswaan,Internet/WiFi,Rendah,WhatsApp,39,7.6,1,Tidak,Sesuai SLA,5
TIK00600,2026-01-15,Kamis,11:40,Perpustakaan,Internet/WiFi,Tinggi,WhatsApp,17,7.6,1,Tidak,Lewat SLA,4
TIK00601,2026-01-15,Kamis,11:45,Akademik,Internet/WiFi,Tinggi,Form Online,41,8.4,1,Tidak,Lewat SLA,3
TIK00602,2026-01-15,Kamis,11:45,Program Studi,Sistem Akademik,Sedang,WhatsApp,30,7.8,2,Tidak,Sesuai SLA,4
TIK00603,2026-01-15,Kamis,11:55,Program Studi,Printer,Rendah,Datang Langsung,53,2.7,1,Tidak,Sesuai SLA,4
TIK00604,2026-01-15,Kamis,12:05,Akademik,Proyektor,Tinggi,Email,61,7.9,2,Ya,Lewat SLA,3
TIK00605,2026-01-15,Kamis,12:25,Laboratorium,Sistem Akademik,Rendah,WhatsApp,38,8.3,1,Tidak,Sesuai SLA,4
TIK00606,2026-01-15,Kamis,12:35,Program Studi,Akun/Login,Rendah,Form Online,68,2.6,1,Tidak,Sesuai SLA,5
TIK00607,2026-01-15,Kamis,12:35,Program Studi,Akun/Login,Sedang,WhatsApp,30,3.2,1,Tidak,Sesuai SLA,5
TIK00608,2026-01-15,Kamis,12:40,Akademik,Sistem Akademik,Sedang,Email,85,8.7,1,Tidak,Sesuai SLA,4
TIK00609,2026-01-15,Kamis,12:40,Laboratorium,Proyektor,Tinggi,Datang Langsung,31,2.9,3,Tidak,Sesuai SLA,5
TIK00610,2026-01-15,Kamis,12:40,Umum,Printer,Sedang,WhatsApp,33,12.0,2,Tidak,Lewat SLA,3
TIK00611,2026-01-15,Kamis,12:55,Program Studi,Akun/Login,Tinggi,WhatsApp,50,5.0,2,Tidak,Sesuai SLA,4
TIK00612,2026-01-15,Kamis,13:25,Laboratorium,Printer,Sedang,Form Online,61,3.4,1,Tidak,Sesuai SLA,4
TIK00613,2026-01-15,Kamis,13:35,Kemahasiswaan,Internet/WiFi,Sedang,WhatsApp,24,6.4,1,Tidak,Sesuai SLA,4
TIK00614,2026-01-15,Kamis,14:00,Kemahasiswaan,Akun/Login,Rendah,Form Online,57,3.3,1,Tidak,Sesuai SLA,5
TIK00615,2026-01-15,Kamis,14:00,Kemahasiswaan,Internet/WiFi,Sedang,Email,72,17.7,2,Ya,Lewat SLA,2
TIK00616,2026-01-15,Kamis,14:55,Akademik,Printer,Tinggi,Email,62,5.9,2,Tidak,Sesuai SLA,4
TIK00617,2026-01-15,Kamis,15:35,Perpustakaan,Printer,Tinggi,WhatsApp,38,5.8,2,Tidak,Sesuai SLA,4
TIK00618,2026-01-15,Kamis,15:45,Keuangan,Komputer/Laptop,Rendah,WhatsApp,45,6.3,1,Tidak,Sesuai SLA,4
TIK00619,2026-01-15,Kamis,17:55,Program Studi,Internet/WiFi,Sedang,WhatsApp,55,5.8,1,Tidak,Sesuai SLA,4
TIK00620,2026-01-16,Jumat,07:25,Umum,Internet/WiFi,Rendah,Email,74,9.3,1,Tidak,Sesuai SLA,3
TIK00621,2026-01-16,Jumat,07:25,Kemahasiswaan,Akun/Login,Rendah,Form Online,57,1.8,2,Tidak,Sesuai SLA,5
TIK00622,2026-01-16,Jumat,08:05,Akademik,Akun/Login,Rendah,WhatsApp,61,2.7,1,Tidak,Sesuai SLA,4
TIK00623,2026-01-16,Jumat,08:20,Keuangan,Printer,Sedang,WhatsApp,29,8.3,2,Tidak,Sesuai SLA,4
TIK00624,2026-01-16,Jumat,09:00,Akademik,Printer,Sedang,Email,65,5.4,1,Tidak,Sesuai SLA,5
TIK00625,2026-01-16,Jumat,09:10,Laboratorium,Akun/Login,Rendah,Email,71,3.6,1,Tidak,Sesuai SLA,4
TIK00626,2026-01-16,Jumat,09:10,Keuangan,Komputer/Laptop,Rendah,Email,68,5.6,2,Tidak,Sesuai SLA,4
TIK00627,2026-01-16,Jumat,09:15,Program Studi,Internet/WiFi,Sedang,WhatsApp,94,7.2,1,Tidak,Sesuai SLA,4
TIK00628,2026-01-16,Jumat,09:15,Kemahasiswaan,Internet/WiFi,Tinggi,Form Online,32,7.7,2,Tidak,Lewat SLA,3
TIK00629,2026-01-16,Jumat,09:20,Umum,Akun/Login,Rendah,Datang Langsung,29,3.0,1,Tidak,Sesuai SLA,4
TIK00630,2026-01-16,Jumat,10:00,Perpustakaan,Komputer/Laptop,Sedang,WhatsApp,24,8.3,1,Tidak,Sesuai SLA,5
TIK00631,2026-01-16,Jumat,10:05,Perpustakaan,Internet/WiFi,Rendah,WhatsApp,52,6.0,1,Tidak,Sesuai SLA,5
TIK00632,2026-01-16,Jumat,10:05,Laboratorium,Sistem Akademik,Sedang,Email,65,15.9,1,Tidak,Lewat SLA,3
TIK00633,2026-01-16,Jumat,10:10,Keuangan,Internet/WiFi,Rendah,WhatsApp,49,9.2,1,Tidak,Sesuai SLA,4
TIK00634,2026-01-16,Jumat,10:10,Keuangan,Sistem Akademik,Tinggi,Datang Langsung,11,10.7,2,Ya,Lewat SLA,4
TIK00635,2026-01-16,Jumat,10:10,Laboratorium,Proyektor,Rendah,Datang Langsung,80,4.5,1,Tidak,Sesuai SLA,4
TIK00636,2026-01-16,Jumat,10:15,Umum,Internet/WiFi,Sedang,Email,101,10.7,1,Ya,Lewat SLA,3
TIK00637,2026-01-16,Jumat,10:20,Akademik,Sistem Akademik,Sedang,Email,58,9.6,1,Tidak,Sesuai SLA,4
TIK00638,2026-01-16,Jumat,10:30,Laboratorium,Komputer/Laptop,Sedang,Datang Langsung,48,5.8,1,Tidak,Sesuai SLA,4
TIK00639,2026-01-16,Jumat,11:00,Program Studi,Sistem Akademik,Rendah,Email,104,7.8,1,Tidak,Sesuai SLA,5
TIK00640,2026-01-16,Jumat,11:00,Laboratorium,Proyektor,Tinggi,Form Online,59,7.0,1,Ya,Lewat SLA,3
TIK00641,2026-01-16,Jumat,11:15,Kemahasiswaan,Printer,Sedang,WhatsApp,48,7.5,2,Tidak,Sesuai SLA,4
TIK00642,2026-01-16,Jumat,11:40,Laboratorium,Sistem Akademik,Sedang,Email,71,11.7,2,Ya,Lewat SLA,2
TIK00643,2026-01-16,Jumat,12:25,Umum,Akun/Login,Sedang,WhatsApp,37,2.3,1,Tidak,Sesuai SLA,5
TIK00644,2026-01-16,Jumat,12:45,Akademik,Sistem Akademik,Sedang,Form Online,76,8.9,1,Tidak,Sesuai SLA,4
TIK00645,2026-01-16,Jumat,13:15,Laboratorium,Printer,Tinggi,WhatsApp,28,3.8,2,Tidak,Sesuai SLA,5
TIK00646,2026-01-16,Jumat,13:20,Laboratorium,Printer,Sedang,Email,61,4.3,2,Tidak,Sesuai SLA,4
TIK00647,2026-01-16,Jumat,13:55,Laboratorium,Internet/WiFi,Rendah,Form Online,60,6.7,1,Tidak,Sesuai SLA,4
TIK00648,2026-01-16,Jumat,14:50,Laboratorium,Internet/WiFi,Rendah,WhatsApp,44,6.7,1,Tidak,Sesuai SLA,4
TIK00649,2026-01-16,Jumat,15:00,Laboratorium,Printer,Rendah,Form Online,65,2.4,1,Tidak,Sesuai SLA,5
TIK00650,2026-01-16,Jumat,15:20,Program Studi,Internet/WiFi,Rendah,WhatsApp,53,6.1,1,Tidak,Sesuai SLA,4
TIK00651,2026-01-16,Jumat,15:20,Program Studi,Internet/WiFi,Rendah,Email,118,9.6,1,Tidak,Sesuai SLA,3
TIK00652,2026-01-16,Jumat,15:55,Kemahasiswaan,Internet/WiFi,Rendah,WhatsApp,31,7.7,2,Tidak,Sesuai SLA,4
TIK00653,2026-01-17,Sabtu,07:15,Umum,Proyektor,Sedang,WhatsApp,27,5.2,1,Tidak,Sesuai SLA,5
TIK00654,2026-01-17,Sabtu,07:25,Laboratorium,Internet/WiFi,Rendah,WhatsApp,51,8.0,1,Tidak,Sesuai SLA,4
TIK00655,2026-01-17,Sabtu,07:50,Kemahasiswaan,Akun/Login,Rendah,WhatsApp,65,2.9,1,Tidak,Sesuai SLA,5
TIK00656,2026-01-17,Sabtu,07:50,Program Studi,Sistem Akademik,Sedang,Form Online,38,7.6,1,Tidak,Sesuai SLA,4
TIK00657,2026-01-17,Sabtu,08:20,Laboratorium,Akun/Login,Sedang,WhatsApp,42,3.5,1,Tidak,Sesuai SLA,5
TIK00658,2026-01-17,Sabtu,08:20,Laboratorium,Printer,Sedang,Email,97,4.5,1,Tidak,Sesuai SLA,3
TIK00659,2026-01-17,Sabtu,08:25,Umum,Sistem Akademik,Tinggi,WhatsApp,26,11.4,3,Ya,Lewat SLA,3
TIK00660,2026-01-17,Sabtu,09:00,Keuangan,Sistem Akademik,Rendah,WhatsApp,40,10.0,1,Tidak,Sesuai SLA,4
TIK00661,2026-01-17,Sabtu,09:05,Program Studi,Internet/WiFi,Rendah,WhatsApp,35,8.1,2,Tidak,Sesuai SLA,5
TIK00662,2026-01-17,Sabtu,09:10,Kemahasiswaan,Internet/WiFi,Sedang,WhatsApp,46,6.8,1,Tidak,Sesuai SLA,4
TIK00663,2026-01-17,Sabtu,09:10,Kemahasiswaan,Printer,Rendah,Datang Langsung,44,2.8,1,Tidak,Sesuai SLA,4
TIK00664,2026-01-17,Sabtu,09:10,Akademik,Printer,Sedang,WhatsApp,28,4.1,1,Tidak,Sesuai SLA,5
TIK00665,2026-01-17,Sabtu,09:15,Umum,Sistem Akademik,Rendah,WhatsApp,70,7.9,1,Tidak,Sesuai SLA,3
TIK00666,2026-01-17,Sabtu,10:10,Umum,Internet/WiFi,Rendah,WhatsApp,49,8.1,2,Tidak,Sesuai SLA,5
TIK00667,2026-01-17,Sabtu,10:15,Kemahasiswaan,Printer,Sedang,WhatsApp,37,3.8,2,Tidak,Sesuai SLA,4
TIK00668,2026-01-17,Sabtu,10:20,Laboratorium,Internet/WiFi,Sedang,WhatsApp,60,15.0,1,Ya,Lewat SLA,4
TIK00669,2026-01-17,Sabtu,10:25,Akademik,Akun/Login,Rendah,Email,94,3.4,1,Tidak,Sesuai SLA,4
TIK00670,2026-01-17,Sabtu,10:25,Akademik,Internet/WiFi,Tinggi,Form Online,36,8.5,2,Tidak,Lewat SLA,4
TIK00671,2026-01-17,Sabtu,10:25,Kemahasiswaan,Sistem Akademik,Rendah,Datang Langsung,28,7.9,1,Tidak,Sesuai SLA,4
TIK00672,2026-01-17,Sabtu,10:40,Akademik,Komputer/Laptop,Rendah,Email,77,7.7,2,Tidak,Sesuai SLA,4
TIK00673,2026-01-17,Sabtu,11:00,Laboratorium,Akun/Login,Rendah,WhatsApp,31,2.3,2,Tidak,Sesuai SLA,5
TIK00674,2026-01-17,Sabtu,11:00,Perpustakaan,Komputer/Laptop,Sedang,Email,87,6.3,1,Tidak,Sesuai SLA,4
TIK00675,2026-01-17,Sabtu,11:15,Laboratorium,Proyektor,Rendah,Form Online,58,6.6,2,Ya,Sesuai SLA,4
TIK00676,2026-01-17,Sabtu,11:20,Laboratorium,Komputer/Laptop,Rendah,WhatsApp,39,5.6,1,Tidak,Sesuai SLA,4
TIK00677,2026-01-17,Sabtu,11:20,Perpustakaan,Sistem Akademik,Tinggi,WhatsApp,25,9.6,2,Tidak,Lewat SLA,3
TIK00678,2026-01-17,Sabtu,11:30,Keuangan,Printer,Rendah,WhatsApp,40,3.6,2,Tidak,Sesuai SLA,5
TIK00679,2026-01-17,Sabtu,11:40,Kemahasiswaan,Akun/Login,Sedang,Datang Langsung,27,4.2,2,Ya,Sesuai SLA,5
TIK00680,2026-01-17,Sabtu,11:50,Akademik,Komputer/Laptop,Rendah,Form Online,62,8.4,1,Ya,Sesuai SLA,5
TIK00681,2026-01-17,Sabtu,12:10,Umum,Komputer/Laptop,Sedang,WhatsApp,38,5.2,2,Tidak,Sesuai SLA,4
TIK00682,2026-01-17,Sabtu,12:20,Perpustakaan,Sistem Akademik,Sedang,WhatsApp,29,10.0,1,Ya,Sesuai SLA,3
TIK00683,2026-01-17,Sabtu,12:20,Akademik,Sistem Akademik,Sedang,WhatsApp,34,10.4,1,Tidak,Lewat SLA,3
TIK00684,2026-01-17,Sabtu,12:30,Akademik,Akun/Login,Sedang,WhatsApp,31,2.2,1,Tidak,Sesuai SLA,5
TIK00685,2026-01-17,Sabtu,12:40,Perpustakaan,Printer,Rendah,WhatsApp,39,3.2,2,Tidak,Sesuai SLA,5
TIK00686,2026-01-17,Sabtu,13:10,Akademik,Internet/WiFi,Tinggi,Datang Langsung,17,14.1,1,Ya,Lewat SLA,3
TIK00687,2026-01-17,Sabtu,13:15,Umum,Sistem Akademik,Sedang,Datang Langsung,42,8.2,1,Tidak,Sesuai SLA,3
TIK00688,2026-01-17,Sabtu,13:20,Laboratorium,Printer,Tinggi,Form Online,66,4.5,2,Tidak,Sesuai SLA,3
TIK00689,2026-01-17,Sabtu,13:30,Program Studi,Printer,Rendah,Email,72,3.9,1,Tidak,Sesuai SLA,5
TIK00690,2026-01-17,Sabtu,13:40,Program Studi,Akun/Login,Rendah,Form Online,53,5.8,2,Tidak,Sesuai SLA,4
TIK00691,2026-01-17,Sabtu,14:30,Akademik,Sistem Akademik,Sedang,Form Online,51,10.6,2,Ya,Lewat SLA,3
TIK00692,2026-01-17,Sabtu,14:40,Perpustakaan,Komputer/Laptop,Rendah,Datang Langsung,39,5.4,1,Tidak,Sesuai SLA,5
TIK00693,2026-01-17,Sabtu,15:40,Program Studi,Internet/WiFi,Tinggi,Form Online,62,11.3,3,Ya,Lewat SLA,4
TIK00694,2026-01-17,Sabtu,16:00,Program Studi,Internet/WiFi,Tinggi,WhatsApp,24,9.4,1,Ya,Lewat SLA,4
TIK00695,2026-01-18,Minggu,07:10,Laboratorium,Komputer/Laptop,Rendah,Email,108,7.8,1,Tidak,Sesuai SLA,4
TIK00696,2026-01-18,Minggu,07:35,Umum,Internet/WiFi,Rendah,Form Online,62,8.3,1,Tidak,Sesuai SLA,4
TIK00697,2026-01-18,Minggu,07:50,Laboratorium,Internet/WiFi,Rendah,Email,77,8.7,1,Tidak,Sesuai SLA,4
TIK00698,2026-01-18,Minggu,07:50,Umum,Internet/WiFi,Sedang,Form Online,61,9.2,1,Tidak,Sesuai SLA,4
TIK00699,2026-01-18,Minggu,08:10,Laboratorium,Printer,Tinggi,Form Online,51,4.8,3,Tidak,Sesuai SLA,5
TIK00700,2026-01-18,Minggu,08:15,Program Studi,Internet/WiFi,Rendah,WhatsApp,41,6.1,2,Tidak,Sesuai SLA,5
TIK00701,2026-01-18,Minggu,08:20,Akademik,Printer,Rendah,Email,81,4.5,1,Tidak,Sesuai SLA,5
TIK00702,2026-01-18,Minggu,08:35,Perpustakaan,Akun/Login,Sedang,Email,91,6.2,2,Ya,Sesuai SLA,3
TIK00703,2026-01-18,Minggu,08:35,Akademik,Internet/WiFi,Sedang,Form Online,68,9.9,1,Ya,Sesuai SLA,4
TIK00704,2026-01-18,Minggu,08:45,Keuangan,Printer,Rendah,WhatsApp,58,4.4,1,Tidak,Sesuai SLA,5
TIK00705,2026-01-18,Minggu,09:10,Akademik,Komputer/Laptop,Rendah,WhatsApp,64,9.2,1,Tidak,Sesuai SLA,5
TIK00706,2026-01-18,Minggu,09:15,Umum,Printer,Rendah,Datang Langsung,58,3.8,1,Tidak,Sesuai SLA,4
TIK00707,2026-01-18,Minggu,09:15,Umum,Komputer/Laptop,Rendah,WhatsApp,38,7.9,1,Tidak,Sesuai SLA,4
TIK00708,2026-01-18,Minggu,09:30,Kemahasiswaan,Proyektor,Rendah,WhatsApp,45,3.9,1,Tidak,Sesuai SLA,3
TIK00709,2026-01-18,Minggu,09:30,Perpustakaan,Internet/WiFi,Sedang,Form Online,47,7.5,1,Tidak,Sesuai SLA,4
TIK00710,2026-01-18,Minggu,09:40,Akademik,Internet/WiFi,Sedang,WhatsApp,67,9.5,1,Tidak,Sesuai SLA,4
TIK00711,2026-01-18,Minggu,09:45,Laboratorium,Akun/Login,Rendah,Form Online,53,5.3,1,Tidak,Sesuai SLA,3
TIK00712,2026-01-18,Minggu,09:45,Akademik,Internet/WiFi,Rendah,Datang Langsung,66,9.2,2,Ya,Sesuai SLA,4
TIK00713,2026-01-18,Minggu,09:45,Umum,Akun/Login,Rendah,Email,102,3.2,1,Tidak,Sesuai SLA,4
TIK00714,2026-01-18,Minggu,10:10,Akademik,Sistem Akademik,Sedang,Datang Langsung,27,12.1,2,Tidak,Lewat SLA,3
TIK00715,2026-01-18,Minggu,10:10,Umum,Sistem Akademik,Rendah,Form Online,50,6.9,1,Tidak,Sesuai SLA,5
TIK00716,2026-01-18,Minggu,10:25,Akademik,Printer,Rendah,WhatsApp,52,3.0,1,Tidak,Sesuai SLA,5
TIK00717,2026-01-18,Minggu,10:30,Perpustakaan,Komputer/Laptop,Rendah,Form Online,70,6.2,1,Tidak,Sesuai SLA,4
TIK00718,2026-01-18,Minggu,10:40,Program Studi,Sistem Akademik,Sedang,WhatsApp,35,8.3,1,Tidak,Sesuai SLA,4
TIK00719,2026-01-18,Minggu,10:45,Program Studi,Sistem Akademik,Sedang,WhatsApp,25,8.8,1,Tidak,Sesuai SLA,4
TIK00720,2026-01-18,Minggu,10:45,Program Studi,Internet/WiFi,Sedang,WhatsApp,51,11.8,1,Tidak,Lewat SLA,4
TIK00721,2026-01-18,Minggu,11:10,Akademik,Internet/WiFi,Tinggi,WhatsApp,16,8.8,1,Tidak,Lewat SLA,3
TIK00722,2026-01-18,Minggu,11:15,Umum,Internet/WiFi,Rendah,Datang Langsung,33,7.1,1,Tidak,Sesuai SLA,5
TIK00723,2026-01-18,Minggu,11:30,Akademik,Akun/Login,Rendah,Form Online,59,1.2,1,Tidak,Sesuai SLA,5
TIK00724,2026-01-18,Minggu,11:30,Akademik,Sistem Akademik,Sedang,Email,80,11.2,2,Ya,Lewat SLA,4
TIK00725,2026-01-18,Minggu,11:35,Akademik,Sistem Akademik,Tinggi,Form Online,51,9.2,2,Tidak,Lewat SLA,3
TIK00726,2026-01-18,Minggu,11:40,Kemahasiswaan,Akun/Login,Sedang,Datang Langsung,24,3.8,2,Tidak,Sesuai SLA,5
TIK00727,2026-01-18,Minggu,11:40,Laboratorium,Sistem Akademik,Sedang,Form Online,56,7.3,1,Tidak,Sesuai SLA,4
TIK00728,2026-01-18,Minggu,11:45,Kemahasiswaan,Printer,Rendah,Form Online,77,4.4,1,Tidak,Sesuai SLA,4
TIK00729,2026-01-18,Minggu,12:00,Akademik,Internet/WiFi,Sedang,WhatsApp,29,8.0,1,Tidak,Sesuai SLA,5
TIK00730,2026-01-18,Minggu,12:05,Laboratorium,Internet/WiFi,Sedang,Form Online,40,7.3,1,Tidak,Sesuai SLA,3
TIK00731,2026-01-18,Minggu,12:05,Laboratorium,Internet/WiFi,Sedang,WhatsApp,89,10.2,1,Ya,Lewat SLA,3
TIK00732,2026-01-18,Minggu,12:25,Akademik,Akun/Login,Sedang,Datang Langsung,46,6.8,1,Tidak,Sesuai SLA,5
TIK00733,2026-01-18,Minggu,12:50,Akademik,Proyektor,Sedang,WhatsApp,29,5.9,1,Tidak,Sesuai SLA,4
TIK00734,2026-01-18,Minggu,12:55,Kemahasiswaan,Komputer/Laptop,Rendah,WhatsApp,44,5.3,1,Tidak,Sesuai SLA,5
TIK00735,2026-01-18,Minggu,13:10,Laboratorium,Internet/WiFi,Rendah,WhatsApp,37,9.4,1,Ya,Sesuai SLA,4
TIK00736,2026-01-18,Minggu,13:15,Akademik,Proyektor,Sedang,WhatsApp,31,5.9,1,Tidak,Sesuai SLA,5
TIK00737,2026-01-18,Minggu,13:15,Keuangan,Sistem Akademik,Rendah,Email,70,10.3,1,Ya,Sesuai SLA,3
TIK00738,2026-01-18,Minggu,13:40,Keuangan,Printer,Sedang,Form Online,47,3.1,1,Tidak,Sesuai SLA,5
TIK00739,2026-01-18,Minggu,13:50,Akademik,Komputer/Laptop,Rendah,Datang Langsung,43,5.5,1,Tidak,Sesuai SLA,5
TIK00740,2026-01-18,Minggu,14:25,Laboratorium,Sistem Akademik,Rendah,WhatsApp,91,8.7,1,Tidak,Sesuai SLA,5
TIK00741,2026-01-18,Minggu,15:40,Perpustakaan,Komputer/Laptop,Tinggi,Datang Langsung,31,8.6,2,Tidak,Lewat SLA,3
TIK00742,2026-01-18,Minggu,16:10,Kemahasiswaan,Printer,Rendah,Form Online,56,7.7,2,Tidak,Sesuai SLA,4
TIK00743,2026-01-18,Minggu,16:15,Kemahasiswaan,Sistem Akademik,Rendah,Datang Langsung,47,13.2,2,Ya,Sesuai SLA,3
TIK00744,2026-01-18,Minggu,16:40,Keuangan,Internet/WiFi,Rendah,Form Online,50,6.0,2,Tidak,Sesuai SLA,4
TIK00745,2026-01-19,Senin,07:00,Akademik,Printer,Rendah,WhatsApp,69,4.6,1,Tidak,Sesuai SLA,4
TIK00746,2026-01-19,Senin,07:05,Keuangan,Sistem Akademik,Rendah,Datang Langsung,37,7.1,1,Tidak,Sesuai SLA,5
TIK00747,2026-01-19,Senin,07:15,Keuangan,Sistem Akademik,Rendah,WhatsApp,50,8.6,1,Tidak,Sesuai SLA,4
TIK00748,2026-01-19,Senin,07:15,Akademik,Komputer/Laptop,Rendah,WhatsApp,72,6.6,2,Tidak,Sesuai SLA,3
TIK00749,2026-01-19,Senin,07:50,Akademik,Internet/WiFi,Sedang,WhatsApp,26,8.0,1,Ya,Sesuai SLA,3
TIK00750,2026-01-19,Senin,07:55,Laboratorium,Internet/WiFi,Rendah,Form Online,53,8.8,1,Tidak,Sesuai SLA,4
TIK00751,2026-01-19,Senin,08:00,Program Studi,Sistem Akademik,Sedang,Form Online,37,7.6,2,Tidak,Sesuai SLA,3
TIK00752,2026-01-19,Senin,08:05,Perpustakaan,Komputer/Laptop,Sedang,WhatsApp,35,5.5,2,Tidak,Sesuai SLA,5
TIK00753,2026-01-19,Senin,08:30,Laboratorium,Sistem Akademik,Rendah,Form Online,68,13.9,2,Ya,Sesuai SLA,4
TIK00754,2026-01-19,Senin,08:50,Keuangan,Akun/Login,Rendah,Email,80,2.6,1,Tidak,Sesuai SLA,4
TIK00755,2026-01-19,Senin,09:10,Program Studi,Internet/WiFi,Rendah,WhatsApp,36,6.7,1,Tidak,Sesuai SLA,5
TIK00756,2026-01-19,Senin,09:15,Program Studi,Akun/Login,Rendah,Form Online,56,2.4,2,Tidak,Sesuai SLA,5
TIK00757,2026-01-19,Senin,09:20,Akademik,Printer,Sedang,Datang Langsung,20,5.8,1,Tidak,Sesuai SLA,5
TIK00758,2026-01-19,Senin,09:40,Laboratorium,Internet/WiFi,Sedang,Email,66,9.0,1,Tidak,Sesuai SLA,5
TIK00759,2026-01-19,Senin,09:45,Akademik,Sistem Akademik,Rendah,Email,96,9.4,1,Tidak,Sesuai SLA,4
TIK00760,2026-01-19,Senin,09:45,Kemahasiswaan,Akun/Login,Rendah,Form Online,107,2.6,2,Tidak,Sesuai SLA,4
TIK00761,2026-01-19,Senin,10:15,Laboratorium,Printer,Sedang,Email,62,6.0,2,Tidak,Sesuai SLA,4
TIK00762,2026-01-19,Senin,10:25,Keuangan,Internet/WiFi,Rendah,WhatsApp,37,6.7,1,Tidak,Sesuai SLA,5
TIK00763,2026-01-19,Senin,10:45,Laboratorium,Internet/WiFi,Sedang,Datang Langsung,19,7.2,1,Tidak,Sesuai SLA,5
TIK00764,2026-01-19,Senin,10:55,Kemahasiswaan,Printer,Rendah,Email,94,5.4,2,Tidak,Sesuai SLA,4
TIK00765,2026-01-19,Senin,10:55,Laboratorium,Akun/Login,Sedang,Email,67,5.3,2,Tidak,Sesuai SLA,5
TIK00766,2026-01-19,Senin,11:00,Umum,Proyektor,Rendah,Email,90,5.8,1,Tidak,Sesuai SLA,3
TIK00767,2026-01-19,Senin,11:00,Umum,Internet/WiFi,Sedang,WhatsApp,36,8.1,1,Tidak,Sesuai SLA,5
TIK00768,2026-01-19,Senin,11:00,Akademik,Akun/Login,Sedang,Form Online,52,3.6,1,Tidak,Sesuai SLA,4
TIK00769,2026-01-19,Senin,11:35,Program Studi,Sistem Akademik,Sedang,WhatsApp,48,8.6,1,Tidak,Sesuai SLA,4
TIK00770,2026-01-19,Senin,11:40,Perpustakaan,Komputer/Laptop,Sedang,Form Online,48,6.7,1,Tidak,Sesuai SLA,4
TIK00771,2026-01-19,Senin,11:50,Laboratorium,Komputer/Laptop,Rendah,WhatsApp,95,5.0,1,Tidak,Sesuai SLA,4
TIK00772,2026-01-19,Senin,12:00,Akademik,Sistem Akademik,Rendah,WhatsApp,32,9.9,1,Ya,Sesuai SLA,5
TIK00773,2026-01-19,Senin,12:10,Akademik,Sistem Akademik,Rendah,WhatsApp,50,6.4,2,Tidak,Sesuai SLA,4
TIK00774,2026-01-19,Senin,12:15,Laboratorium,Akun/Login,Sedang,Form Online,38,2.7,1,Tidak,Sesuai SLA,4
TIK00775,2026-01-19,Senin,12:35,Laboratorium,Printer,Sedang,WhatsApp,55,5.1,2,Tidak,Sesuai SLA,4
TIK00776,2026-01-19,Senin,12:40,Akademik,Sistem Akademik,Tinggi,Form Online,41,9.2,1,Tidak,Lewat SLA,3
TIK00777,2026-01-19,Senin,12:50,Perpustakaan,Sistem Akademik,Sedang,Datang Langsung,29,10.2,1,Ya,Lewat SLA,3
TIK00778,2026-01-19,Senin,13:35,Akademik,Komputer/Laptop,Sedang,Email,85,8.4,1,Tidak,Sesuai SLA,4
TIK00779,2026-01-19,Senin,13:55,Program Studi,Internet/WiFi,Rendah,WhatsApp,49,5.8,1,Tidak,Sesuai SLA,4
TIK00780,2026-01-19,Senin,14:10,Akademik,Internet/WiFi,Rendah,WhatsApp,50,11.1,1,Tidak,Sesuai SLA,4
TIK00781,2026-01-19,Senin,14:20,Kemahasiswaan,Komputer/Laptop,Rendah,WhatsApp,32,5.4,1,Tidak,Sesuai SLA,5
TIK00782,2026-01-19,Senin,15:05,Program Studi,Printer,Sedang,Form Online,66,3.2,1,Tidak,Sesuai SLA,4
TIK00783,2026-01-19,Senin,15:25,Kemahasiswaan,Internet/WiFi,Rendah,Form Online,77,7.3,2,Tidak,Sesuai SLA,4
TIK00784,2026-01-20,Selasa,07:00,Keuangan,Akun/Login,Rendah,Datang Langsung,49,2.3,1,Tidak,Sesuai SLA,5
TIK00785,2026-01-20,Selasa,07:05,Akademik,Proyektor,Sedang,Email,65,9.3,2,Tidak,Sesuai SLA,4
TIK00786,2026-01-20,Selasa,07:05,Perpustakaan,Proyektor,Sedang,Datang Langsung,36,3.6,1,Tidak,Sesuai SLA,5
TIK00787,2026-01-20,Selasa,07:10,Keuangan,Printer,Rendah,WhatsApp,41,3.4,1,Tidak,Sesuai SLA,4
TIK00788,2026-01-20,Selasa,07:20,Akademik,Komputer/Laptop,Rendah,Datang Langsung,40,5.5,1,Tidak,Sesuai SLA,4
TIK00789,2026-01-20,Selasa,07:50,Akademik,Sistem Akademik,Tinggi,Email,78,12.1,1,Tidak,Lewat SLA,2
TIK00790,2026-01-20,Selasa,07:55,Perpustakaan,Komputer/Laptop,Sedang,WhatsApp,33,6.4,1,Tidak,Sesuai SLA,4
TIK00791,2026-01-20,Selasa,08:05,Program Studi,Sistem Akademik,Sedang,WhatsApp,22,7.6,2,Tidak,Sesuai SLA,3
TIK00792,2026-01-20,Selasa,08:25,Umum,Internet/WiFi,Rendah,Datang Langsung,52,6.8,1,Tidak,Sesuai SLA,3
TIK00793,2026-01-20,Selasa,08:45,Program Studi,Akun/Login,Rendah,Email,86,5.2,1,Tidak,Sesuai SLA,4
TIK00794,2026-01-20,Selasa,09:00,Keuangan,Komputer/Laptop,Sedang,Form Online,42,7.0,1,Tidak,Sesuai SLA,4
TIK00795,2026-01-20,Selasa,09:00,Laboratorium,Printer,Rendah,WhatsApp,43,6.2,1,Tidak,Sesuai SLA,4
TIK00796,2026-01-20,Selasa,09:05,Kemahasiswaan,Internet/WiFi,Sedang,Form Online,43,8.6,2,Tidak,Sesuai SLA,4
TIK00797,2026-01-20,Selasa,09:20,Laboratorium,Sistem Akademik,Rendah,WhatsApp,32,9.4,1,Tidak,Sesuai SLA,3
TIK00798,2026-01-20,Selasa,09:30,Program Studi,Proyektor,Sedang,Datang Langsung,16,2.7,1,Tidak,Sesuai SLA,5
TIK00799,2026-01-20,Selasa,09:40,Kemahasiswaan,Internet/WiFi,Sedang,Form Online,61,7.9,1,Ya,Sesuai SLA,4
TIK00800,2026-01-20,Selasa,09:45,Laboratorium,Proyektor,Sedang,Form Online,47,2.9,2,Tidak,Sesuai SLA,4
TIK00801,2026-01-20,Selasa,09:45,Program Studi,Internet/WiFi,Rendah,Email,78,16.2,1,Ya,Lewat SLA,3
TIK00802,2026-01-20,Selasa,09:50,Keuangan,Proyektor,Rendah,WhatsApp,49,3.7,2,Tidak,Sesuai SLA,4
TIK00803,2026-01-20,Selasa,10:05,Laboratorium,Sistem Akademik,Rendah,Email,73,11.0,1,Tidak,Sesuai SLA,4
TIK00804,2026-01-20,Selasa,10:05,Keuangan,Komputer/Laptop,Rendah,Form Online,59,7.2,1,Tidak,Sesuai SLA,4
TIK00805,2026-01-20,Selasa,10:05,Akademik,Printer,Tinggi,Form Online,28,4.7,3,Tidak,Sesuai SLA,3
TIK00806,2026-01-20,Selasa,10:20,Kemahasiswaan,Komputer/Laptop,Sedang,WhatsApp,65,5.0,1,Tidak,Sesuai SLA,4
TIK00807,2026-01-20,Selasa,10:25,Laboratorium,Printer,Tinggi,Form Online,34,6.2,2,Tidak,Lewat SLA,4
TIK00808,2026-01-20,Selasa,10:25,Akademik,Akun/Login,Rendah,WhatsApp,39,6.0,1,Tidak,Sesuai SLA,4
TIK00809,2026-01-20,Selasa,10:25,Umum,Printer,Rendah,Form Online,101,2.8,1,Tidak,Sesuai SLA,3
TIK00810,2026-01-20,Selasa,10:30,Keuangan,Akun/Login,Sedang,Form Online,41,8.1,1,Ya,Sesuai SLA,4
TIK00811,2026-01-20,Selasa,10:35,Akademik,Printer,Rendah,WhatsApp,45,7.1,1,Tidak,Sesuai SLA,3
TIK00812,2026-01-20,Selasa,10:40,Akademik,Internet/WiFi,Sedang,WhatsApp,36,6.6,1,Tidak,Sesuai SLA,4
TIK00813,2026-01-20,Selasa,11:05,Akademik,Printer,Rendah,WhatsApp,60,6.1,1,Tidak,Sesuai SLA,4
TIK00814,2026-01-20,Selasa,11:25,Program Studi,Komputer/Laptop,Rendah,WhatsApp,50,6.0,2,Tidak,Sesuai SLA,5
TIK00815,2026-01-20,Selasa,11:25,Program Studi,Komputer/Laptop,Rendah,WhatsApp,66,4.6,1,Tidak,Sesuai SLA,5
TIK00816,2026-01-20,Selasa,11:50,Akademik,Printer,Rendah,WhatsApp,34,6.1,1,Tidak,Sesuai SLA,5
TIK00817,2026-01-20,Selasa,11:50,Keuangan,Komputer/Laptop,Rendah,Form Online,52,5.3,1,Tidak,Sesuai SLA,5
TIK00818,2026-01-20,Selasa,11:55,Laboratorium,Sistem Akademik,Rendah,Datang Langsung,43,6.5,1,Tidak,Sesuai SLA,3
TIK00819,2026-01-20,Selasa,12:10,Akademik,Akun/Login,Sedang,WhatsApp,26,3.2,1,Tidak,Sesuai SLA,5
TIK00820,2026-01-20,Selasa,12:35,Umum,Internet/WiFi,Sedang,WhatsApp,56,7.2,1,Tidak,Sesuai SLA,3
TIK00821,2026-01-20,Selasa,12:40,Akademik,Akun/Login,Rendah,WhatsApp,38,3.0,1,Tidak,Sesuai SLA,4
TIK00822,2026-01-20,Selasa,12:45,Perpustakaan,Komputer/Laptop,Tinggi,Datang Langsung,19,7.6,2,Ya,Lewat SLA,3
TIK00823,2026-01-20,Selasa,12:50,Kemahasiswaan,Internet/WiFi,Sedang,WhatsApp,52,11.7,1,Ya,Lewat SLA,3
TIK00824,2026-01-20,Selasa,13:00,Akademik,Printer,Rendah,Email,97,4.9,1,Tidak,Sesuai SLA,5
TIK00825,2026-01-20,Selasa,13:05,Kemahasiswaan,Sistem Akademik,Sedang,WhatsApp,35,11.2,1,Ya,Lewat SLA,4
TIK00826,2026-01-20,Selasa,13:35,Akademik,Proyektor,Rendah,Form Online,84,2.7,1,Tidak,Sesuai SLA,4
TIK00827,2026-01-20,Selasa,13:45,Akademik,Sistem Akademik,Tinggi,Datang Langsung,7,14.9,2,Ya,Lewat SLA,2
TIK00828,2026-01-20,Selasa,13:50,Laboratorium,Internet/WiFi,Sedang,WhatsApp,27,10.0,1,Tidak,Sesuai SLA,4
TIK00829,2026-01-20,Selasa,14:05,Keuangan,Internet/WiFi,Sedang,Email,71,8.6,1,Tidak,Sesuai SLA,4
TIK00830,2026-01-20,Selasa,14:10,Kemahasiswaan,Printer,Rendah,Form Online,54,3.8,1,Tidak,Sesuai SLA,4
TIK00831,2026-01-20,Selasa,16:40,Kemahasiswaan,Sistem Akademik,Rendah,Email,83,11.6,1,Ya,Sesuai SLA,4
TIK00832,2026-01-20,Selasa,16:45,Kemahasiswaan,Akun/Login,Tinggi,Form Online,69,3.0,2,Tidak,Sesuai SLA,5
TIK00833,2026-01-21,Rabu,07:05,Kemahasiswaan,Internet/WiFi,Rendah,WhatsApp,59,5.6,1,Tidak,Sesuai SLA,5
TIK00834,2026-01-21,Rabu,07:20,Kemahasiswaan,Proyektor,Sedang,Datang Langsung,31,5.3,1,Ya,Sesuai SLA,5
TIK00835,2026-01-21,Rabu,07:45,Program Studi,Akun/Login,Rendah,Email,83,6.2,2,Tidak,Sesuai SLA,5
TIK00836,2026-01-21,Rabu,08:10,Umum,Akun/Login,Tinggi,Email,57,7.6,1,Ya,Lewat SLA,3
TIK00837,2026-01-21,Rabu,08:30,Program Studi,Internet/WiFi,Sedang,Form Online,46,7.5,1,Tidak,Sesuai SLA,4
TIK00838,2026-01-21,Rabu,09:15,Keuangan,Komputer/Laptop,Rendah,Form Online,71,6.3,1,Ya,Sesuai SLA,4
TIK00839,2026-01-21,Rabu,09:45,Akademik,Komputer/Laptop,Rendah,Form Online,60,10.4,1,Ya,Sesuai SLA,4
TIK00840,2026-01-21,Rabu,09:45,Keuangan,Printer,Tinggi,WhatsApp,35,6.1,1,Tidak,Lewat SLA,2
TIK00841,2026-01-21,Rabu,09:45,Keuangan,Akun/Login,Rendah,Email,70,2.8,1,Tidak,Sesuai SLA,5
TIK00842,2026-01-21,Rabu,10:10,Keuangan,Sistem Akademik,Sedang,WhatsApp,76,11.4,1,Tidak,Lewat SLA,3
TIK00843,2026-01-21,Rabu,10:15,Laboratorium,Komputer/Laptop,Rendah,WhatsApp,45,9.0,1,Tidak,Sesuai SLA,4
TIK00844,2026-01-21,Rabu,10:15,Laboratorium,Akun/Login,Tinggi,Form Online,44,2.9,2,Tidak,Sesuai SLA,4
TIK00845,2026-01-21,Rabu,10:30,Laboratorium,Internet/WiFi,Rendah,Email,86,7.6,1,Tidak,Sesuai SLA,4
TIK00846,2026-01-21,Rabu,10:35,Program Studi,Printer,Rendah,WhatsApp,68,6.0,2,Tidak,Sesuai SLA,4
TIK00847,2026-01-21,Rabu,10:40,Kemahasiswaan,Printer,Rendah,Form Online,50,4.3,1,Tidak,Sesuai SLA,5
TIK00848,2026-01-21,Rabu,10:40,Laboratorium,Akun/Login,Sedang,Form Online,44,2.7,2,Tidak,Sesuai SLA,5
TIK00849,2026-01-21,Rabu,10:45,Perpustakaan,Komputer/Laptop,Rendah,WhatsApp,33,6.2,1,Tidak,Sesuai SLA,4
TIK00850,2026-01-21,Rabu,10:50,Program Studi,Internet/WiFi,Rendah,Form Online,78,6.1,1,Tidak,Sesuai SLA,4
TIK00851,2026-01-21,Rabu,10:55,Akademik,Internet/WiFi,Tinggi,WhatsApp,14,9.0,2,Tidak,Lewat SLA,3
TIK00852,2026-01-21,Rabu,11:00,Keuangan,Komputer/Laptop,Rendah,Form Online,50,7.7,1,Tidak,Sesuai SLA,3
TIK00853,2026-01-21,Rabu,11:00,Kemahasiswaan,Proyektor,Sedang,WhatsApp,43,4.8,2,Tidak,Sesuai SLA,5
TIK00854,2026-01-21,Rabu,11:10,Kemahasiswaan,Internet/WiFi,Sedang,WhatsApp,42,10.5,1,Ya,Lewat SLA,3
TIK00855,2026-01-21,Rabu,11:15,Laboratorium,Internet/WiFi,Tinggi,WhatsApp,37,10.4,1,Tidak,Lewat SLA,3
TIK00856,2026-01-21,Rabu,11:15,Akademik,Proyektor,Rendah,WhatsApp,47,3.9,1,Tidak,Sesuai SLA,5
TIK00857,2026-01-21,Rabu,11:30,Program Studi,Komputer/Laptop,Sedang,Email,71,8.1,1,Tidak,Sesuai SLA,4
TIK00858,2026-01-21,Rabu,11:35,Kemahasiswaan,Akun/Login,Rendah,WhatsApp,61,3.3,1,Tidak,Sesuai SLA,3
TIK00859,2026-01-21,Rabu,11:40,Program Studi,Sistem Akademik,Sedang,WhatsApp,35,10.3,2,Tidak,Lewat SLA,4
TIK00860,2026-01-21,Rabu,11:45,Laboratorium,Printer,Rendah,Form Online,75,2.7,2,Tidak,Sesuai SLA,5
TIK00861,2026-01-21,Rabu,11:45,Laboratorium,Printer,Sedang,WhatsApp,28,4.7,2,Tidak,Sesuai SLA,5
TIK00862,2026-01-21,Rabu,11:55,Akademik,Sistem Akademik,Tinggi,Email,117,13.1,1,Ya,Lewat SLA,3
TIK00863,2026-01-21,Rabu,11:55,Umum,Sistem Akademik,Sedang,Email,68,12.6,1,Ya,Lewat SLA,3
TIK00864,2026-01-21,Rabu,11:55,Akademik,Sistem Akademik,Rendah,Email,69,10.0,1,Tidak,Sesuai SLA,4
TIK00865,2026-01-21,Rabu,12:00,Akademik,Komputer/Laptop,Rendah,WhatsApp,32,5.2,2,Tidak,Sesuai SLA,4
TIK00866,2026-01-21,Rabu,12:25,Program Studi,Sistem Akademik,Sedang,WhatsApp,35,7.5,1,Tidak,Sesuai SLA,4
TIK00867,2026-01-21,Rabu,12:30,Akademik,Internet/WiFi,Tinggi,WhatsApp,34,8.3,2,Tidak,Lewat SLA,4
TIK00868,2026-01-21,Rabu,12:30,Laboratorium,Internet/WiFi,Rendah,Email,71,8.7,1,Tidak,Sesuai SLA,4
TIK00869,2026-01-21,Rabu,12:50,Keuangan,Printer,Rendah,Datang Langsung,53,2.6,1,Tidak,Sesuai SLA,5
TIK00870,2026-01-21,Rabu,12:50,Kemahasiswaan,Sistem Akademik,Sedang,Datang Langsung,26,8.2,2,Tidak,Sesuai SLA,4
TIK00871,2026-01-21,Rabu,13:05,Keuangan,Akun/Login,Sedang,WhatsApp,24,4.8,1,Tidak,Sesuai SLA,5
TIK00872,2026-01-21,Rabu,14:35,Keuangan,Internet/WiFi,Sedang,Datang Langsung,27,7.5,1,Tidak,Sesuai SLA,5
TIK00873,2026-01-21,Rabu,14:50,Laboratorium,Sistem Akademik,Tinggi,Form Online,37,12.4,1,Tidak,Lewat SLA,3
TIK00874,2026-01-21,Rabu,15:00,Perpustakaan,Printer,Rendah,Email,95,4.3,2,Tidak,Sesuai SLA,4
TIK00875,2026-01-21,Rabu,15:15,Akademik,Komputer/Laptop,Tinggi,WhatsApp,30,6.6,2,Tidak,Lewat SLA,4
TIK00876,2026-01-21,Rabu,17:50,Keuangan,Akun/Login,Sedang,Datang Langsung,53,8.7,1,Ya,Sesuai SLA,4
TIK00877,2026-01-22,Kamis,07:00,Program Studi,Internet/WiFi,Rendah,Email,87,8.0,1,Tidak,Sesuai SLA,3
TIK00878,2026-01-22,Kamis,07:00,Program Studi,Komputer/Laptop,Sedang,WhatsApp,27,5.1,1,Tidak,Sesuai SLA,4
TIK00879,2026-01-22,Kamis,07:35,Akademik,Internet/WiFi,Sedang,Form Online,40,12.3,2,Ya,Lewat SLA,4
TIK00880,2026-01-22,Kamis,07:45,Program Studi,Printer,Rendah,Datang Langsung,26,1.8,1,Tidak,Sesuai SLA,4
TIK00881,2026-01-22,Kamis,08:00,Laboratorium,Internet/WiFi,Tinggi,Email,61,9.0,2,Tidak,Lewat SLA,4
TIK00882,2026-01-22,Kamis,08:00,Program Studi,Akun/Login,Rendah,Datang Langsung,44,1.9,1,Tidak,Sesuai SLA,5
TIK00883,2026-01-22,Kamis,08:10,Keuangan,Akun/Login,Rendah,Form Online,62,2.2,1,Tidak,Sesuai SLA,5
TIK00884,2026-01-22,Kamis,08:15,Akademik,Komputer/Laptop,Rendah,Form Online,58,5.3,1,Tidak,Sesuai SLA,3
TIK00885,2026-01-22,Kamis,08:15,Program Studi,Proyektor,Rendah,Email,78,4.3,2,Tidak,Sesuai SLA,4
TIK00886,2026-01-22,Kamis,08:20,Perpustakaan,Internet/WiFi,Tinggi,Email,67,11.0,2,Ya,Lewat SLA,2
TIK00887,2026-01-22,Kamis,08:40,Perpustakaan,Akun/Login,Sedang,Email,60,4.8,2,Tidak,Sesuai SLA,5
TIK00888,2026-01-22,Kamis,08:45,Umum,Proyektor,Rendah,WhatsApp,42,6.4,1,Tidak,Sesuai SLA,5
TIK00889,2026-01-22,Kamis,09:10,Keuangan,Komputer/Laptop,Rendah,WhatsApp,62,10.8,1,Ya,Sesuai SLA,4
TIK00890,2026-01-22,Kamis,09:20,Perpustakaan,Komputer/Laptop,Sedang,Email,116,8.2,1,Tidak,Sesuai SLA,4
TIK00891,2026-01-22,Kamis,09:25,Kemahasiswaan,Printer,Rendah,WhatsApp,38,5.9,2,Tidak,Sesuai SLA,5
TIK00892,2026-01-22,Kamis,09:30,Program Studi,Internet/WiFi,Sedang,Email,64,11.7,1,Ya,Lewat SLA,3
TIK00893,2026-01-22,Kamis,09:40,Keuangan,Printer,Sedang,Form Online,101,3.1,2,Tidak,Sesuai SLA,4
TIK00894,2026-01-22,Kamis,09:50,Kemahasiswaan,Internet/WiFi,Rendah,WhatsApp,42,9.1,1,Tidak,Sesuai SLA,4
TIK00895,2026-01-22,Kamis,09:55,Laboratorium,Komputer/Laptop,Tinggi,Form Online,39,8.1,3,Tidak,Lewat SLA,3
TIK00896,2026-01-22,Kamis,10:05,Program Studi,Sistem Akademik,Rendah,Email,73,10.1,1,Tidak,Sesuai SLA,4
TIK00897,2026-01-22,Kamis,10:10,Kemahasiswaan,Internet/WiFi,Sedang,WhatsApp,34,11.8,1,Ya,Lewat SLA,2
TIK00898,2026-01-22,Kamis,10:10,Kemahasiswaan,Internet/WiFi,Rendah,Form Online,50,5.5,1,Tidak,Sesuai SLA,4
TIK00899,2026-01-22,Kamis,10:35,Kemahasiswaan,Komputer/Laptop,Sedang,Form Online,51,5.2,1,Tidak,Sesuai SLA,4
TIK00900,2026-01-22,Kamis,10:35,Akademik,Internet/WiFi,Sedang,Email,95,10.6,2,Tidak,Lewat SLA,4
TIK00901,2026-01-22,Kamis,10:50,Umum,Printer,Rendah,WhatsApp,37,6.5,1,Tidak,Sesuai SLA,5
TIK00902,2026-01-22,Kamis,10:55,Akademik,Akun/Login,Rendah,Form Online,70,1.5,1,Tidak,Sesuai SLA,4
TIK00903,2026-01-22,Kamis,11:00,Laboratorium,Internet/WiFi,Tinggi,WhatsApp,30,12.6,2,Ya,Lewat SLA,4
TIK00904,2026-01-22,Kamis,11:10,Program Studi,Internet/WiFi,Sedang,WhatsApp,56,7.4,1,Tidak,Sesuai SLA,4
TIK00905,2026-01-22,Kamis,11:35,Akademik,Komputer/Laptop,Sedang,Datang Langsung,31,11.8,1,Ya,Lewat SLA,2
TIK00906,2026-01-22,Kamis,11:40,Program Studi,Akun/Login,Sedang,WhatsApp,25,2.9,2,Tidak,Sesuai SLA,4
TIK00907,2026-01-22,Kamis,11:50,Perpustakaan,Internet/WiFi,Rendah,Form Online,50,7.7,2,Ya,Sesuai SLA,5
TIK00908,2026-01-22,Kamis,12:00,Program Studi,Sistem Akademik,Rendah,Email,91,8.2,2,Tidak,Sesuai SLA,4
TIK00909,2026-01-22,Kamis,12:10,Program Studi,Komputer/Laptop,Rendah,Form Online,77,7.3,1,Tidak,Sesuai SLA,4
TIK00910,2026-01-22,Kamis,12:45,Keuangan,Komputer/Laptop,Rendah,Form Online,56,7.5,1,Tidak,Sesuai SLA,4
TIK00911,2026-01-22,Kamis,13:05,Perpustakaan,Komputer/Laptop,Rendah,WhatsApp,67,5.2,1,Tidak,Sesuai SLA,4
TIK00912,2026-01-22,Kamis,13:10,Laboratorium,Akun/Login,Tinggi,WhatsApp,31,3.1,3,Tidak,Sesuai SLA,5
TIK00913,2026-01-22,Kamis,14:15,Program Studi,Internet/WiFi,Tinggi,Datang Langsung,11,6.3,1,Tidak,Lewat SLA,3
TIK00914,2026-01-22,Kamis,15:10,Laboratorium,Printer,Sedang,WhatsApp,62,4.0,2,Tidak,Sesuai SLA,4
TIK00915,2026-01-22,Kamis,15:30,Kemahasiswaan,Akun/Login,Rendah,Form Online,79,2.0,1,Tidak,Sesuai SLA,5
TIK00916,2026-01-22,Kamis,17:00,Keuangan,Sistem Akademik,Tinggi,Email,66,15.5,3,Ya,Lewat SLA,3
TIK00917,2026-01-23,Jumat,07:05,Keuangan,Komputer/Laptop,Sedang,WhatsApp,34,5.7,1,Tidak,Sesuai SLA,5
TIK00918,2026-01-23,Jumat,07:10,Laboratorium,Proyektor,Rendah,Form Online,79,5.6,1,Tidak,Sesuai SLA,5
TIK00919,2026-01-23,Jumat,07:25,Program Studi,Sistem Akademik,Sedang,Form Online,56,7.7,1,Tidak,Sesuai SLA,4
TIK00920,2026-01-23,Jumat,07:25,Kemahasiswaan,Sistem Akademik,Rendah,WhatsApp,67,9.6,1,Tidak,Sesuai SLA,4
TIK00921,2026-01-23,Jumat,07:45,Perpustakaan,Internet/WiFi,Rendah,Email,84,7.0,2,Tidak,Sesuai SLA,4
TIK00922,2026-01-23,Jumat,07:45,Laboratorium,Proyektor,Sedang,WhatsApp,47,3.7,2,Tidak,Sesuai SLA,5
TIK00923,2026-01-23,Jumat,07:50,Program Studi,Komputer/Laptop,Rendah,Email,91,15.6,1,Ya,Sesuai SLA,3
TIK00924,2026-01-23,Jumat,07:50,Akademik,Proyektor,Sedang,Email,62,11.4,1,Ya,Lewat SLA,2
TIK00925,2026-01-23,Jumat,08:25,Umum,Akun/Login,Rendah,WhatsApp,45,2.7,1,Tidak,Sesuai SLA,5
TIK00926,2026-01-23,Jumat,08:25,Program Studi,Sistem Akademik,Sedang,Email,66,10.7,1,Tidak,Lewat SLA,3
TIK00927,2026-01-23,Jumat,08:30,Keuangan,Akun/Login,Tinggi,Form Online,31,4.1,2,Tidak,Sesuai SLA,4
TIK00928,2026-01-23,Jumat,08:40,Akademik,Internet/WiFi,Sedang,Form Online,40,7.4,1,Tidak,Sesuai SLA,4
TIK00929,2026-01-23,Jumat,09:20,Akademik,Komputer/Laptop,Rendah,Form Online,75,4.5,2,Tidak,Sesuai SLA,3
TIK00930,2026-01-23,Jumat,09:40,Kemahasiswaan,Internet/WiFi,Rendah,WhatsApp,41,10.2,2,Tidak,Sesuai SLA,4
TIK00931,2026-01-23,Jumat,09:45,Akademik,Sistem Akademik,Rendah,Form Online,60,10.4,1,Ya,Sesuai SLA,4
TIK00932,2026-01-23,Jumat,09:45,Akademik,Komputer/Laptop,Rendah,WhatsApp,50,7.1,1,Tidak,Sesuai SLA,4
TIK00933,2026-01-23,Jumat,09:50,Keuangan,Komputer/Laptop,Rendah,Form Online,55,5.6,1,Tidak,Sesuai SLA,4
TIK00934,2026-01-23,Jumat,09:55,Umum,Internet/WiFi,Rendah,WhatsApp,62,7.1,1,Tidak,Sesuai SLA,4
TIK00935,2026-01-23,Jumat,10:05,Akademik,Sistem Akademik,Sedang,WhatsApp,30,8.4,2,Tidak,Sesuai SLA,4
TIK00936,2026-01-23,Jumat,10:10,Perpustakaan,Printer,Sedang,Form Online,41,2.6,1,Tidak,Sesuai SLA,4
TIK00937,2026-01-23,Jumat,10:30,Laboratorium,Internet/WiFi,Sedang,Email,69,9.8,1,Tidak,Sesuai SLA,3
TIK00938,2026-01-23,Jumat,10:40,Kemahasiswaan,Akun/Login,Rendah,WhatsApp,38,3.2,1,Tidak,Sesuai SLA,5
TIK00939,2026-01-23,Jumat,10:40,Perpustakaan,Sistem Akademik,Rendah,Email,85,9.0,1,Tidak,Sesuai SLA,3
TIK00940,2026-01-23,Jumat,11:10,Keuangan,Komputer/Laptop,Sedang,Form Online,55,7.8,1,Tidak,Sesuai SLA,5
TIK00941,2026-01-23,Jumat,11:35,Program Studi,Akun/Login,Tinggi,WhatsApp,43,3.3,1,Tidak,Sesuai SLA,5
TIK00942,2026-01-23,Jumat,11:45,Umum,Internet/WiFi,Sedang,WhatsApp,28,7.1,1,Tidak,Sesuai SLA,5
TIK00943,2026-01-23,Jumat,11:50,Keuangan,Proyektor,Rendah,WhatsApp,56,3.7,1,Tidak,Sesuai SLA,4
TIK00944,2026-01-23,Jumat,12:00,Keuangan,Sistem Akademik,Sedang,WhatsApp,46,7.5,1,Tidak,Sesuai SLA,4
TIK00945,2026-01-23,Jumat,12:15,Laboratorium,Komputer/Laptop,Rendah,WhatsApp,47,7.1,1,Tidak,Sesuai SLA,5
TIK00946,2026-01-23,Jumat,12:20,Perpustakaan,Akun/Login,Rendah,WhatsApp,73,2.3,2,Tidak,Sesuai SLA,4
TIK00947,2026-01-23,Jumat,12:30,Umum,Akun/Login,Sedang,Form Online,43,2.2,1,Tidak,Sesuai SLA,5
TIK00948,2026-01-23,Jumat,12:35,Laboratorium,Internet/WiFi,Rendah,WhatsApp,48,5.6,1,Tidak,Sesuai SLA,4
TIK00949,2026-01-23,Jumat,12:50,Akademik,Akun/Login,Rendah,Email,109,8.2,1,Tidak,Sesuai SLA,3
TIK00950,2026-01-23,Jumat,12:55,Program Studi,Proyektor,Sedang,WhatsApp,32,5.0,1,Ya,Sesuai SLA,5
TIK00951,2026-01-23,Jumat,13:10,Program Studi,Internet/WiFi,Tinggi,WhatsApp,47,14.1,3,Ya,Lewat SLA,3
TIK00952,2026-01-23,Jumat,13:35,Akademik,Komputer/Laptop,Rendah,Form Online,54,5.7,2,Tidak,Sesuai SLA,4
TIK00953,2026-01-23,Jumat,13:55,Laboratorium,Sistem Akademik,Tinggi,WhatsApp,12,12.0,2,Ya,Lewat SLA,4
TIK00954,2026-01-23,Jumat,14:10,Laboratorium,Sistem Akademik,Rendah,Datang Langsung,52,13.1,1,Ya,Sesuai SLA,3
TIK00955,2026-01-23,Jumat,14:35,Laboratorium,Komputer/Laptop,Tinggi,WhatsApp,29,9.1,1,Ya,Lewat SLA,4
TIK00956,2026-01-23,Jumat,14:40,Perpustakaan,Akun/Login,Rendah,Email,86,3.3,2,Tidak,Sesuai SLA,4
TIK00957,2026-01-23,Jumat,14:40,Laboratorium,Sistem Akademik,Rendah,Email,81,9.7,1,Tidak,Sesuai SLA,4
TIK00958,2026-01-23,Jumat,14:40,Umum,Komputer/Laptop,Sedang,Form Online,48,7.3,1,Tidak,Sesuai SLA,4
TIK00959,2026-01-23,Jumat,16:05,Kemahasiswaan,Sistem Akademik,Tinggi,Datang Langsung,23,10.0,3,Tidak,Lewat SLA,4
TIK00960,2026-01-23,Jumat,17:35,Laboratorium,Internet/WiFi,Rendah,Datang Langsung,45,6.6,1,Tidak,Sesuai SLA,4
TIK00961,2026-01-24,Sabtu,07:00,Akademik,Sistem Akademik,Rendah,WhatsApp,43,9.3,1,Tidak,Sesuai SLA,3
TIK00962,2026-01-24,Sabtu,07:05,Program Studi,Proyektor,Tinggi,Datang Langsung,28,3.9,2,Tidak,Sesuai SLA,5
TIK00963,2026-01-24,Sabtu,07:20,Laboratorium,Proyektor,Sedang,Email,69,3.1,1,Tidak,Sesuai SLA,5
TIK00964,2026-01-24,Sabtu,07:30,Umum,Proyektor,Rendah,Form Online,67,2.4,1,Tidak,Sesuai SLA,5
TIK00965,2026-01-24,Sabtu,07:30,Umum,Printer,Rendah,WhatsApp,47,2.2,1,Tidak,Sesuai SLA,5
TIK00966,2026-01-24,Sabtu,07:35,Kemahasiswaan,Akun/Login,Rendah,Email,85,3.4,1,Tidak,Sesuai SLA,4
TIK00967,2026-01-24,Sabtu,08:00,Akademik,Printer,Rendah,Form Online,58,3.7,1,Tidak,Sesuai SLA,5
TIK00968,2026-01-24,Sabtu,08:10,Keuangan,Internet/WiFi,Rendah,Datang Langsung,32,11.0,1,Ya,Sesuai SLA,3
TIK00969,2026-01-24,Sabtu,08:30,Umum,Akun/Login,Sedang,WhatsApp,35,1.8,1,Tidak,Sesuai SLA,5
TIK00970,2026-01-24,Sabtu,08:50,Kemahasiswaan,Komputer/Laptop,Tinggi,WhatsApp,68,11.3,3,Ya,Lewat SLA,4
TIK00971,2026-01-24,Sabtu,09:00,Kemahasiswaan,Sistem Akademik,Tinggi,Form Online,37,8.4,2,Tidak,Lewat SLA,3
TIK00972,2026-01-24,Sabtu,09:10,Akademik,Komputer/Laptop,Sedang,Form Online,82,5.8,1,Tidak,Sesuai SLA,4
TIK00973,2026-01-24,Sabtu,09:20,Kemahasiswaan,Internet/WiFi,Sedang,Form Online,39,9.9,2,Ya,Sesuai SLA,4
TIK00974,2026-01-24,Sabtu,09:25,Umum,Akun/Login,Rendah,WhatsApp,47,3.2,1,Tidak,Sesuai SLA,5
TIK00975,2026-01-24,Sabtu,09:45,Program Studi,Komputer/Laptop,Tinggi,Form Online,34,6.2,2,Tidak,Lewat SLA,4
TIK00976,2026-01-24,Sabtu,09:45,Keuangan,Internet/WiFi,Sedang,WhatsApp,30,7.9,2,Tidak,Sesuai SLA,5
TIK00977,2026-01-24,Sabtu,09:50,Program Studi,Internet/WiFi,Rendah,Form Online,70,6.5,1,Tidak,Sesuai SLA,3
TIK00978,2026-01-24,Sabtu,10:05,Akademik,Akun/Login,Rendah,Email,93,5.9,2,Tidak,Sesuai SLA,5
TIK00979,2026-01-24,Sabtu,10:30,Kemahasiswaan,Internet/WiFi,Tinggi,Form Online,36,13.0,2,Tidak,Lewat SLA,2
TIK00980,2026-01-24,Sabtu,10:40,Akademik,Proyektor,Rendah,Form Online,81,3.9,1,Tidak,Sesuai SLA,4
TIK00981,2026-01-24,Sabtu,10:45,Laboratorium,Akun/Login,Rendah,Datang Langsung,27,4.5,1,Tidak,Sesuai SLA,5
TIK00982,2026-01-24,Sabtu,10:45,Akademik,Printer,Rendah,Datang Langsung,31,5.0,1,Ya,Sesuai SLA,5
TIK00983,2026-01-24,Sabtu,10:50,Akademik,Sistem Akademik,Sedang,Form Online,55,10.3,2,Ya,Lewat SLA,3
TIK00984,2026-01-24,Sabtu,11:00,Keuangan,Akun/Login,Rendah,Datang Langsung,44,3.3,1,Tidak,Sesuai SLA,5
TIK00985,2026-01-24,Sabtu,11:00,Program Studi,Internet/WiFi,Rendah,Email,74,7.2,1,Tidak,Sesuai SLA,4
TIK00986,2026-01-24,Sabtu,11:10,Program Studi,Proyektor,Rendah,WhatsApp,64,2.6,1,Tidak,Sesuai SLA,5
TIK00987,2026-01-24,Sabtu,11:15,Program Studi,Internet/WiFi,Tinggi,Form Online,43,13.4,3,Ya,Lewat SLA,3
TIK00988,2026-01-24,Sabtu,11:25,Kemahasiswaan,Internet/WiFi,Sedang,Email,60,8.9,1,Tidak,Sesuai SLA,4
TIK00989,2026-01-24,Sabtu,11:35,Program Studi,Akun/Login,Sedang,WhatsApp,41,4.1,1,Tidak,Sesuai SLA,5
TIK00990,2026-01-24,Sabtu,11:35,Keuangan,Sistem Akademik,Rendah,Email,108,7.9,1,Tidak,Sesuai SLA,3
TIK00991,2026-01-24,Sabtu,11:40,Kemahasiswaan,Akun/Login,Rendah,WhatsApp,35,3.9,2,Tidak,Sesuai SLA,5
TIK00992,2026-01-24,Sabtu,11:45,Akademik,Komputer/Laptop,Sedang,WhatsApp,28,7.4,1,Tidak,Sesuai SLA,4
TIK00993,2026-01-24,Sabtu,11:45,Keuangan,Akun/Login,Rendah,Email,89,4.6,2,Tidak,Sesuai SLA,4
TIK00994,2026-01-24,Sabtu,11:50,Keuangan,Akun/Login,Rendah,Form Online,55,1.8,2,Tidak,Sesuai SLA,3
TIK00995,2026-01-24,Sabtu,11:55,Program Studi,Sistem Akademik,Tinggi,Email,69,10.7,3,Tidak,Lewat SLA,4
TIK00996,2026-01-24,Sabtu,12:10,Umum,Akun/Login,Rendah,WhatsApp,70,2.4,1,Tidak,Sesuai SLA,5
TIK00997,2026-01-24,Sabtu,12:25,Akademik,Internet/WiFi,Sedang,Email,85,9.3,1,Tidak,Sesuai SLA,4
TIK00998,2026-01-24,Sabtu,12:25,Program Studi,Sistem Akademik,Sedang,Form Online,54,8.0,1,Tidak,Sesuai SLA,4
TIK00999,2026-01-24,Sabtu,12:25,Akademik,Sistem Akademik,Rendah,Form Online,79,8.9,1,Tidak,Sesuai SLA,3
TIK01000,2026-01-24,Sabtu,12:40,Keuangan,Internet/WiFi,Sedang,WhatsApp,31,7.2,1,Tidak,Sesuai SLA,4
TIK01001,2026-01-24,Sabtu,13:20,Kemahasiswaan,Akun/Login,Rendah,WhatsApp,74,4.1,2,Tidak,Sesuai SLA,4
TIK01002,2026-01-24,Sabtu,14:30,Program Studi,Internet/WiFi,Tinggi,WhatsApp,16,8.9,2,Tidak,Lewat SLA,4
TIK01003,2026-01-24,Sabtu,15:30,Laboratorium,Akun/Login,Rendah,WhatsApp,56,2.5,1,Tidak,Sesuai SLA,5
TIK01004,2026-01-24,Sabtu,16:15,Keuangan,Akun/Login,Rendah,WhatsApp,32,5.6,1,Tidak,Sesuai SLA,5
TIK01005,2026-01-24,Sabtu,16:30,Akademik,Akun/Login,Rendah,Email,105,3.5,1,Tidak,Sesuai SLA,4
TIK01006,2026-01-24,Sabtu,16:35,Kemahasiswaan,Sistem Akademik,Rendah,Email,70,11.5,1,Ya,Sesuai SLA,4
TIK01007,2026-01-25,Minggu,07:00,Akademik,Proyektor,Sedang,Email,61,4.0,2,Tidak,Sesuai SLA,5
TIK01008,2026-01-25,Minggu,07:20,Kemahasiswaan,Akun/Login,Rendah,WhatsApp,42,6.9,1,Tidak,Sesuai SLA,5
TIK01009,2026-01-25,Minggu,07:30,Perpustakaan,Sistem Akademik,Rendah,WhatsApp,42,11.1,1,Tidak,Sesuai SLA,4
TIK01010,2026-01-25,Minggu,07:50,Keuangan,Akun/Login,Tinggi,WhatsApp,36,4.0,1,Tidak,Sesuai SLA,4
TIK01011,2026-01-25,Minggu,08:00,Program Studi,Komputer/Laptop,Rendah,Datang Langsung,41,4.3,1,Tidak,Sesuai SLA,5
TIK01012,2026-01-25,Minggu,08:15,Program Studi,Sistem Akademik,Sedang,Datang Langsung,48,7.8,1,Tidak,Sesuai SLA,4
TIK01013,2026-01-25,Minggu,08:35,Keuangan,Akun/Login,Sedang,WhatsApp,44,4.6,1,Tidak,Sesuai SLA,5
TIK01014,2026-01-25,Minggu,08:35,Laboratorium,Akun/Login,Rendah,WhatsApp,66,1.4,1,Tidak,Sesuai SLA,5
TIK01015,2026-01-25,Minggu,09:00,Laboratorium,Sistem Akademik,Sedang,WhatsApp,57,10.1,1,Tidak,Lewat SLA,3
TIK01016,2026-01-25,Minggu,09:00,Kemahasiswaan,Akun/Login,Rendah,Email,76,3.6,1,Tidak,Sesuai SLA,4
TIK01017,2026-01-25,Minggu,09:20,Keuangan,Komputer/Laptop,Sedang,Form Online,68,6.7,1,Tidak,Sesuai SLA,4
TIK01018,2026-01-25,Minggu,09:40,Kemahasiswaan,Internet/WiFi,Rendah,WhatsApp,35,7.3,1,Tidak,Sesuai SLA,5
TIK01019,2026-01-25,Minggu,09:40,Kemahasiswaan,Akun/Login,Rendah,Datang Langsung,28,0.8,1,Tidak,Sesuai SLA,5
TIK01020,2026-01-25,Minggu,09:45,Akademik,Komputer/Laptop,Sedang,Email,103,7.1,2,Tidak,Sesuai SLA,4
TIK01021,2026-01-25,Minggu,10:05,Umum,Internet/WiFi,Sedang,WhatsApp,30,10.8,1,Tidak,Lewat SLA,3
TIK01022,2026-01-25,Minggu,10:05,Kemahasiswaan,Akun/Login,Rendah,Datang Langsung,34,1.7,2,Tidak,Sesuai SLA,5
TIK01023,2026-01-25,Minggu,10:10,Kemahasiswaan,Printer,Sedang,WhatsApp,35,4.8,1,Tidak,Sesuai SLA,4
TIK01024,2026-01-25,Minggu,10:15,Perpustakaan,Komputer/Laptop,Rendah,Email,89,6.3,2,Tidak,Sesuai SLA,4
TIK01025,2026-01-25,Minggu,10:20,Laboratorium,Internet/WiFi,Rendah,WhatsApp,52,7.3,1,Tidak,Sesuai SLA,5
TIK01026,2026-01-25,Minggu,10:40,Akademik,Sistem Akademik,Sedang,WhatsApp,21,8.0,1,Tidak,Sesuai SLA,4
TIK01027,2026-01-25,Minggu,10:45,Laboratorium,Internet/WiFi,Sedang,Email,67,10.2,1,Tidak,Lewat SLA,3
TIK01028,2026-01-25,Minggu,10:55,Laboratorium,Sistem Akademik,Rendah,Form Online,87,9.8,1,Tidak,Sesuai SLA,4
TIK01029,2026-01-25,Minggu,10:55,Program Studi,Akun/Login,Sedang,Form Online,49,1.8,1,Tidak,Sesuai SLA,5
TIK01030,2026-01-25,Minggu,11:15,Laboratorium,Printer,Sedang,WhatsApp,45,4.5,2,Tidak,Sesuai SLA,4
TIK01031,2026-01-25,Minggu,11:55,Laboratorium,Printer,Rendah,Email,95,4.0,1,Tidak,Sesuai SLA,3
TIK01032,2026-01-25,Minggu,11:55,Perpustakaan,Internet/WiFi,Sedang,WhatsApp,32,8.0,1,Tidak,Sesuai SLA,5
TIK01033,2026-01-25,Minggu,12:00,Keuangan,Proyektor,Sedang,WhatsApp,34,6.0,1,Tidak,Sesuai SLA,5
TIK01034,2026-01-25,Minggu,12:15,Akademik,Komputer/Laptop,Rendah,Email,73,5.7,1,Tidak,Sesuai SLA,4
TIK01035,2026-01-25,Minggu,12:50,Perpustakaan,Akun/Login,Rendah,Datang Langsung,63,4.5,2,Tidak,Sesuai SLA,4
TIK01036,2026-01-25,Minggu,13:00,Kemahasiswaan,Sistem Akademik,Rendah,WhatsApp,92,14.0,2,Ya,Sesuai SLA,4
TIK01037,2026-01-25,Minggu,13:00,Program Studi,Sistem Akademik,Rendah,Form Online,55,7.5,1,Tidak,Sesuai SLA,3
TIK01038,2026-01-25,Minggu,13:10,Kemahasiswaan,Internet/WiFi,Rendah,WhatsApp,31,8.6,1,Tidak,Sesuai SLA,5
TIK01039,2026-01-25,Minggu,13:20,Akademik,Internet/WiFi,Rendah,WhatsApp,43,9.9,1,Tidak,Sesuai SLA,3
TIK01040,2026-01-25,Minggu,13:20,Keuangan,Komputer/Laptop,Rendah,Form Online,53,5.3,1,Tidak,Sesuai SLA,4
TIK01041,2026-01-25,Minggu,13:40,Program Studi,Akun/Login,Rendah,Datang Langsung,33,2.6,1,Tidak,Sesuai SLA,5
TIK01042,2026-01-25,Minggu,13:40,Laboratorium,Komputer/Laptop,Sedang,WhatsApp,95,10.6,1,Ya,Lewat SLA,2
TIK01043,2026-01-25,Minggu,13:45,Program Studi,Internet/WiFi,Tinggi,WhatsApp,12,8.8,2,Tidak,Lewat SLA,3
TIK01044,2026-01-25,Minggu,13:45,Program Studi,Printer,Rendah,Email,93,4.9,1,Tidak,Sesuai SLA,5
TIK01045,2026-01-25,Minggu,13:55,Keuangan,Internet/WiFi,Sedang,Form Online,52,11.6,1,Ya,Lewat SLA,3
TIK01046,2026-01-25,Minggu,14:40,Akademik,Sistem Akademik,Sedang,Email,74,8.6,1,Tidak,Sesuai SLA,5
TIK01047,2026-01-25,Minggu,14:40,Program Studi,Internet/WiFi,Rendah,Form Online,55,5.8,1,Tidak,Sesuai SLA,4
TIK01048,2026-01-25,Minggu,14:50,Akademik,Proyektor,Tinggi,Form Online,37,4.3,2,Tidak,Sesuai SLA,4
TIK01049,2026-01-25,Minggu,16:25,Laboratorium,Printer,Sedang,WhatsApp,25,3.6,1,Tidak,Sesuai SLA,5
TIK01050,2026-01-26,Senin,07:15,Umum,Sistem Akademik,Sedang,Form Online,56,11.2,1,Tidak,Lewat SLA,3
TIK01051,2026-01-26,Senin,07:20,Program Studi,Printer,Rendah,WhatsApp,33,5.8,1,Ya,Sesuai SLA,4
TIK01052,2026-01-26,Senin,07:40,Akademik,Komputer/Laptop,Rendah,Form Online,62,4.4,1,Tidak,Sesuai SLA,5
TIK01053,2026-01-26,Senin,07:40,Akademik,Komputer/Laptop,Tinggi,Datang Langsung,40,7.7,1,Ya,Lewat SLA,4
TIK01054,2026-01-26,Senin,07:40,Laboratorium,Komputer/Laptop,Sedang,WhatsApp,22,5.1,2,Tidak,Sesuai SLA,4
TIK01055,2026-01-26,Senin,07:45,Akademik,Sistem Akademik,Rendah,WhatsApp,34,10.3,2,Ya,Sesuai SLA,5
TIK01056,2026-01-26,Senin,07:50,Kemahasiswaan,Proyektor,Sedang,WhatsApp,21,3.9,1,Tidak,Sesuai SLA,5
TIK01057,2026-01-26,Senin,07:50,Umum,Proyektor,Rendah,Form Online,64,4.6,2,Tidak,Sesuai SLA,4
TIK01058,2026-01-26,Senin,07:55,Laboratorium,Proyektor,Rendah,WhatsApp,88,6.3,1,Tidak,Sesuai SLA,4
TIK01059,2026-01-26,Senin,08:00,Program Studi,Sistem Akademik,Tinggi,Email,62,11.6,2,Ya,Lewat SLA,3
TIK01060,2026-01-26,Senin,08:20,Program Studi,Sistem Akademik,Sedang,Form Online,53,7.9,1,Tidak,Sesuai SLA,5
TIK01061,2026-01-26,Senin,09:20,Program Studi,Internet/WiFi,Sedang,Email,62,9.5,1,Tidak,Sesuai SLA,4
TIK01062,2026-01-26,Senin,09:35,Laboratorium,Internet/WiFi,Tinggi,Email,57,11.8,2,Tidak,Lewat SLA,3
TIK01063,2026-01-26,Senin,09:35,Laboratorium,Akun/Login,Tinggi,Email,82,7.9,1,Ya,Lewat SLA,3
TIK01064,2026-01-26,Senin,09:50,Laboratorium,Akun/Login,Tinggi,WhatsApp,20,4.6,3,Tidak,Sesuai SLA,5
TIK01065,2026-01-26,Senin,10:00,Kemahasiswaan,Printer,Rendah,Form Online,61,5.7,1,Tidak,Sesuai SLA,4
TIK01066,2026-01-26,Senin,10:00,Keuangan,Akun/Login,Rendah,Form Online,52,2.9,1,Tidak,Sesuai SLA,4
TIK01067,2026-01-26,Senin,10:15,Akademik,Akun/Login,Rendah,Form Online,51,2.4,1,Tidak,Sesuai SLA,4
TIK01068,2026-01-26,Senin,11:05,Program Studi,Sistem Akademik,Sedang,WhatsApp,29,8.3,2,Tidak,Sesuai SLA,5
TIK01069,2026-01-26,Senin,11:05,Kemahasiswaan,Printer,Sedang,Datang Langsung,30,2.4,1,Tidak,Sesuai SLA,4
TIK01070,2026-01-26,Senin,11:15,Akademik,Internet/WiFi,Sedang,WhatsApp,53,8.9,1,Ya,Sesuai SLA,4
TIK01071,2026-01-26,Senin,11:15,Umum,Sistem Akademik,Sedang,Email,56,9.6,2,Tidak,Sesuai SLA,5
TIK01072,2026-01-26,Senin,11:20,Perpustakaan,Sistem Akademik,Tinggi,Form Online,75,11.5,3,Tidak,Lewat SLA,3
TIK01073,2026-01-26,Senin,11:30,Perpustakaan,Printer,Rendah,Form Online,83,2.3,1,Tidak,Sesuai SLA,4
TIK01074,2026-01-26,Senin,11:50,Akademik,Printer,Sedang,WhatsApp,40,3.1,1,Tidak,Sesuai SLA,5
TIK01075,2026-01-26,Senin,11:50,Akademik,Akun/Login,Sedang,WhatsApp,24,2.2,1,Tidak,Sesuai SLA,5
TIK01076,2026-01-26,Senin,11:50,Kemahasiswaan,Printer,Rendah,Form Online,67,6.2,1,Tidak,Sesuai SLA,3
TIK01077,2026-01-26,Senin,11:55,Program Studi,Internet/WiFi,Rendah,Form Online,96,7.0,1,Tidak,Sesuai SLA,3
TIK01078,2026-01-26,Senin,11:55,Program Studi,Printer,Rendah,Form Online,52,4.0,1,Tidak,Sesuai SLA,4
TIK01079,2026-01-26,Senin,12:15,Keuangan,Proyektor,Sedang,WhatsApp,34,2.7,1,Tidak,Sesuai SLA,4
TIK01080,2026-01-26,Senin,12:15,Laboratorium,Akun/Login,Rendah,Form Online,72,4.1,1,Ya,Sesuai SLA,4
TIK01081,2026-01-26,Senin,12:30,Keuangan,Proyektor,Sedang,WhatsApp,25,2.3,1,Tidak,Sesuai SLA,4
TIK01082,2026-01-26,Senin,12:35,Keuangan,Sistem Akademik,Rendah,WhatsApp,39,7.4,2,Tidak,Sesuai SLA,5
TIK01083,2026-01-26,Senin,12:40,Laboratorium,Akun/Login,Sedang,WhatsApp,39,5.9,1,Tidak,Sesuai SLA,5
TIK01084,2026-01-26,Senin,12:45,Kemahasiswaan,Printer,Sedang,WhatsApp,52,3.1,1,Tidak,Sesuai SLA,5
TIK01085,2026-01-26,Senin,12:45,Program Studi,Internet/WiFi,Sedang,WhatsApp,37,6.4,2,Tidak,Sesuai SLA,4
TIK01086,2026-01-26,Senin,13:10,Umum,Internet/WiFi,Sedang,WhatsApp,24,14.8,1,Ya,Lewat SLA,3
TIK01087,2026-01-26,Senin,13:10,Kemahasiswaan,Proyektor,Rendah,WhatsApp,80,4.9,1,Tidak,Sesuai SLA,4
TIK01088,2026-01-26,Senin,13:10,Akademik,Internet/WiFi,Sedang,Form Online,50,5.9,1,Tidak,Sesuai SLA,4
TIK01089,2026-01-26,Senin,13:15,Program Studi,Internet/WiFi,Tinggi,WhatsApp,18,7.8,2,Tidak,Lewat SLA,3
TIK01090,2026-01-26,Senin,13:20,Laboratorium,Komputer/Laptop,Sedang,Email,80,8.8,1,Tidak,Sesuai SLA,4
TIK01091,2026-01-26,Senin,14:20,Laboratorium,Akun/Login,Rendah,Form Online,62,1.1,1,Tidak,Sesuai SLA,5
TIK01092,2026-01-26,Senin,14:35,Laboratorium,Internet/WiFi,Sedang,WhatsApp,20,9.7,1,Ya,Sesuai SLA,4
TIK01093,2026-01-26,Senin,14:50,Kemahasiswaan,Internet/WiFi,Tinggi,WhatsApp,27,8.1,1,Tidak,Lewat SLA,3
TIK01094,2026-01-26,Senin,14:50,Keuangan,Internet/WiFi,Sedang,Datang Langsung,44,8.6,1,Tidak,Sesuai SLA,4
TIK01095,2026-01-26,Senin,14:50,Perpustakaan,Internet/WiFi,Sedang,Email,64,8.8,1,Tidak,Sesuai SLA,5
TIK01096,2026-01-26,Senin,15:35,Umum,Internet/WiFi,Tinggi,WhatsApp,17,8.7,2,Tidak,Lewat SLA,4
TIK01097,2026-01-27,Selasa,07:10,Keuangan,Internet/WiFi,Rendah,WhatsApp,51,13.1,1,Ya,Sesuai SLA,5
TIK01098,2026-01-27,Selasa,07:50,Akademik,Komputer/Laptop,Rendah,WhatsApp,46,4.4,2,Tidak,Sesuai SLA,4
TIK01099,2026-01-27,Selasa,08:00,Keuangan,Printer,Rendah,WhatsApp,71,5.0,2,Tidak,Sesuai SLA,5
TIK01100,2026-01-27,Selasa,08:45,Kemahasiswaan,Printer,Rendah,Email,68,4.6,1,Tidak,Sesuai SLA,4
TIK01101,2026-01-27,Selasa,08:55,Laboratorium,Akun/Login,Sedang,Form Online,65,2.7,1,Tidak,Sesuai SLA,5
TIK01102,2026-01-27,Selasa,09:10,Program Studi,Printer,Rendah,Form Online,116,6.7,1,Ya,Sesuai SLA,3
TIK01103,2026-01-27,Selasa,09:15,Perpustakaan,Printer,Rendah,WhatsApp,39,4.8,1,Tidak,Sesuai SLA,4
TIK01104,2026-01-27,Selasa,09:20,Akademik,Komputer/Laptop,Rendah,Email,80,5.5,1,Tidak,Sesuai SLA,4
TIK01105,2026-01-27,Selasa,09:20,Perpustakaan,Akun/Login,Rendah,WhatsApp,67,2.7,1,Tidak,Sesuai SLA,4
TIK01106,2026-01-27,Selasa,09:50,Kemahasiswaan,Printer,Sedang,WhatsApp,44,3.5,1,Tidak,Sesuai SLA,5
TIK01107,2026-01-27,Selasa,09:55,Akademik,Akun/Login,Rendah,WhatsApp,43,1.6,1,Tidak,Sesuai SLA,5
TIK01108,2026-01-27,Selasa,10:10,Laboratorium,Internet/WiFi,Sedang,WhatsApp,33,6.6,1,Tidak,Sesuai SLA,4
TIK01109,2026-01-27,Selasa,10:15,Akademik,Internet/WiFi,Sedang,Form Online,46,7.3,1,Tidak,Sesuai SLA,4
TIK01110,2026-01-27,Selasa,10:20,Laboratorium,Internet/WiFi,Tinggi,WhatsApp,16,7.6,2,Tidak,Lewat SLA,4
TIK01111,2026-01-27,Selasa,10:25,Program Studi,Akun/Login,Rendah,Datang Langsung,42,2.5,1,Tidak,Sesuai SLA,5
TIK01112,2026-01-27,Selasa,10:35,Program Studi,Internet/WiFi,Tinggi,Form Online,34,10.5,2,Ya,Lewat SLA,3
TIK01113,2026-01-27,Selasa,10:35,Akademik,Internet/WiFi,Rendah,WhatsApp,68,5.9,2,Tidak,Sesuai SLA,4
TIK01114,2026-01-27,Selasa,10:45,Keuangan,Proyektor,Rendah,Form Online,69,2.0,1,Tidak,Sesuai SLA,5
TIK01115,2026-01-27,Selasa,11:05,Umum,Internet/WiFi,Sedang,WhatsApp,24,6.3,1,Tidak,Sesuai SLA,4
TIK01116,2026-01-27,Selasa,11:05,Akademik,Sistem Akademik,Sedang,WhatsApp,29,10.6,2,Tidak,Lewat SLA,4
TIK01117,2026-01-27,Selasa,11:15,Keuangan,Internet/WiFi,Rendah,WhatsApp,52,7.3,1,Tidak,Sesuai SLA,3
TIK01118,2026-01-27,Selasa,11:20,Umum,Internet/WiFi,Sedang,WhatsApp,74,7.6,1,Tidak,Sesuai SLA,4
TIK01119,2026-01-27,Selasa,11:20,Perpustakaan,Internet/WiFi,Sedang,Form Online,86,5.9,2,Tidak,Sesuai SLA,4
TIK01120,2026-01-27,Selasa,11:25,Umum,Proyektor,Sedang,WhatsApp,20,3.3,1,Tidak,Sesuai SLA,3
TIK01121,2026-01-27,Selasa,11:30,Program Studi,Proyektor,Sedang,WhatsApp,20,2.5,1,Tidak,Sesuai SLA,5
TIK01122,2026-01-27,Selasa,12:05,Program Studi,Internet/WiFi,Rendah,WhatsApp,43,14.5,2,Ya,Sesuai SLA,3
TIK01123,2026-01-27,Selasa,12:05,Laboratorium,Akun/Login,Sedang,WhatsApp,22,2.7,1,Tidak,Sesuai SLA,4
TIK01124,2026-01-27,Selasa,12:10,Program Studi,Sistem Akademik,Tinggi,Datang Langsung,14,10.2,3,Tidak,Lewat SLA,3
TIK01125,2026-01-27,Selasa,12:10,Akademik,Akun/Login,Sedang,Form Online,48,6.5,2,Tidak,Sesuai SLA,4
TIK01126,2026-01-27,Selasa,12:15,Akademik,Printer,Sedang,Form Online,38,3.9,1,Tidak,Sesuai SLA,4
TIK01127,2026-01-27,Selasa,12:20,Keuangan,Komputer/Laptop,Rendah,Email,78,6.5,1,Tidak,Sesuai SLA,4
TIK01128,2026-01-27,Selasa,12:30,Akademik,Internet/WiFi,Sedang,Datang Langsung,60,10.9,1,Tidak,Lewat SLA,3
TIK01129,2026-01-27,Selasa,12:50,Program Studi,Printer,Sedang,Datang Langsung,26,5.0,1,Ya,Sesuai SLA,5
TIK01130,2026-01-27,Selasa,12:55,Program Studi,Internet/WiFi,Tinggi,Form Online,32,11.0,3,Tidak,Lewat SLA,3
TIK01131,2026-01-27,Selasa,13:20,Laboratorium,Sistem Akademik,Sedang,WhatsApp,24,7.5,1,Tidak,Sesuai SLA,4
TIK01132,2026-01-27,Selasa,13:40,Kemahasiswaan,Komputer/Laptop,Rendah,Email,72,5.8,1,Tidak,Sesuai SLA,3
TIK01133,2026-01-27,Selasa,13:55,Laboratorium,Akun/Login,Sedang,Form Online,46,3.8,1,Tidak,Sesuai SLA,5
TIK01134,2026-01-27,Selasa,14:25,Kemahasiswaan,Sistem Akademik,Sedang,WhatsApp,24,10.9,2,Ya,Lewat SLA,3
TIK01135,2026-01-27,Selasa,14:35,Program Studi,Komputer/Laptop,Sedang,WhatsApp,23,5.3,1,Tidak,Sesuai SLA,5
TIK01136,2026-01-27,Selasa,14:35,Akademik,Akun/Login,Sedang,Email,59,3.0,2,Tidak,Sesuai SLA,3
TIK01137,2026-01-27,Selasa,15:05,Program Studi,Akun/Login,Rendah,WhatsApp,44,2.2,1,Tidak,Sesuai SLA,5
TIK01138,2026-01-27,Selasa,15:20,Perpustakaan,Sistem Akademik,Tinggi,Datang Langsung,41,7.7,1,Tidak,Lewat SLA,4
TIK01139,2026-01-27,Selasa,15:30,Perpustakaan,Komputer/Laptop,Rendah,Form Online,70,4.7,1,Tidak,Sesuai SLA,4
TIK01140,2026-01-28,Rabu,07:00,Akademik,Proyektor,Tinggi,WhatsApp,39,5.5,2,Tidak,Sesuai SLA,4
TIK01141,2026-01-28,Rabu,07:35,Umum,Internet/WiFi,Tinggi,WhatsApp,32,11.4,2,Ya,Lewat SLA,3
TIK01142,2026-01-28,Rabu,07:40,Keuangan,Internet/WiFi,Tinggi,Form Online,36,10.3,3,Ya,Lewat SLA,3
TIK01143,2026-01-28,Rabu,07:45,Keuangan,Akun/Login,Sedang,Email,73,3.9,2,Tidak,Sesuai SLA,5
TIK01144,2026-01-28,Rabu,08:00,Akademik,Printer,Rendah,Datang Langsung,41,1.8,1,Tidak,Sesuai SLA,4
TIK01145,2026-01-28,Rabu,08:15,Akademik,Proyektor,Rendah,Email,74,3.5,2,Tidak,Sesuai SLA,5
TIK01146,2026-01-28,Rabu,08:15,Program Studi,Proyektor,Sedang,Form Online,45,7.0,1,Tidak,Sesuai SLA,4
TIK01147,2026-01-28,Rabu,08:20,Akademik,Komputer/Laptop,Rendah,WhatsApp,43,7.0,1,Tidak,Sesuai SLA,4
TIK01148,2026-01-28,Rabu,08:30,Umum,Sistem Akademik,Tinggi,WhatsApp,32,9.8,2,Tidak,Lewat SLA,3
TIK01149,2026-01-28,Rabu,08:30,Kemahasiswaan,Internet/WiFi,Rendah,Email,90,7.0,1,Tidak,Sesuai SLA,4
TIK01150,2026-01-28,Rabu,08:45,Program Studi,Proyektor,Rendah,Form Online,66,4.7,2,Tidak,Sesuai SLA,4
TIK01151,2026-01-28,Rabu,09:15,Laboratorium,Sistem Akademik,Sedang,WhatsApp,24,10.3,1,Ya,Lewat SLA,3
TIK01152,2026-01-28,Rabu,09:25,Laboratorium,Sistem Akademik,Rendah,WhatsApp,82,13.7,1,Ya,Sesuai SLA,3
TIK01153,2026-01-28,Rabu,09:35,Perpustakaan,Internet/WiFi,Tinggi,WhatsApp,38,10.3,1,Tidak,Lewat SLA,3
TIK01154,2026-01-28,Rabu,09:35,Program Studi,Sistem Akademik,Sedang,Datang Langsung,25,9.3,1,Tidak,Sesuai SLA,4
TIK01155,2026-01-28,Rabu,10:00,Umum,Printer,Rendah,Email,82,3.7,2,Tidak,Sesuai SLA,5
TIK01156,2026-01-28,Rabu,10:00,Keuangan,Komputer/Laptop,Rendah,WhatsApp,38,7.4,1,Tidak,Sesuai SLA,4
TIK01157,2026-01-28,Rabu,10:10,Akademik,Proyektor,Rendah,Datang Langsung,29,5.4,2,Tidak,Sesuai SLA,5
TIK01158,2026-01-28,Rabu,10:15,Program Studi,Sistem Akademik,Rendah,Form Online,55,9.2,2,Tidak,Sesuai SLA,4
TIK01159,2026-01-28,Rabu,10:30,Umum,Sistem Akademik,Sedang,Form Online,51,12.4,1,Ya,Lewat SLA,2
TIK01160,2026-01-28,Rabu,10:40,Laboratorium,Internet/WiFi,Rendah,Form Online,77,7.8,1,Ya,Sesuai SLA,3
TIK01161,2026-01-28,Rabu,11:30,Laboratorium,Internet/WiFi,Rendah,Email,78,11.0,2,Tidak,Sesuai SLA,5
TIK01162,2026-01-28,Rabu,11:30,Laboratorium,Proyektor,Sedang,WhatsApp,50,4.9,1,Tidak,Sesuai SLA,4
TIK01163,2026-01-28,Rabu,11:35,Program Studi,Internet/WiFi,Sedang,WhatsApp,41,8.0,1,Ya,Sesuai SLA,4
TIK01164,2026-01-28,Rabu,11:35,Program Studi,Sistem Akademik,Sedang,Datang Langsung,28,7.1,1,Tidak,Sesuai SLA,4
TIK01165,2026-01-28,Rabu,11:40,Akademik,Internet/WiFi,Sedang,Form Online,38,10.7,1,Ya,Lewat SLA,4
TIK01166,2026-01-28,Rabu,11:45,Program Studi,Akun/Login,Sedang,WhatsApp,43,4.6,2,Tidak,Sesuai SLA,5
TIK01167,2026-01-28,Rabu,11:55,Kemahasiswaan,Printer,Rendah,Form Online,57,8.2,1,Ya,Sesuai SLA,4
TIK01168,2026-01-28,Rabu,11:55,Program Studi,Printer,Rendah,Form Online,70,3.3,1,Tidak,Sesuai SLA,4
TIK01169,2026-01-28,Rabu,12:00,Keuangan,Komputer/Laptop,Rendah,WhatsApp,46,7.4,1,Tidak,Sesuai SLA,5
TIK01170,2026-01-28,Rabu,12:15,Perpustakaan,Proyektor,Rendah,WhatsApp,54,3.8,1,Ya,Sesuai SLA,4
TIK01171,2026-01-28,Rabu,12:15,Keuangan,Internet/WiFi,Sedang,Form Online,42,8.7,1,Ya,Sesuai SLA,4
TIK01172,2026-01-28,Rabu,12:20,Program Studi,Sistem Akademik,Rendah,Form Online,66,9.9,1,Ya,Sesuai SLA,4
TIK01173,2026-01-28,Rabu,12:25,Program Studi,Komputer/Laptop,Sedang,Form Online,70,6.2,1,Tidak,Sesuai SLA,4
TIK01174,2026-01-28,Rabu,12:30,Laboratorium,Internet/WiFi,Sedang,Form Online,38,8.5,2,Ya,Sesuai SLA,4
TIK01175,2026-01-28,Rabu,12:40,Umum,Akun/Login,Sedang,WhatsApp,21,7.9,1,Tidak,Sesuai SLA,4
TIK01176,2026-01-28,Rabu,12:45,Program Studi,Proyektor,Tinggi,WhatsApp,58,10.9,2,Ya,Lewat SLA,2
TIK01177,2026-01-28,Rabu,12:45,Umum,Akun/Login,Sedang,Form Online,50,3.4,1,Tidak,Sesuai SLA,4
TIK01178,2026-01-28,Rabu,12:50,Kemahasiswaan,Internet/WiFi,Tinggi,WhatsApp,21,7.2,1,Tidak,Lewat SLA,4
TIK01179,2026-01-28,Rabu,12:55,Program Studi,Akun/Login,Rendah,WhatsApp,47,4.5,2,Tidak,Sesuai SLA,5
TIK01180,2026-01-28,Rabu,13:15,Program Studi,Akun/Login,Sedang,WhatsApp,33,2.1,1,Tidak,Sesuai SLA,4
TIK01181,2026-01-28,Rabu,13:30,Perpustakaan,Komputer/Laptop,Rendah,Form Online,73,6.6,1,Tidak,Sesuai SLA,4
TIK01182,2026-01-28,Rabu,14:15,Keuangan,Proyektor,Rendah,Form Online,57,2.1,1,Tidak,Sesuai SLA,5
TIK01183,2026-01-28,Rabu,14:25,Program Studi,Sistem Akademik,Tinggi,WhatsApp,33,11.6,1,Tidak,Lewat SLA,3
TIK01184,2026-01-28,Rabu,15:00,Perpustakaan,Sistem Akademik,Sedang,WhatsApp,58,7.4,1,Tidak,Sesuai SLA,4
TIK01185,2026-01-28,Rabu,15:35,Akademik,Proyektor,Rendah,Datang Langsung,46,2.8,2,Tidak,Sesuai SLA,4
TIK01186,2026-01-29,Kamis,07:05,Laboratorium,Internet/WiFi,Rendah,Form Online,52,9.9,1,Tidak,Sesuai SLA,3
TIK01187,2026-01-29,Kamis,07:15,Kemahasiswaan,Printer,Sedang,Form Online,52,4.9,2,Tidak,Sesuai SLA,5
TIK01188,2026-01-29,Kamis,07:20,Laboratorium,Proyektor,Rendah,Form Online,70,5.8,1,Ya,Sesuai SLA,4
TIK01189,2026-01-29,Kamis,07:30,Keuangan,Internet/WiFi,Sedang,Form Online,84,9.3,1,Ya,Sesuai SLA,5
TIK01190,2026-01-29,Kamis,07:35,Laboratorium,Internet/WiFi,Rendah,Datang Langsung,36,5.4,1,Tidak,Sesuai SLA,5
TIK01191,2026-01-29,Kamis,07:55,Kemahasiswaan,Akun/Login,Rendah,Form Online,80,2.8,2,Tidak,Sesuai SLA,3
TIK01192,2026-01-29,Kamis,08:00,Akademik,Sistem Akademik,Tinggi,WhatsApp,42,9.6,3,Tidak,Lewat SLA,4
TIK01193,2026-01-29,Kamis,08:20,Umum,Sistem Akademik,Rendah,Email,71,8.7,1,Tidak,Sesuai SLA,3
TIK01194,2026-01-29,Kamis,08:40,Laboratorium,Internet/WiFi,Sedang,Form Online,92,6.7,2,Tidak,Sesuai SLA,2
TIK01195,2026-01-29,Kamis,09:05,Laboratorium,Akun/Login,Tinggi,Form Online,45,6.9,1,Ya,Lewat SLA,3
TIK01196,2026-01-29,Kamis,09:15,Akademik,Komputer/Laptop,Rendah,WhatsApp,41,4.3,1,Tidak,Sesuai SLA,4
TIK01197,2026-01-29,Kamis,09:15,Kemahasiswaan,Internet/WiFi,Tinggi,WhatsApp,35,9.3,1,Ya,Lewat SLA,3
TIK01198,2026-01-29,Kamis,09:20,Keuangan,Printer,Sedang,Form Online,56,3.8,1,Tidak,Sesuai SLA,5
TIK01199,2026-01-29,Kamis,09:20,Kemahasiswaan,Akun/Login,Rendah,Form Online,73,1.3,1,Tidak,Sesuai SLA,4
TIK01200,2026-01-29,Kamis,09:35,Keuangan,Akun/Login,Rendah,WhatsApp,34,5.0,1,Ya,Sesuai SLA,4
TIK01201,2026-01-29,Kamis,09:50,Kemahasiswaan,Internet/WiFi,Sedang,Form Online,50,12.4,1,Tidak,Lewat SLA,3
TIK01202,2026-01-29,Kamis,09:50,Akademik,Proyektor,Rendah,WhatsApp,51,3.9,2,Tidak,Sesuai SLA,5
TIK01203,2026-01-29,Kamis,09:55,Akademik,Printer,Sedang,WhatsApp,23,4.0,2,Tidak,Sesuai SLA,5
TIK01204,2026-01-29,Kamis,10:10,Laboratorium,Komputer/Laptop,Sedang,Datang Langsung,36,6.8,2,Tidak,Sesuai SLA,4
TIK01205,2026-01-29,Kamis,10:45,Akademik,Printer,Rendah,Email,91,6.4,1,Tidak,Sesuai SLA,5
TIK01206,2026-01-29,Kamis,10:50,Program Studi,Akun/Login,Sedang,WhatsApp,41,4.3,1,Tidak,Sesuai SLA,4
TIK01207,2026-01-29,Kamis,11:00,Akademik,Proyektor,Sedang,WhatsApp,42,5.4,2,Tidak,Sesuai SLA,4
TIK01208,2026-01-29,Kamis,11:45,Program Studi,Akun/Login,Rendah,Form Online,50,1.9,2,Tidak,Sesuai SLA,4
TIK01209,2026-01-29,Kamis,11:50,Laboratorium,Komputer/Laptop,Rendah,WhatsApp,53,10.1,1,Tidak,Sesuai SLA,3
TIK01210,2026-01-29,Kamis,11:55,Umum,Sistem Akademik,Sedang,Email,109,15.3,1,Tidak,Lewat SLA,3
TIK01211,2026-01-29,Kamis,12:00,Kemahasiswaan,Akun/Login,Rendah,Datang Langsung,37,6.4,1,Tidak,Sesuai SLA,4
TIK01212,2026-01-29,Kamis,12:10,Akademik,Komputer/Laptop,Rendah,Email,76,6.9,2,Tidak,Sesuai SLA,4
TIK01213,2026-01-29,Kamis,12:35,Laboratorium,Proyektor,Sedang,Datang Langsung,39,3.4,2,Tidak,Sesuai SLA,5
TIK01214,2026-01-29,Kamis,12:35,Laboratorium,Komputer/Laptop,Sedang,Form Online,52,6.1,1,Tidak,Sesuai SLA,4
TIK01215,2026-01-29,Kamis,12:40,Laboratorium,Internet/WiFi,Tinggi,WhatsApp,23,9.6,1,Tidak,Lewat SLA,3
TIK01216,2026-01-29,Kamis,12:45,Umum,Proyektor,Rendah,WhatsApp,46,1.9,1,Tidak,Sesuai SLA,5
TIK01217,2026-01-29,Kamis,12:55,Keuangan,Akun/Login,Sedang,Email,66,3.0,1,Tidak,Sesuai SLA,4
TIK01218,2026-01-29,Kamis,13:00,Keuangan,Internet/WiFi,Rendah,WhatsApp,61,7.0,1,Tidak,Sesuai SLA,4
TIK01219,2026-01-29,Kamis,13:55,Umum,Komputer/Laptop,Sedang,Email,59,10.9,1,Tidak,Lewat SLA,3
TIK01220,2026-01-29,Kamis,14:20,Perpustakaan,Akun/Login,Rendah,WhatsApp,50,3.0,1,Tidak,Sesuai SLA,5
TIK01221,2026-01-29,Kamis,16:05,Kemahasiswaan,Internet/WiFi,Tinggi,Form Online,51,10.4,2,Ya,Lewat SLA,3
TIK01222,2026-01-30,Jumat,07:05,Akademik,Akun/Login,Sedang,Datang Langsung,56,1.3,2,Tidak,Sesuai SLA,5
TIK01223,2026-01-30,Jumat,07:10,Laboratorium,Sistem Akademik,Rendah,WhatsApp,66,6.7,1,Tidak,Sesuai SLA,4
TIK01224,2026-01-30,Jumat,07:30,Akademik,Internet/WiFi,Rendah,Form Online,74,10.7,1,Ya,Sesuai SLA,4
TIK01225,2026-01-30,Jumat,07:35,Laboratorium,Internet/WiFi,Rendah,Form Online,76,5.7,2,Tidak,Sesuai SLA,3
TIK01226,2026-01-30,Jumat,07:40,Akademik,Akun/Login,Rendah,Form Online,72,6.4,2,Tidak,Sesuai SLA,4
TIK01227,2026-01-30,Jumat,07:45,Akademik,Akun/Login,Rendah,WhatsApp,41,1.3,1,Tidak,Sesuai SLA,5
TIK01228,2026-01-30,Jumat,07:50,Akademik,Internet/WiFi,Sedang,WhatsApp,23,6.3,2,Tidak,Sesuai SLA,4
TIK01229,2026-01-30,Jumat,07:55,Kemahasiswaan,Internet/WiFi,Rendah,WhatsApp,42,6.0,1,Tidak,Sesuai SLA,4
TIK01230,2026-01-30,Jumat,08:05,Keuangan,Printer,Sedang,Form Online,45,6.0,1,Tidak,Sesuai SLA,4
TIK01231,2026-01-30,Jumat,08:10,Keuangan,Proyektor,Rendah,WhatsApp,74,1.7,1,Tidak,Sesuai SLA,5
TIK01232,2026-01-30,Jumat,08:10,Akademik,Proyektor,Sedang,Form Online,71,3.0,2,Tidak,Sesuai SLA,4
TIK01233,2026-01-30,Jumat,08:15,Umum,Printer,Sedang,Email,92,5.7,1,Tidak,Sesuai SLA,3
TIK01234,2026-01-30,Jumat,08:30,Akademik,Internet/WiFi,Sedang,Form Online,53,15.6,1,Tidak,Lewat SLA,2
TIK01235,2026-01-30,Jumat,08:40,Akademik,Internet/WiFi,Sedang,Datang Langsung,28,6.3,1,Tidak,Sesuai SLA,4
TIK01236,2026-01-30,Jumat,09:10,Keuangan,Internet/WiFi,Sedang,WhatsApp,38,7.6,1,Tidak,Sesuai SLA,5
TIK01237,2026-01-30,Jumat,09:20,Program Studi,Printer,Rendah,WhatsApp,47,5.1,1,Tidak,Sesuai SLA,4
TIK01238,2026-01-30,Jumat,09:25,Akademik,Internet/WiFi,Tinggi,WhatsApp,40,8.7,1,Tidak,Lewat SLA,3
TIK01239,2026-01-30,Jumat,09:30,Akademik,Sistem Akademik,Tinggi,WhatsApp,18,9.5,2,Tidak,Lewat SLA,3
TIK01240,2026-01-30,Jumat,09:30,Kemahasiswaan,Akun/Login,Rendah,Email,69,6.3,1,Tidak,Sesuai SLA,4
TIK01241,2026-01-30,Jumat,09:45,Program Studi,Internet/WiFi,Rendah,Form Online,48,7.8,1,Tidak,Sesuai SLA,4
TIK01242,2026-01-30,Jumat,10:00,Keuangan,Akun/Login,Sedang,WhatsApp,36,2.9,1,Tidak,Sesuai SLA,5
TIK01243,2026-01-30,Jumat,10:15,Umum,Proyektor,Rendah,Datang Langsung,51,1.3,1,Tidak,Sesuai SLA,4
TIK01244,2026-01-30,Jumat,10:15,Umum,Printer,Rendah,WhatsApp,36,5.8,1,Tidak,Sesuai SLA,5
TIK01245,2026-01-30,Jumat,10:20,Kemahasiswaan,Sistem Akademik,Tinggi,Form Online,55,9.8,2,Tidak,Lewat SLA,3
TIK01246,2026-01-30,Jumat,10:30,Program Studi,Komputer/Laptop,Sedang,Form Online,91,11.2,2,Tidak,Lewat SLA,2
TIK01247,2026-01-30,Jumat,10:35,Kemahasiswaan,Akun/Login,Sedang,WhatsApp,22,2.5,2,Tidak,Sesuai SLA,3
TIK01248,2026-01-30,Jumat,10:40,Laboratorium,Sistem Akademik,Tinggi,Form Online,85,8.3,2,Tidak,Lewat SLA,3
TIK01249,2026-01-30,Jumat,10:45,Laboratorium,Proyektor,Rendah,WhatsApp,58,7.9,2,Ya,Sesuai SLA,4
TIK01250,2026-01-30,Jumat,10:45,Kemahasiswaan,Printer,Rendah,WhatsApp,60,3.3,1,Tidak,Sesuai SLA,5
TIK01251,2026-01-30,Jumat,10:50,Keuangan,Printer,Rendah,WhatsApp,33,4.0,1,Tidak,Sesuai SLA,5
TIK01252,2026-01-30,Jumat,10:50,Keuangan,Sistem Akademik,Sedang,WhatsApp,22,8.8,1,Tidak,Sesuai SLA,4
TIK01253,2026-01-30,Jumat,10:50,Laboratorium,Internet/WiFi,Tinggi,Form Online,57,7.5,1,Tidak,Lewat SLA,4
TIK01254,2026-01-30,Jumat,11:20,Kemahasiswaan,Proyektor,Sedang,WhatsApp,22,3.1,1,Tidak,Sesuai SLA,4
TIK01255,2026-01-30,Jumat,11:20,Keuangan,Internet/WiFi,Rendah,WhatsApp,47,6.4,2,Tidak,Sesuai SLA,4
TIK01256,2026-01-30,Jumat,11:20,Perpustakaan,Sistem Akademik,Tinggi,WhatsApp,44,11.8,3,Ya,Lewat SLA,3
TIK01257,2026-01-30,Jumat,11:30,Umum,Internet/WiFi,Rendah,Datang Langsung,35,5.5,1,Tidak,Sesuai SLA,5
TIK01258,2026-01-30,Jumat,11:30,Program Studi,Internet/WiFi,Rendah,WhatsApp,97,7.0,1,Tidak,Sesuai SLA,3
TIK01259,2026-01-30,Jumat,11:50,Program Studi,Internet/WiFi,Sedang,Form Online,46,10.1,1,Tidak,Lewat SLA,4
TIK01260,2026-01-30,Jumat,12:15,Keuangan,Akun/Login,Sedang,Datang Langsung,15,3.5,1,Tidak,Sesuai SLA,4
TIK01261,2026-01-30,Jumat,12:20,Kemahasiswaan,Komputer/Laptop,Rendah,Datang Langsung,37,7.1,1,Tidak,Sesuai SLA,4
TIK01262,2026-01-30,Jumat,12:20,Akademik,Komputer/Laptop,Sedang,Email,84,6.8,1,Tidak,Sesuai SLA,4
TIK01263,2026-01-30,Jumat,13:20,Keuangan,Komputer/Laptop,Tinggi,Datang Langsung,20,13.9,3,Ya,Lewat SLA,3
TIK01264,2026-01-30,Jumat,13:20,Perpustakaan,Komputer/Laptop,Sedang,Form Online,55,5.2,1,Tidak,Sesuai SLA,5
TIK01265,2026-01-30,Jumat,13:40,Kemahasiswaan,Komputer/Laptop,Rendah,Form Online,67,9.0,2,Ya,Sesuai SLA,5
TIK01266,2026-01-30,Jumat,13:40,Laboratorium,Sistem Akademik,Sedang,Form Online,40,13.7,1,Tidak,Lewat SLA,2
TIK01267,2026-01-30,Jumat,13:45,Akademik,Sistem Akademik,Sedang,Email,70,12.8,1,Ya,Lewat SLA,2
TIK01268,2026-01-30,Jumat,13:50,Kemahasiswaan,Akun/Login,Rendah,Email,83,3.2,2,Tidak,Sesuai SLA,5
TIK01269,2026-01-30,Jumat,14:05,Akademik,Sistem Akademik,Rendah,Datang Langsung,44,7.5,2,Tidak,Sesuai SLA,5
TIK01270,2026-01-30,Jumat,14:40,Akademik,Akun/Login,Sedang,Form Online,73,2.6,2,Tidak,Sesuai SLA,4
TIK01271,2026-01-30,Jumat,14:50,Kemahasiswaan,Sistem Akademik,Sedang,WhatsApp,42,10.1,1,Ya,Lewat SLA,3
TIK01272,2026-01-30,Jumat,14:50,Umum,Internet/WiFi,Rendah,WhatsApp,35,5.9,2,Tidak,Sesuai SLA,4
TIK01273,2026-01-30,Jumat,15:25,Perpustakaan,Sistem Akademik,Sedang,Form Online,50,10.6,1,Ya,Lewat SLA,2
TIK01274,2026-01-30,Jumat,16:15,Kemahasiswaan,Akun/Login,Rendah,WhatsApp,38,4.0,2,Tidak,Sesuai SLA,4
TIK01275,2026-01-30,Jumat,16:35,Umum,Proyektor,Sedang,WhatsApp,50,6.0,1,Ya,Sesuai SLA,4
TIK01276,2026-01-30,Jumat,16:55,Akademik,Komputer/Laptop,Tinggi,Datang Langsung,10,4.8,3,Tidak,Sesuai SLA,5
TIK01277,2026-01-31,Sabtu,07:10,Akademik,Sistem Akademik,Sedang,Form Online,66,9.7,1,Tidak,Sesuai SLA,4
TIK01278,2026-01-31,Sabtu,07:35,Akademik,Sistem Akademik,Rendah,Form Online,60,6.6,2,Tidak,Sesuai SLA,4
TIK01279,2026-01-31,Sabtu,07:40,Perpustakaan,Proyektor,Rendah,WhatsApp,36,3.4,1,Tidak,Sesuai SLA,5
TIK01280,2026-01-31,Sabtu,07:50,Laboratorium,Sistem Akademik,Rendah,WhatsApp,38,12.1,1,Ya,Sesuai SLA,3
TIK01281,2026-01-31,Sabtu,08:00,Laboratorium,Internet/WiFi,Rendah,WhatsApp,34,6.7,1,Tidak,Sesuai SLA,4
TIK01282,2026-01-31,Sabtu,08:00,Kemahasiswaan,Internet/WiFi,Sedang,Form Online,61,7.4,1,Tidak,Sesuai SLA,3
TIK01283,2026-01-31,Sabtu,08:10,Laboratorium,Sistem Akademik,Sedang,Form Online,58,8.6,1,Tidak,Sesuai SLA,4
TIK01284,2026-01-31,Sabtu,08:25,Program Studi,Printer,Sedang,Email,71,4.4,1,Tidak,Sesuai SLA,5
TIK01285,2026-01-31,Sabtu,08:30,Program Studi,Internet/WiFi,Sedang,Email,63,9.8,2,Tidak,Sesuai SLA,4
TIK01286,2026-01-31,Sabtu,08:30,Laboratorium,Akun/Login,Sedang,Email,78,11.6,1,Tidak,Lewat SLA,3
TIK01287,2026-01-31,Sabtu,08:35,Akademik,Akun/Login,Sedang,WhatsApp,29,2.8,1,Tidak,Sesuai SLA,5
TIK01288,2026-01-31,Sabtu,08:55,Laboratorium,Komputer/Laptop,Sedang,Email,91,11.0,2,Ya,Lewat SLA,3
TIK01289,2026-01-31,Sabtu,09:00,Keuangan,Internet/WiFi,Rendah,Form Online,56,6.5,1,Tidak,Sesuai SLA,4
TIK01290,2026-01-31,Sabtu,09:25,Kemahasiswaan,Sistem Akademik,Sedang,WhatsApp,28,9.6,1,Tidak,Sesuai SLA,4
TIK01291,2026-01-31,Sabtu,09:30,Laboratorium,Internet/WiFi,Rendah,WhatsApp,49,8.0,1,Tidak,Sesuai SLA,3
TIK01292,2026-01-31,Sabtu,09:30,Umum,Printer,Tinggi,Form Online,40,3.6,3,Tidak,Sesuai SLA,4
TIK01293,2026-01-31,Sabtu,09:30,Keuangan,Sistem Akademik,Sedang,Datang Langsung,24,10.6,1,Tidak,Lewat SLA,2
TIK01294,2026-01-31,Sabtu,09:40,Akademik,Printer,Sedang,Email,59,6.4,1,Tidak,Sesuai SLA,4
TIK01295,2026-01-31,Sabtu,09:45,Laboratorium,Sistem Akademik,Rendah,WhatsApp,66,12.1,1,Ya,Sesuai SLA,4
TIK01296,2026-01-31,Sabtu,10:00,Akademik,Sistem Akademik,Tinggi,Email,53,13.0,2,Ya,Lewat SLA,3
TIK01297,2026-01-31,Sabtu,10:10,Akademik,Internet/WiFi,Sedang,WhatsApp,30,10.4,2,Ya,Lewat SLA,3
TIK01298,2026-01-31,Sabtu,10:15,Akademik,Printer,Rendah,Datang Langsung,30,2.8,1,Tidak,Sesuai SLA,5
TIK01299,2026-01-31,Sabtu,10:15,Laboratorium,Internet/WiFi,Sedang,Form Online,98,6.1,2,Tidak,Sesuai SLA,3
TIK01300,2026-01-31,Sabtu,10:30,Akademik,Sistem Akademik,Sedang,Form Online,61,10.6,1,Ya,Lewat SLA,3
TIK01301,2026-01-31,Sabtu,10:30,Kemahasiswaan,Internet/WiFi,Sedang,WhatsApp,32,8.7,2,Ya,Sesuai SLA,4
TIK01302,2026-01-31,Sabtu,10:40,Program Studi,Internet/WiFi,Rendah,WhatsApp,42,6.7,1,Tidak,Sesuai SLA,4
TIK01303,2026-01-31,Sabtu,11:00,Program Studi,Printer,Rendah,Datang Langsung,25,2.3,1,Tidak,Sesuai SLA,4
TIK01304,2026-01-31,Sabtu,11:00,Perpustakaan,Internet/WiFi,Sedang,Form Online,54,8.5,1,Tidak,Sesuai SLA,4
TIK01305,2026-01-31,Sabtu,11:25,Perpustakaan,Akun/Login,Rendah,WhatsApp,47,2.4,1,Tidak,Sesuai SLA,5
TIK01306,2026-01-31,Sabtu,11:35,Program Studi,Akun/Login,Rendah,WhatsApp,75,3.8,1,Tidak,Sesuai SLA,4
TIK01307,2026-01-31,Sabtu,11:40,Akademik,Sistem Akademik,Sedang,Form Online,51,8.4,2,Tidak,Sesuai SLA,5
TIK01308,2026-01-31,Sabtu,11:40,Kemahasiswaan,Sistem Akademik,Rendah,Datang Langsung,26,9.4,1,Tidak,Sesuai SLA,3
TIK01309,2026-01-31,Sabtu,11:55,Laboratorium,Internet/WiFi,Sedang,Form Online,45,6.5,2,Tidak,Sesuai SLA,4
TIK01310,2026-01-31,Sabtu,11:55,Akademik,Printer,Rendah,Form Online,51,3.2,1,Tidak,Sesuai SLA,5
TIK01311,2026-01-31,Sabtu,12:05,Program Studi,Sistem Akademik,Rendah,WhatsApp,52,6.7,1,Tidak,Sesuai SLA,5
TIK01312,2026-01-31,Sabtu,12:05,Keuangan,Internet/WiFi,Rendah,WhatsApp,47,7.5,1,Tidak,Sesuai SLA,4
TIK01313,2026-01-31,Sabtu,12:10,Laboratorium,Sistem Akademik,Rendah,Form Online,62,7.0,1,Tidak,Sesuai SLA,4
TIK01314,2026-01-31,Sabtu,12:30,Laboratorium,Internet/WiFi,Rendah,Email,94,12.8,1,Tidak,Sesuai SLA,3
TIK01315,2026-01-31,Sabtu,12:35,Akademik,Sistem Akademik,Sedang,Datang Langsung,19,9.8,1,Tidak,Sesuai SLA,4
TIK01316,2026-01-31,Sabtu,12:55,Akademik,Internet/WiFi,Sedang,Datang Langsung,28,6.9,1,Tidak,Sesuai SLA,3
TIK01317,2026-01-31,Sabtu,13:20,Keuangan,Internet/WiFi,Rendah,WhatsApp,56,8.6,1,Ya,Sesuai SLA,4
TIK01318,2026-01-31,Sabtu,13:20,Laboratorium,Internet/WiFi,Sedang,Form Online,49,7.7,1,Tidak,Sesuai SLA,5
TIK01319,2026-01-31,Sabtu,13:25,Keuangan,Internet/WiFi,Sedang,Form Online,66,7.5,2,Tidak,Sesuai SLA,4
TIK01320,2026-01-31,Sabtu,13:40,Akademik,Akun/Login,Rendah,Email,106,4.2,1,Tidak,Sesuai SLA,4
TIK01321,2026-01-31,Sabtu,13:50,Akademik,Internet/WiFi,Rendah,WhatsApp,62,11.0,1,Ya,Sesuai SLA,4
TIK01322,2026-01-31,Sabtu,14:20,Keuangan,Akun/Login,Sedang,WhatsApp,28,2.0,1,Tidak,Sesuai SLA,5
TIK01323,2026-01-31,Sabtu,14:50,Program Studi,Internet/WiFi,Rendah,Form Online,78,9.5,1,Tidak,Sesuai SLA,3
TIK01324,2026-01-31,Sabtu,15:30,Laboratorium,Komputer/Laptop,Tinggi,Form Online,48,7.0,2,Tidak,Lewat SLA,4
TIK01325,2026-02-01,Minggu,07:00,Perpustakaan,Akun/Login,Rendah,WhatsApp,38,5.0,2,Tidak,Sesuai SLA,4
TIK01326,2026-02-01,Minggu,07:20,Kemahasiswaan,Proyektor,Tinggi,Email,67,8.5,3,Tidak,Lewat SLA,4
TIK01327,2026-02-01,Minggu,07:50,Keuangan,Internet/WiFi,Rendah,Email,99,9.4,1,Tidak,Sesuai SLA,4
TIK01328,2026-02-01,Minggu,07:55,Akademik,Sistem Akademik,Sedang,Datang Langsung,40,12.3,1,Ya,Lewat SLA,3
TIK01329,2026-02-01,Minggu,08:15,Umum,Printer,Rendah,Form Online,69,8.2,2,Tidak,Sesuai SLA,3
TIK01330,2026-02-01,Minggu,09:30,Akademik,Akun/Login,Rendah,WhatsApp,63,1.9,1,Tidak,Sesuai SLA,4
TIK01331,2026-02-01,Minggu,09:30,Laboratorium,Internet/WiFi,Rendah,Email,83,9.5,2,Tidak,Sesuai SLA,3
TIK01332,2026-02-01,Minggu,09:35,Keuangan,Komputer/Laptop,Rendah,Form Online,71,5.0,1,Tidak,Sesuai SLA,3
TIK01333,2026-02-01,Minggu,10:00,Program Studi,Akun/Login,Sedang,Form Online,47,5.5,1,Ya,Sesuai SLA,4
TIK01334,2026-02-01,Minggu,10:00,Perpustakaan,Proyektor,Rendah,Email,79,4.1,1,Tidak,Sesuai SLA,4
TIK01335,2026-02-01,Minggu,10:05,Program Studi,Sistem Akademik,Sedang,Form Online,44,12.7,1,Ya,Lewat SLA,3
TIK01336,2026-02-01,Minggu,10:20,Perpustakaan,Komputer/Laptop,Rendah,WhatsApp,45,4.3,1,Tidak,Sesuai SLA,4
TIK01337,2026-02-01,Minggu,10:20,Akademik,Proyektor,Rendah,Datang Langsung,37,7.0,1,Tidak,Sesuai SLA,5
TIK01338,2026-02-01,Minggu,10:25,Akademik,Akun/Login,Sedang,WhatsApp,34,2.7,1,Tidak,Sesuai SLA,4
TIK01339,2026-02-01,Minggu,10:25,Akademik,Komputer/Laptop,Sedang,Email,70,9.0,2,Tidak,Sesuai SLA,4
TIK01340,2026-02-01,Minggu,10:35,Akademik,Komputer/Laptop,Sedang,Form Online,55,6.5,1,Tidak,Sesuai SLA,5
TIK01341,2026-02-01,Minggu,10:40,Keuangan,Sistem Akademik,Sedang,WhatsApp,26,13.5,1,Ya,Lewat SLA,4
TIK01342,2026-02-01,Minggu,10:50,Akademik,Sistem Akademik,Sedang,Form Online,40,8.9,1,Tidak,Sesuai SLA,4
TIK01343,2026-02-01,Minggu,10:50,Kemahasiswaan,Akun/Login,Sedang,Form Online,66,2.6,1,Tidak,Sesuai SLA,4
TIK01344,2026-02-01,Minggu,11:05,Perpustakaan,Internet/WiFi,Tinggi,Form Online,44,12.1,2,Ya,Lewat SLA,4
TIK01345,2026-02-01,Minggu,11:40,Program Studi,Sistem Akademik,Rendah,WhatsApp,49,11.9,1,Tidak,Sesuai SLA,4
TIK01346,2026-02-01,Minggu,11:45,Akademik,Sistem Akademik,Sedang,Email,73,14.3,1,Ya,Lewat SLA,3
TIK01347,2026-02-01,Minggu,12:00,Kemahasiswaan,Printer,Sedang,WhatsApp,26,2.4,2,Tidak,Sesuai SLA,5
TIK01348,2026-02-01,Minggu,12:15,Akademik,Internet/WiFi,Sedang,WhatsApp,19,7.2,1,Tidak,Sesuai SLA,3
TIK01349,2026-02-01,Minggu,12:15,Umum,Akun/Login,Rendah,WhatsApp,35,5.3,1,Tidak,Sesuai SLA,4
TIK01350,2026-02-01,Minggu,12:15,Laboratorium,Internet/WiFi,Rendah,WhatsApp,60,8.9,1,Tidak,Sesuai SLA,4
TIK01351,2026-02-01,Minggu,12:40,Perpustakaan,Komputer/Laptop,Sedang,Email,105,8.0,1,Tidak,Sesuai SLA,3
TIK01352,2026-02-01,Minggu,13:00,Program Studi,Internet/WiFi,Sedang,Form Online,69,8.8,1,Tidak,Sesuai SLA,4
TIK01353,2026-02-01,Minggu,13:05,Laboratorium,Printer,Rendah,Form Online,56,2.2,1,Tidak,Sesuai SLA,5
TIK01354,2026-02-01,Minggu,13:30,Program Studi,Sistem Akademik,Rendah,Form Online,52,10.4,2,Tidak,Sesuai SLA,5
TIK01355,2026-02-01,Minggu,13:40,Akademik,Sistem Akademik,Sedang,WhatsApp,27,11.2,2,Tidak,Lewat SLA,4
TIK01356,2026-02-01,Minggu,13:40,Akademik,Sistem Akademik,Rendah,Form Online,62,10.5,2,Tidak,Sesuai SLA,3
TIK01357,2026-02-01,Minggu,13:55,Akademik,Internet/WiFi,Sedang,WhatsApp,47,6.8,1,Tidak,Sesuai SLA,5
TIK01358,2026-02-01,Minggu,14:00,Akademik,Akun/Login,Rendah,Form Online,66,4.0,2,Tidak,Sesuai SLA,5
TIK01359,2026-02-01,Minggu,14:20,Umum,Akun/Login,Rendah,WhatsApp,82,3.0,1,Tidak,Sesuai SLA,4
TIK01360,2026-02-01,Minggu,14:55,Akademik,Proyektor,Sedang,WhatsApp,25,2.5,1,Tidak,Sesuai SLA,5
TIK01361,2026-02-01,Minggu,15:25,Akademik,Printer,Sedang,WhatsApp,30,2.5,1,Tidak,Sesuai SLA,4
TIK01362,2026-02-02,Senin,07:00,Laboratorium,Akun/Login,Sedang,WhatsApp,23,3.4,2,Tidak,Sesuai SLA,5
TIK01363,2026-02-02,Senin,07:00,Akademik,Akun/Login,Rendah,Form Online,94,2.8,1,Tidak,Sesuai SLA,5
TIK01364,2026-02-02,Senin,07:20,Laboratorium,Internet/WiFi,Tinggi,Form Online,30,13.0,3,Ya,Lewat SLA,3
TIK01365,2026-02-02,Senin,07:30,Program Studi,Sistem Akademik,Sedang,WhatsApp,34,12.1,1,Tidak,Lewat SLA,4
TIK01366,2026-02-02,Senin,07:55,Program Studi,Akun/Login,Rendah,Email,113,2.9,1,Tidak,Sesuai SLA,3
TIK01367,2026-02-02,Senin,08:30,Keuangan,Akun/Login,Rendah,Form Online,71,4.7,1,Tidak,Sesuai SLA,5
TIK01368,2026-02-02,Senin,08:55,Umum,Akun/Login,Rendah,Email,93,2.9,1,Tidak,Sesuai SLA,4
TIK01369,2026-02-02,Senin,09:10,Program Studi,Sistem Akademik,Sedang,Datang Langsung,45,12.2,1,Tidak,Lewat SLA,4
TIK01370,2026-02-02,Senin,09:15,Akademik,Proyektor,Tinggi,WhatsApp,30,4.0,1,Tidak,Sesuai SLA,4
TIK01371,2026-02-02,Senin,09:20,Akademik,Proyektor,Rendah,Datang Langsung,42,2.2,1,Tidak,Sesuai SLA,5
TIK01372,2026-02-02,Senin,09:30,Keuangan,Komputer/Laptop,Sedang,Email,60,7.2,1,Tidak,Sesuai SLA,4
TIK01373,2026-02-02,Senin,09:50,Program Studi,Sistem Akademik,Sedang,WhatsApp,30,13.0,1,Ya,Lewat SLA,3
TIK01374,2026-02-02,Senin,10:10,Akademik,Akun/Login,Rendah,Form Online,106,1.4,2,Tidak,Sesuai SLA,4
TIK01375,2026-02-02,Senin,10:15,Program Studi,Komputer/Laptop,Rendah,Datang Langsung,66,6.4,2,Tidak,Sesuai SLA,5
TIK01376,2026-02-02,Senin,10:20,Umum,Sistem Akademik,Sedang,Form Online,74,13.2,1,Ya,Lewat SLA,3
TIK01377,2026-02-02,Senin,10:30,Perpustakaan,Internet/WiFi,Rendah,Email,89,7.3,1,Tidak,Sesuai SLA,4
TIK01378,2026-02-02,Senin,10:35,Umum,Sistem Akademik,Rendah,Form Online,73,11.3,2,Ya,Sesuai SLA,3
TIK01379,2026-02-02,Senin,10:35,Program Studi,Internet/WiFi,Rendah,Email,99,7.1,1,Tidak,Sesuai SLA,3
TIK01380,2026-02-02,Senin,10:40,Akademik,Proyektor,Rendah,WhatsApp,48,2.2,2,Tidak,Sesuai SLA,5
TIK01381,2026-02-02,Senin,10:45,Perpustakaan,Internet/WiFi,Sedang,Form Online,61,7.8,1,Tidak,Sesuai SLA,4
TIK01382,2026-02-02,Senin,10:50,Program Studi,Akun/Login,Rendah,Email,74,3.7,2,Tidak,Sesuai SLA,5
TIK01383,2026-02-02,Senin,11:05,Program Studi,Internet/WiFi,Rendah,WhatsApp,82,8.3,1,Tidak,Sesuai SLA,3
TIK01384,2026-02-02,Senin,11:40,Program Studi,Internet/WiFi,Sedang,WhatsApp,52,6.1,1,Tidak,Sesuai SLA,4
TIK01385,2026-02-02,Senin,12:05,Akademik,Internet/WiFi,Sedang,Email,62,8.8,2,Tidak,Sesuai SLA,5
TIK01386,2026-02-02,Senin,12:15,Program Studi,Sistem Akademik,Rendah,Datang Langsung,37,10.3,1,Tidak,Sesuai SLA,3
TIK01387,2026-02-02,Senin,12:25,Program Studi,Proyektor,Tinggi,WhatsApp,44,6.7,3,Tidak,Lewat SLA,3
TIK01388,2026-02-02,Senin,12:30,Laboratorium,Sistem Akademik,Rendah,WhatsApp,58,13.6,1,Ya,Sesuai SLA,4
TIK01389,2026-02-02,Senin,12:50,Kemahasiswaan,Akun/Login,Rendah,Email,91,4.9,1,Tidak,Sesuai SLA,4
TIK01390,2026-02-02,Senin,13:05,Akademik,Sistem Akademik,Tinggi,Form Online,45,11.0,3,Tidak,Lewat SLA,2
TIK01391,2026-02-02,Senin,13:30,Keuangan,Printer,Rendah,WhatsApp,36,7.7,1,Tidak,Sesuai SLA,4
TIK01392,2026-02-02,Senin,13:45,Umum,Akun/Login,Tinggi,Form Online,42,3.3,2,Tidak,Sesuai SLA,5
TIK01393,2026-02-02,Senin,13:45,Akademik,Sistem Akademik,Sedang,Datang Langsung,41,11.2,1,Tidak,Lewat SLA,3
TIK01394,2026-02-02,Senin,13:50,Program Studi,Internet/WiFi,Sedang,Datang Langsung,21,9.8,1,Ya,Sesuai SLA,5
TIK01395,2026-02-02,Senin,14:25,Keuangan,Komputer/Laptop,Sedang,Form Online,64,7.6,2,Tidak,Sesuai SLA,4
TIK01396,2026-02-02,Senin,14:55,Program Studi,Printer,Rendah,Form Online,72,5.7,2,Tidak,Sesuai SLA,4
TIK01397,2026-02-02,Senin,15:00,Program Studi,Sistem Akademik,Sedang,WhatsApp,38,13.6,2,Tidak,Lewat SLA,4
TIK01398,2026-02-02,Senin,16:00,Perpustakaan,Internet/WiFi,Rendah,WhatsApp,50,7.9,2,Tidak,Sesuai SLA,4
TIK01399,2026-02-02,Senin,16:50,Program Studi,Komputer/Laptop,Rendah,Form Online,61,7.1,1,Tidak,Sesuai SLA,4
TIK01400,2026-02-03,Selasa,07:10,Umum,Akun/Login,Rendah,WhatsApp,77,1.8,1,Tidak,Sesuai SLA,5
TIK01401,2026-02-03,Selasa,07:10,Akademik,Sistem Akademik,Sedang,Email,75,10.4,1,Tidak,Lewat SLA,2
TIK01402,2026-02-03,Selasa,07:30,Kemahasiswaan,Printer,Rendah,Email,91,7.3,1,Tidak,Sesuai SLA,3
TIK01403,2026-02-03,Selasa,07:35,Akademik,Akun/Login,Sedang,Form Online,48,3.7,2,Tidak,Sesuai SLA,4
TIK01404,2026-02-03,Selasa,07:55,Laboratorium,Internet/WiFi,Rendah,WhatsApp,34,12.2,1,Ya,Sesuai SLA,4
TIK01405,2026-02-03,Selasa,07:55,Kemahasiswaan,Sistem Akademik,Rendah,WhatsApp,44,12.8,1,Tidak,Sesuai SLA,4
TIK01406,2026-02-03,Selasa,08:10,Keuangan,Internet/WiFi,Sedang,Form Online,73,15.6,2,Ya,Lewat SLA,3
TIK01407,2026-02-03,Selasa,08:20,Akademik,Komputer/Laptop,Sedang,Email,83,13.2,1,Tidak,Lewat SLA,2
TIK01408,2026-02-03,Selasa,08:50,Akademik,Internet/WiFi,Rendah,Email,93,10.3,1,Ya,Sesuai SLA,4
TIK01409,2026-02-03,Selasa,09:15,Akademik,Komputer/Laptop,Rendah,WhatsApp,47,5.3,1,Tidak,Sesuai SLA,4
TIK01410,2026-02-03,Selasa,09:25,Laboratorium,Internet/WiFi,Rendah,Form Online,59,5.9,1,Tidak,Sesuai SLA,4
TIK01411,2026-02-03,Selasa,09:40,Umum,Akun/Login,Sedang,Datang Langsung,33,2.9,1,Tidak,Sesuai SLA,5
TIK01412,2026-02-03,Selasa,09:45,Program Studi,Proyektor,Sedang,Form Online,71,4.6,2,Ya,Sesuai SLA,5
TIK01413,2026-02-03,Selasa,09:45,Keuangan,Sistem Akademik,Rendah,Datang Langsung,37,10.9,1,Tidak,Sesuai SLA,4
TIK01414,2026-02-03,Selasa,09:50,Program Studi,Akun/Login,Sedang,Form Online,54,1.4,1,Tidak,Sesuai SLA,5
TIK01415,2026-02-03,Selasa,10:15,Kemahasiswaan,Printer,Rendah,WhatsApp,79,5.7,1,Tidak,Sesuai SLA,4
TIK01416,2026-02-03,Selasa,10:15,Akademik,Komputer/Laptop,Sedang,WhatsApp,32,8.8,1,Tidak,Sesuai SLA,5
TIK01417,2026-02-03,Selasa,10:20,Akademik,Internet/WiFi,Sedang,WhatsApp,51,5.9,1,Tidak,Sesuai SLA,4
TIK01418,2026-02-03,Selasa,10:30,Akademik,Printer,Tinggi,WhatsApp,47,5.9,3,Tidak,Sesuai SLA,4
TIK01419,2026-02-03,Selasa,10:40,Program Studi,Internet/WiFi,Sedang,Email,85,8.7,1,Tidak,Sesuai SLA,3
TIK01420,2026-02-03,Selasa,10:45,Program Studi,Sistem Akademik,Sedang,Email,88,10.8,2,Tidak,Lewat SLA,3
TIK01421,2026-02-03,Selasa,11:00,Umum,Komputer/Laptop,Rendah,WhatsApp,34,5.7,2,Tidak,Sesuai SLA,4
TIK01422,2026-02-03,Selasa,11:30,Laboratorium,Akun/Login,Sedang,WhatsApp,29,3.3,1,Tidak,Sesuai SLA,5
TIK01423,2026-02-03,Selasa,11:30,Umum,Sistem Akademik,Rendah,WhatsApp,43,8.7,2,Tidak,Sesuai SLA,4
TIK01424,2026-02-03,Selasa,12:00,Laboratorium,Komputer/Laptop,Sedang,WhatsApp,43,4.9,1,Tidak,Sesuai SLA,4
TIK01425,2026-02-03,Selasa,12:00,Perpustakaan,Akun/Login,Rendah,WhatsApp,36,7.1,1,Tidak,Sesuai SLA,3
TIK01426,2026-02-03,Selasa,12:10,Akademik,Komputer/Laptop,Rendah,Form Online,54,5.4,1,Tidak,Sesuai SLA,4
TIK01427,2026-02-03,Selasa,12:50,Program Studi,Komputer/Laptop,Rendah,WhatsApp,45,4.4,2,Tidak,Sesuai SLA,3
TIK01428,2026-02-03,Selasa,12:55,Laboratorium,Komputer/Laptop,Tinggi,Form Online,45,8.5,2,Ya,Lewat SLA,3
TIK01429,2026-02-03,Selasa,12:55,Program Studi,Komputer/Laptop,Sedang,WhatsApp,36,6.4,1,Tidak,Sesuai SLA,4
TIK01430,2026-02-03,Selasa,13:10,Akademik,Akun/Login,Rendah,Form Online,80,3.8,1,Tidak,Sesuai SLA,5
TIK01431,2026-02-03,Selasa,14:00,Akademik,Komputer/Laptop,Sedang,Datang Langsung,59,5.1,1,Tidak,Sesuai SLA,5
TIK01432,2026-02-03,Selasa,14:20,Keuangan,Sistem Akademik,Sedang,WhatsApp,36,11.0,1,Tidak,Lewat SLA,3
TIK01433,2026-02-03,Selasa,15:05,Akademik,Internet/WiFi,Tinggi,Email,54,9.9,2,Tidak,Lewat SLA,4
TIK01434,2026-02-03,Selasa,16:50,Umum,Sistem Akademik,Rendah,Email,73,13.0,1,Ya,Sesuai SLA,4
TIK01435,2026-02-04,Rabu,07:10,Akademik,Internet/WiFi,Rendah,Datang Langsung,37,5.3,1,Tidak,Sesuai SLA,5
TIK01436,2026-02-04,Rabu,07:20,Akademik,Akun/Login,Rendah,WhatsApp,45,3.1,2,Tidak,Sesuai SLA,5
TIK01437,2026-02-04,Rabu,07:25,Program Studi,Sistem Akademik,Sedang,Email,64,12.9,1,Ya,Lewat SLA,3
TIK01438,2026-02-04,Rabu,07:30,Akademik,Komputer/Laptop,Sedang,Email,63,11.8,1,Ya,Lewat SLA,4
TIK01439,2026-02-04,Rabu,07:40,Keuangan,Proyektor,Sedang,WhatsApp,23,2.9,2,Tidak,Sesuai SLA,4
TIK01440,2026-02-04,Rabu,09:10,Program Studi,Internet/WiFi,Tinggi,Email,54,13.0,2,Tidak,Lewat SLA,4
TIK01441,2026-02-04,Rabu,09:10,Akademik,Akun/Login,Sedang,WhatsApp,41,8.0,1,Tidak,Sesuai SLA,4
TIK01442,2026-02-04,Rabu,10:00,Kemahasiswaan,Sistem Akademik,Sedang,Form Online,58,9.1,2,Tidak,Sesuai SLA,4
TIK01443,2026-02-04,Rabu,10:00,Program Studi,Sistem Akademik,Sedang,Form Online,55,9.1,1,Tidak,Sesuai SLA,4
TIK01444,2026-02-04,Rabu,10:05,Kemahasiswaan,Sistem Akademik,Rendah,Datang Langsung,38,14.3,1,Tidak,Sesuai SLA,3
TIK01445,2026-02-04,Rabu,10:15,Program Studi,Akun/Login,Rendah,Email,89,3.8,2,Tidak,Sesuai SLA,4
TIK01446,2026-02-04,Rabu,10:25,Akademik,Internet/WiFi,Sedang,WhatsApp,36,8.9,1,Tidak,Sesuai SLA,4
TIK01447,2026-02-04,Rabu,10:30,Keuangan,Sistem Akademik,Tinggi,Email,60,15.9,1,Tidak,Lewat SLA,3
TIK01448,2026-02-04,Rabu,10:40,Keuangan,Akun/Login,Rendah,WhatsApp,37,1.6,1,Tidak,Sesuai SLA,5
TIK01449,2026-02-04,Rabu,11:20,Laboratorium,Sistem Akademik,Sedang,WhatsApp,39,9.5,1,Tidak,Sesuai SLA,4
TIK01450,2026-02-04,Rabu,11:45,Program Studi,Internet/WiFi,Sedang,Email,99,8.1,1,Tidak,Sesuai SLA,3
TIK01451,2026-02-04,Rabu,11:50,Program Studi,Sistem Akademik,Sedang,Datang Langsung,37,9.0,1,Tidak,Sesuai SLA,4
TIK01452,2026-02-04,Rabu,11:50,Laboratorium,Internet/WiFi,Tinggi,Form Online,52,9.2,1,Ya,Lewat SLA,3
TIK01453,2026-02-04,Rabu,12:10,Program Studi,Komputer/Laptop,Sedang,WhatsApp,34,4.5,1,Tidak,Sesuai SLA,4
TIK01454,2026-02-04,Rabu,12:10,Keuangan,Internet/WiFi,Sedang,WhatsApp,23,6.2,1,Tidak,Sesuai SLA,3
TIK01455,2026-02-04,Rabu,12:40,Akademik,Sistem Akademik,Tinggi,WhatsApp,32,13.2,2,Ya,Lewat SLA,3
TIK01456,2026-02-04,Rabu,12:55,Kemahasiswaan,Proyektor,Tinggi,Form Online,36,7.0,1,Ya,Lewat SLA,4
TIK01457,2026-02-04,Rabu,13:30,Kemahasiswaan,Printer,Sedang,Form Online,56,5.3,1,Tidak,Sesuai SLA,5
TIK01458,2026-02-04,Rabu,13:40,Umum,Akun/Login,Rendah,Form Online,66,8.1,1,Ya,Sesuai SLA,4
TIK01459,2026-02-04,Rabu,13:45,Kemahasiswaan,Akun/Login,Rendah,Form Online,59,11.8,1,Tidak,Sesuai SLA,4
TIK01460,2026-02-04,Rabu,13:45,Program Studi,Komputer/Laptop,Sedang,WhatsApp,37,5.4,1,Tidak,Sesuai SLA,4
TIK01461,2026-02-04,Rabu,13:55,Program Studi,Sistem Akademik,Tinggi,Form Online,55,16.5,2,Tidak,Lewat SLA,3
TIK01462,2026-02-04,Rabu,14:20,Perpustakaan,Akun/Login,Rendah,WhatsApp,60,4.9,1,Tidak,Sesuai SLA,3
TIK01463,2026-02-04,Rabu,14:25,Akademik,Printer,Rendah,Form Online,92,2.7,1,Tidak,Sesuai SLA,4
TIK01464,2026-02-04,Rabu,14:30,Akademik,Sistem Akademik,Sedang,WhatsApp,23,12.2,2,Ya,Lewat SLA,3
TIK01465,2026-02-04,Rabu,15:15,Laboratorium,Internet/WiFi,Rendah,Datang Langsung,58,6.4,1,Tidak,Sesuai SLA,3
TIK01466,2026-02-04,Rabu,15:45,Program Studi,Printer,Rendah,WhatsApp,48,4.2,1,Tidak,Sesuai SLA,4
TIK01467,2026-02-04,Rabu,15:55,Laboratorium,Akun/Login,Sedang,Email,84,3.6,1,Tidak,Sesuai SLA,3
TIK01468,2026-02-04,Rabu,16:35,Keuangan,Internet/WiFi,Sedang,Form Online,61,11.9,1,Tidak,Lewat SLA,3
TIK01469,2026-02-04,Rabu,17:55,Program Studi,Komputer/Laptop,Rendah,Email,95,6.9,1,Tidak,Sesuai SLA,5
TIK01470,2026-02-05,Kamis,07:05,Program Studi,Akun/Login,Rendah,WhatsApp,31,2.4,1,Tidak,Sesuai SLA,5
TIK01471,2026-02-05,Kamis,07:10,Laboratorium,Akun/Login,Sedang,Email,86,4.0,1,Tidak,Sesuai SLA,4
TIK01472,2026-02-05,Kamis,07:10,Akademik,Akun/Login,Rendah,WhatsApp,48,1.6,1,Tidak,Sesuai SLA,5
TIK01473,2026-02-05,Kamis,07:30,Program Studi,Komputer/Laptop,Sedang,Form Online,62,5.1,1,Tidak,Sesuai SLA,4
TIK01474,2026-02-05,Kamis,07:40,Umum,Sistem Akademik,Tinggi,Datang Langsung,20,13.4,3,Ya,Lewat SLA,3
TIK01475,2026-02-05,Kamis,07:40,Akademik,Printer,Sedang,Email,65,5.7,1,Tidak,Sesuai SLA,5
TIK01476,2026-02-05,Kamis,08:30,Perpustakaan,Printer,Rendah,Datang Langsung,44,3.8,2,Tidak,Sesuai SLA,5
TIK01477,2026-02-05,Kamis,08:40,Umum,Akun/Login,Rendah,WhatsApp,77,3.1,1,Tidak,Sesuai SLA,4
TIK01478,2026-02-05,Kamis,08:45,Akademik,Komputer/Laptop,Rendah,Form Online,60,8.9,1,Tidak,Sesuai SLA,4
TIK01479,2026-02-05,Kamis,08:45,Kemahasiswaan,Proyektor,Sedang,Form Online,87,4.5,1,Tidak,Sesuai SLA,5
TIK01480,2026-02-05,Kamis,08:55,Akademik,Internet/WiFi,Rendah,Datang Langsung,29,8.2,1,Tidak,Sesuai SLA,4
TIK01481,2026-02-05,Kamis,09:00,Akademik,Printer,Sedang,Form Online,36,2.6,1,Tidak,Sesuai SLA,4
TIK01482,2026-02-05,Kamis,09:05,Program Studi,Internet/WiFi,Tinggi,Datang Langsung,21,7.9,2,Tidak,Lewat SLA,5
TIK01483,2026-02-05,Kamis,09:25,Kemahasiswaan,Akun/Login,Sedang,Email,58,2.8,1,Tidak,Sesuai SLA,5
TIK01484,2026-02-05,Kamis,09:25,Akademik,Printer,Rendah,Email,92,4.9,1,Tidak,Sesuai SLA,5
TIK01485,2026-02-05,Kamis,09:25,Akademik,Komputer/Laptop,Rendah,WhatsApp,50,9.3,1,Tidak,Sesuai SLA,4
TIK01486,2026-02-05,Kamis,10:00,Perpustakaan,Proyektor,Rendah,Email,85,3.5,1,Tidak,Sesuai SLA,5
TIK01487,2026-02-05,Kamis,10:25,Program Studi,Akun/Login,Sedang,Form Online,57,3.3,1,Tidak,Sesuai SLA,4
TIK01488,2026-02-05,Kamis,10:50,Keuangan,Komputer/Laptop,Sedang,WhatsApp,41,7.6,1,Tidak,Sesuai SLA,5
TIK01489,2026-02-05,Kamis,10:55,Keuangan,Akun/Login,Sedang,WhatsApp,52,6.1,1,Tidak,Sesuai SLA,4
TIK01490,2026-02-05,Kamis,11:05,Program Studi,Komputer/Laptop,Sedang,Email,71,6.8,1,Tidak,Sesuai SLA,5
TIK01491,2026-02-05,Kamis,11:25,Akademik,Printer,Sedang,Email,66,8.0,1,Ya,Sesuai SLA,4
TIK01492,2026-02-05,Kamis,11:30,Umum,Komputer/Laptop,Rendah,Datang Langsung,48,7.2,2,Tidak,Sesuai SLA,4
TIK01493,2026-02-05,Kamis,11:40,Laboratorium,Internet/WiFi,Sedang,Email,69,8.7,1,Tidak,Sesuai SLA,4
TIK01494,2026-02-05,Kamis,12:25,Program Studi,Akun/Login,Rendah,Email,91,2.8,1,Tidak,Sesuai SLA,5
TIK01495,2026-02-05,Kamis,12:35,Kemahasiswaan,Printer,Sedang,WhatsApp,42,3.5,1,Tidak,Sesuai SLA,4
TIK01496,2026-02-05,Kamis,12:45,Laboratorium,Printer,Rendah,Email,85,5.8,1,Tidak,Sesuai SLA,4
TIK01497,2026-02-05,Kamis,12:50,Akademik,Komputer/Laptop,Sedang,WhatsApp,19,6.3,2,Tidak,Sesuai SLA,4
TIK01498,2026-02-05,Kamis,12:50,Akademik,Akun/Login,Rendah,WhatsApp,32,3.2,2,Tidak,Sesuai SLA,4
TIK01499,2026-02-05,Kamis,12:55,Program Studi,Proyektor,Rendah,WhatsApp,42,4.6,1,Tidak,Sesuai SLA,5
TIK01500,2026-02-05,Kamis,13:05,Umum,Printer,Sedang,Email,60,4.6,1,Tidak,Sesuai SLA,4
TIK01501,2026-02-05,Kamis,13:15,Perpustakaan,Printer,Sedang,WhatsApp,25,3.5,1,Tidak,Sesuai SLA,4
TIK01502,2026-02-05,Kamis,13:30,Kemahasiswaan,Komputer/Laptop,Tinggi,Form Online,63,8.9,2,Ya,Lewat SLA,4
TIK01503,2026-02-05,Kamis,13:35,Keuangan,Akun/Login,Rendah,WhatsApp,45,2.5,1,Tidak,Sesuai SLA,4
TIK01504,2026-02-05,Kamis,13:55,Program Studi,Internet/WiFi,Sedang,Form Online,39,11.3,1,Ya,Lewat SLA,3
TIK01505,2026-02-05,Kamis,14:00,Akademik,Internet/WiFi,Tinggi,Email,60,10.2,2,Tidak,Lewat SLA,3
TIK01506,2026-02-05,Kamis,14:50,Kemahasiswaan,Akun/Login,Sedang,WhatsApp,34,3.6,2,Tidak,Sesuai SLA,5
TIK01507,2026-02-05,Kamis,14:55,Laboratorium,Printer,Rendah,Form Online,81,4.1,1,Tidak,Sesuai SLA,5
TIK01508,2026-02-05,Kamis,15:00,Program Studi,Akun/Login,Rendah,WhatsApp,33,1.9,1,Tidak,Sesuai SLA,5
TIK01509,2026-02-05,Kamis,16:25,Akademik,Akun/Login,Rendah,Email,88,3.5,1,Tidak,Sesuai SLA,4
TIK01510,2026-02-05,Kamis,16:40,Umum,Komputer/Laptop,Tinggi,Datang Langsung,28,5.8,1,Tidak,Sesuai SLA,4
TIK01511,2026-02-06,Jumat,07:35,Akademik,Sistem Akademik,Rendah,Form Online,62,11.7,1,Ya,Sesuai SLA,4
TIK01512,2026-02-06,Jumat,07:35,Keuangan,Internet/WiFi,Tinggi,WhatsApp,28,9.6,2,Ya,Lewat SLA,4
TIK01513,2026-02-06,Jumat,07:55,Akademik,Internet/WiFi,Rendah,WhatsApp,33,8.0,1,Tidak,Sesuai SLA,5
TIK01514,2026-02-06,Jumat,07:55,Kemahasiswaan,Internet/WiFi,Sedang,Email,94,8.9,2,Tidak,Sesuai SLA,4
TIK01515,2026-02-06,Jumat,08:25,Akademik,Printer,Sedang,Form Online,38,12.2,2,Ya,Lewat SLA,3
TIK01516,2026-02-06,Jumat,08:35,Akademik,Sistem Akademik,Tinggi,Form Online,34,11.9,2,Tidak,Lewat SLA,3
TIK01517,2026-02-06,Jumat,08:45,Umum,Akun/Login,Sedang,WhatsApp,25,3.1,1,Tidak,Sesuai SLA,5
TIK01518,2026-02-06,Jumat,09:15,Akademik,Akun/Login,Rendah,Form Online,74,4.7,1,Tidak,Sesuai SLA,4
TIK01519,2026-02-06,Jumat,09:25,Umum,Internet/WiFi,Sedang,Form Online,47,7.3,1,Tidak,Sesuai SLA,5
TIK01520,2026-02-06,Jumat,09:50,Kemahasiswaan,Printer,Rendah,Form Online,61,4.3,2,Tidak,Sesuai SLA,5
TIK01521,2026-02-06,Jumat,09:55,Keuangan,Internet/WiFi,Rendah,Form Online,146,9.1,2,Tidak,Sesuai SLA,4
TIK01522,2026-02-06,Jumat,10:05,Program Studi,Komputer/Laptop,Sedang,Email,95,8.0,1,Tidak,Sesuai SLA,4
TIK01523,2026-02-06,Jumat,10:05,Keuangan,Komputer/Laptop,Rendah,Datang Langsung,40,7.5,1,Tidak,Sesuai SLA,4
TIK01524,2026-02-06,Jumat,10:25,Laboratorium,Akun/Login,Rendah,WhatsApp,40,1.0,1,Tidak,Sesuai SLA,4
TIK01525,2026-02-06,Jumat,10:25,Akademik,Sistem Akademik,Sedang,WhatsApp,48,9.6,1,Tidak,Sesuai SLA,4
TIK01526,2026-02-06,Jumat,10:25,Laboratorium,Akun/Login,Rendah,Datang Langsung,68,9.3,2,Tidak,Sesuai SLA,4
TIK01527,2026-02-06,Jumat,10:40,Keuangan,Akun/Login,Sedang,WhatsApp,57,3.4,1,Tidak,Sesuai SLA,5
TIK01528,2026-02-06,Jumat,10:40,Perpustakaan,Internet/WiFi,Tinggi,Form Online,52,7.5,2,Tidak,Lewat SLA,3
TIK01529,2026-02-06,Jumat,10:45,Akademik,Akun/Login,Sedang,Email,58,3.3,1,Tidak,Sesuai SLA,5
TIK01530,2026-02-06,Jumat,11:05,Umum,Printer,Rendah,WhatsApp,45,3.2,1,Tidak,Sesuai SLA,5
TIK01531,2026-02-06,Jumat,11:05,Program Studi,Printer,Rendah,WhatsApp,56,3.8,1,Tidak,Sesuai SLA,4
TIK01532,2026-02-06,Jumat,11:10,Program Studi,Internet/WiFi,Tinggi,WhatsApp,31,7.2,1,Tidak,Lewat SLA,3
TIK01533,2026-02-06,Jumat,11:15,Akademik,Komputer/Laptop,Sedang,WhatsApp,26,10.8,1,Tidak,Lewat SLA,3
TIK01534,2026-02-06,Jumat,11:15,Keuangan,Akun/Login,Rendah,WhatsApp,44,1.3,2,Tidak,Sesuai SLA,5
TIK01535,2026-02-06,Jumat,11:35,Laboratorium,Akun/Login,Rendah,Form Online,65,3.0,2,Tidak,Sesuai SLA,5
TIK01536,2026-02-06,Jumat,11:35,Program Studi,Printer,Rendah,WhatsApp,41,4.5,1,Tidak,Sesuai SLA,5
TIK01537,2026-02-06,Jumat,11:45,Program Studi,Internet/WiFi,Tinggi,WhatsApp,47,12.2,2,Ya,Lewat SLA,3
TIK01538,2026-02-06,Jumat,11:45,Keuangan,Sistem Akademik,Tinggi,WhatsApp,20,13.3,3,Ya,Lewat SLA,3
TIK01539,2026-02-06,Jumat,11:50,Laboratorium,Komputer/Laptop,Rendah,WhatsApp,45,8.5,2,Ya,Sesuai SLA,3
TIK01540,2026-02-06,Jumat,11:55,Umum,Akun/Login,Rendah,WhatsApp,52,4.2,1,Tidak,Sesuai SLA,4
TIK01541,2026-02-06,Jumat,12:15,Program Studi,Internet/WiFi,Sedang,WhatsApp,45,12.0,1,Ya,Lewat SLA,3
TIK01542,2026-02-06,Jumat,12:30,Akademik,Akun/Login,Tinggi,WhatsApp,21,5.8,2,Tidak,Sesuai SLA,4
TIK01543,2026-02-06,Jumat,12:40,Keuangan,Akun/Login,Sedang,Form Online,76,4.7,1,Ya,Sesuai SLA,4
TIK01544,2026-02-06,Jumat,13:15,Perpustakaan,Internet/WiFi,Tinggi,Email,87,7.9,1,Tidak,Lewat SLA,4
TIK01545,2026-02-06,Jumat,13:25,Kemahasiswaan,Printer,Sedang,WhatsApp,24,3.1,1,Tidak,Sesuai SLA,4
TIK01546,2026-02-06,Jumat,13:45,Akademik,Sistem Akademik,Sedang,Datang Langsung,26,11.2,1,Tidak,Lewat SLA,3
TIK01547,2026-02-06,Jumat,13:50,Akademik,Komputer/Laptop,Sedang,Form Online,56,7.0,1,Tidak,Sesuai SLA,5
TIK01548,2026-02-06,Jumat,14:00,Keuangan,Sistem Akademik,Sedang,Email,111,18.0,1,Ya,Lewat SLA,2
TIK01549,2026-02-06,Jumat,14:05,Akademik,Akun/Login,Rendah,Form Online,91,2.1,1,Tidak,Sesuai SLA,4
TIK01550,2026-02-06,Jumat,15:25,Kemahasiswaan,Sistem Akademik,Rendah,Email,78,11.8,1,Tidak,Sesuai SLA,3
TIK01551,2026-02-07,Sabtu,07:05,Kemahasiswaan,Komputer/Laptop,Sedang,Datang Langsung,22,6.2,1,Tidak,Sesuai SLA,5
TIK01552,2026-02-07,Sabtu,07:20,Program Studi,Internet/WiFi,Rendah,Datang Langsung,66,11.4,1,Tidak,Sesuai SLA,4
TIK01553,2026-02-07,Sabtu,07:25,Keuangan,Akun/Login,Rendah,WhatsApp,39,1.5,1,Tidak,Sesuai SLA,5
TIK01554,2026-02-07,Sabtu,07:40,Umum,Printer,Sedang,WhatsApp,47,5.1,1,Tidak,Sesuai SLA,4
TIK01555,2026-02-07,Sabtu,08:00,Kemahasiswaan,Internet/WiFi,Tinggi,WhatsApp,45,11.1,1,Ya,Lewat SLA,3
TIK01556,2026-02-07,Sabtu,08:00,Keuangan,Internet/WiFi,Sedang,Form Online,57,9.4,1,Ya,Sesuai SLA,4
TIK01557,2026-02-07,Sabtu,08:25,Keuangan,Internet/WiFi,Rendah,Datang Langsung,49,7.8,1,Ya,Sesuai SLA,4
TIK01558,2026-02-07,Sabtu,08:50,Akademik,Akun/Login,Sedang,WhatsApp,21,10.0,1,Ya,Sesuai SLA,5
TIK01559,2026-02-07,Sabtu,08:55,Akademik,Internet/WiFi,Rendah,Form Online,56,8.2,1,Tidak,Sesuai SLA,4
TIK01560,2026-02-07,Sabtu,09:10,Laboratorium,Komputer/Laptop,Sedang,Datang Langsung,64,6.8,2,Tidak,Sesuai SLA,4
TIK01561,2026-02-07,Sabtu,09:35,Akademik,Internet/WiFi,Sedang,WhatsApp,36,5.9,1,Tidak,Sesuai SLA,4
TIK01562,2026-02-07,Sabtu,10:05,Umum,Sistem Akademik,Rendah,Email,75,10.9,1,Tidak,Sesuai SLA,3
TIK01563,2026-02-07,Sabtu,10:15,Umum,Sistem Akademik,Sedang,Form Online,71,13.3,1,Ya,Lewat SLA,2
TIK01564,2026-02-07,Sabtu,10:25,Umum,Internet/WiFi,Sedang,WhatsApp,38,8.9,1,Tidak,Sesuai SLA,4
TIK01565,2026-02-07,Sabtu,10:25,Program Studi,Akun/Login,Rendah,Form Online,107,2.1,1,Tidak,Sesuai SLA,4
TIK01566,2026-02-07,Sabtu,10:30,Perpustakaan,Komputer/Laptop,Rendah,WhatsApp,63,7.6,2,Tidak,Sesuai SLA,4
TIK01567,2026-02-07,Sabtu,10:35,Kemahasiswaan,Internet/WiFi,Rendah,Email,78,6.5,1,Tidak,Sesuai SLA,3
TIK01568,2026-02-07,Sabtu,10:50,Keuangan,Printer,Sedang,WhatsApp,34,4.8,1,Tidak,Sesuai SLA,5
TIK01569,2026-02-07,Sabtu,11:00,Program Studi,Akun/Login,Rendah,WhatsApp,51,3.6,1,Tidak,Sesuai SLA,3
TIK01570,2026-02-07,Sabtu,11:05,Kemahasiswaan,Komputer/Laptop,Rendah,Email,68,5.8,1,Tidak,Sesuai SLA,4
TIK01571,2026-02-07,Sabtu,11:10,Keuangan,Komputer/Laptop,Rendah,WhatsApp,41,7.7,1,Tidak,Sesuai SLA,4
TIK01572,2026-02-07,Sabtu,11:10,Kemahasiswaan,Akun/Login,Rendah,Form Online,64,1.0,1,Tidak,Sesuai SLA,5
TIK01573,2026-02-07,Sabtu,11:25,Umum,Komputer/Laptop,Rendah,WhatsApp,33,6.2,1,Tidak,Sesuai SLA,4
TIK01574,2026-02-07,Sabtu,11:40,Umum,Komputer/Laptop,Rendah,WhatsApp,61,5.7,1,Tidak,Sesuai SLA,4
TIK01575,2026-02-07,Sabtu,11:40,Akademik,Sistem Akademik,Tinggi,Form Online,47,15.2,2,Ya,Lewat SLA,4
TIK01576,2026-02-07,Sabtu,11:50,Keuangan,Komputer/Laptop,Rendah,WhatsApp,59,5.8,1,Tidak,Sesuai SLA,5
TIK01577,2026-02-07,Sabtu,11:55,Akademik,Komputer/Laptop,Rendah,Email,85,5.7,1,Tidak,Sesuai SLA,4
TIK01578,2026-02-07,Sabtu,12:00,Program Studi,Sistem Akademik,Rendah,WhatsApp,56,10.7,1,Tidak,Sesuai SLA,4
TIK01579,2026-02-07,Sabtu,12:05,Akademik,Akun/Login,Rendah,WhatsApp,40,1.2,1,Tidak,Sesuai SLA,4
TIK01580,2026-02-07,Sabtu,12:05,Laboratorium,Akun/Login,Rendah,Form Online,64,5.6,2,Tidak,Sesuai SLA,4
TIK01581,2026-02-07,Sabtu,12:15,Perpustakaan,Komputer/Laptop,Rendah,Email,94,11.2,1,Ya,Sesuai SLA,4
TIK01582,2026-02-07,Sabtu,12:45,Akademik,Komputer/Laptop,Rendah,WhatsApp,52,4.9,2,Tidak,Sesuai SLA,4
TIK01583,2026-02-07,Sabtu,14:00,Laboratorium,Akun/Login,Sedang,Email,79,5.2,2,Tidak,Sesuai SLA,4
TIK01584,2026-02-07,Sabtu,14:25,Keuangan,Sistem Akademik,Sedang,Datang Langsung,14,8.9,2,Tidak,Sesuai SLA,5
TIK01585,2026-02-07,Sabtu,15:00,Keuangan,Internet/WiFi,Rendah,WhatsApp,35,7.5,1,Tidak,Sesuai SLA,5
TIK01586,2026-02-08,Minggu,07:05,Laboratorium,Internet/WiFi,Sedang,WhatsApp,34,6.8,1,Tidak,Sesuai SLA,4
TIK01587,2026-02-08,Minggu,07:20,Kemahasiswaan,Akun/Login,Tinggi,Email,50,4.3,1,Tidak,Sesuai SLA,5
TIK01588,2026-02-08,Minggu,07:20,Akademik,Sistem Akademik,Sedang,WhatsApp,37,12.3,2,Ya,Lewat SLA,2
TIK01589,2026-02-08,Minggu,07:25,Kemahasiswaan,Akun/Login,Rendah,Email,93,4.7,1,Tidak,Sesuai SLA,4
TIK01590,2026-02-08,Minggu,07:25,Kemahasiswaan,Akun/Login,Rendah,Email,75,2.8,1,Tidak,Sesuai SLA,4
TIK01591,2026-02-08,Minggu,07:35,Akademik,Internet/WiFi,Sedang,WhatsApp,75,10.3,2,Tidak,Lewat SLA,3
TIK01592,2026-02-08,Minggu,07:40,Perpustakaan,Akun/Login,Rendah,WhatsApp,59,0.9,1,Tidak,Sesuai SLA,5
TIK01593,2026-02-08,Minggu,08:00,Program Studi,Akun/Login,Rendah,Form Online,52,5.2,1,Tidak,Sesuai SLA,4
TIK01594,2026-02-08,Minggu,08:00,Akademik,Printer,Sedang,Form Online,72,2.9,2,Tidak,Sesuai SLA,4
TIK01595,2026-02-08,Minggu,08:25,Kemahasiswaan,Akun/Login,Tinggi,WhatsApp,20,3.7,1,Tidak,Sesuai SLA,5
TIK01596,2026-02-08,Minggu,08:25,Akademik,Sistem Akademik,Rendah,WhatsApp,45,10.6,1,Tidak,Sesuai SLA,3
TIK01597,2026-02-08,Minggu,09:15,Keuangan,Akun/Login,Sedang,WhatsApp,61,2.4,1,Tidak,Sesuai SLA,4
TIK01598,2026-02-08,Minggu,09:25,Program Studi,Komputer/Laptop,Tinggi,Email,88,11.3,2,Tidak,Lewat SLA,3
TIK01599,2026-02-08,Minggu,09:25,Laboratorium,Internet/WiFi,Rendah,Datang Langsung,49,8.2,1,Tidak,Sesuai SLA,4
TIK01600,2026-02-08,Minggu,09:45,Akademik,Komputer/Laptop,Sedang,Form Online,45,10.5,2,Ya,Lewat SLA,3
TIK01601,2026-02-08,Minggu,10:00,Program Studi,Akun/Login,Rendah,WhatsApp,36,3.6,1,Tidak,Sesuai SLA,4
TIK01602,2026-02-08,Minggu,10:10,Program Studi,Printer,Rendah,Datang Langsung,42,6.2,1,Tidak,Sesuai SLA,5
TIK01603,2026-02-08,Minggu,10:25,Laboratorium,Printer,Sedang,WhatsApp,48,4.5,1,Tidak,Sesuai SLA,5
TIK01604,2026-02-08,Minggu,10:25,Akademik,Akun/Login,Rendah,WhatsApp,53,0.9,2,Tidak,Sesuai SLA,5
TIK01605,2026-02-08,Minggu,10:25,Akademik,Printer,Rendah,WhatsApp,46,2.5,1,Tidak,Sesuai SLA,4
TIK01606,2026-02-08,Minggu,10:35,Laboratorium,Internet/WiFi,Tinggi,Email,78,10.7,1,Ya,Lewat SLA,3
TIK01607,2026-02-08,Minggu,10:55,Keuangan,Komputer/Laptop,Rendah,WhatsApp,59,7.7,2,Ya,Sesuai SLA,4
TIK01608,2026-02-08,Minggu,10:55,Program Studi,Printer,Rendah,WhatsApp,61,3.4,1,Tidak,Sesuai SLA,4
TIK01609,2026-02-08,Minggu,11:00,Keuangan,Sistem Akademik,Sedang,Form Online,57,14.4,1,Tidak,Lewat SLA,3
TIK01610,2026-02-08,Minggu,11:15,Program Studi,Sistem Akademik,Sedang,Form Online,64,13.8,1,Tidak,Lewat SLA,3
TIK01611,2026-02-08,Minggu,11:20,Keuangan,Sistem Akademik,Rendah,Datang Langsung,28,10.7,1,Ya,Sesuai SLA,4
TIK01612,2026-02-08,Minggu,11:20,Laboratorium,Internet/WiFi,Sedang,Email,79,10.2,1,Tidak,Lewat SLA,3
TIK01613,2026-02-08,Minggu,11:40,Laboratorium,Sistem Akademik,Sedang,Datang Langsung,35,11.8,1,Tidak,Lewat SLA,4
TIK01614,2026-02-08,Minggu,11:45,Akademik,Proyektor,Rendah,Form Online,88,3.8,1,Tidak,Sesuai SLA,5
TIK01615,2026-02-08,Minggu,11:55,Umum,Internet/WiFi,Tinggi,Datang Langsung,33,11.8,2,Ya,Lewat SLA,3
TIK01616,2026-02-08,Minggu,12:05,Keuangan,Sistem Akademik,Sedang,Datang Langsung,37,8.7,1,Tidak,Sesuai SLA,5
TIK01617,2026-02-08,Minggu,12:35,Akademik,Akun/Login,Rendah,WhatsApp,77,2.3,1,Tidak,Sesuai SLA,4
TIK01618,2026-02-08,Minggu,12:35,Keuangan,Internet/WiFi,Sedang,Form Online,70,7.4,2,Tidak,Sesuai SLA,5
TIK01619,2026-02-08,Minggu,12:40,Akademik,Internet/WiFi,Sedang,Email,74,8.6,1,Tidak,Sesuai SLA,3
TIK01620,2026-02-08,Minggu,12:50,Perpustakaan,Sistem Akademik,Sedang,WhatsApp,38,13.5,1,Ya,Lewat SLA,3
TIK01621,2026-02-08,Minggu,13:00,Kemahasiswaan,Internet/WiFi,Sedang,Form Online,65,8.3,2,Ya,Sesuai SLA,4
TIK01622,2026-02-08,Minggu,13:20,Program Studi,Komputer/Laptop,Rendah,WhatsApp,38,4.3,1,Tidak,Sesuai SLA,5
TIK01623,2026-02-08,Minggu,13:55,Program Studi,Sistem Akademik,Rendah,Form Online,57,11.8,1,Ya,Sesuai SLA,5
TIK01624,2026-02-08,Minggu,13:55,Laboratorium,Sistem Akademik,Tinggi,Form Online,82,11.4,2,Tidak,Lewat SLA,2
TIK01625,2026-02-08,Minggu,13:55,Kemahasiswaan,Akun/Login,Rendah,WhatsApp,50,3.7,2,Tidak,Sesuai SLA,4
TIK01626,2026-02-08,Minggu,14:10,Keuangan,Internet/WiFi,Rendah,Datang Langsung,29,10.0,2,Tidak,Sesuai SLA,3
TIK01627,2026-02-08,Minggu,14:35,Kemahasiswaan,Sistem Akademik,Tinggi,WhatsApp,69,14.2,1,Ya,Lewat SLA,2
TIK01628,2026-02-08,Minggu,14:50,Program Studi,Komputer/Laptop,Sedang,WhatsApp,22,5.0,1,Tidak,Sesuai SLA,4
TIK01629,2026-02-08,Minggu,15:05,Kemahasiswaan,Internet/WiFi,Tinggi,Email,82,14.9,2,Ya,Lewat SLA,3
TIK01630,2026-02-08,Minggu,15:35,Laboratorium,Internet/WiFi,Tinggi,Email,57,10.7,2,Ya,Lewat SLA,3
TIK01631,2026-02-08,Minggu,16:10,Akademik,Printer,Rendah,WhatsApp,57,3.4,2,Tidak,Sesuai SLA,5
TIK01632,2026-02-09,Senin,07:15,Perpustakaan,Sistem Akademik,Tinggi,Email,57,15.2,3,Tidak,Lewat SLA,3
TIK01633,2026-02-09,Senin,07:20,Akademik,Sistem Akademik,Sedang,Email,63,12.7,2,Ya,Lewat SLA,4
TIK01634,2026-02-09,Senin,07:25,Umum,Internet/WiFi,Rendah,Email,74,9.7,1,Tidak,Sesuai SLA,4
TIK01635,2026-02-09,Senin,07:30,Keuangan,Sistem Akademik,Sedang,WhatsApp,34,10.4,2,Tidak,Lewat SLA,4
TIK01636,2026-02-09,Senin,08:10,Keuangan,Printer,Rendah,Form Online,58,7.3,1,Tidak,Sesuai SLA,4
TIK01637,2026-02-09,Senin,08:25,Laboratorium,Internet/WiFi,Rendah,WhatsApp,57,8.6,1,Tidak,Sesuai SLA,4
TIK01638,2026-02-09,Senin,08:35,Keuangan,Printer,Rendah,Email,94,3.4,2,Tidak,Sesuai SLA,4
TIK01639,2026-02-09,Senin,08:50,Akademik,Sistem Akademik,Rendah,WhatsApp,96,9.6,2,Tidak,Sesuai SLA,3
TIK01640,2026-02-09,Senin,08:55,Umum,Akun/Login,Rendah,Form Online,67,4.8,1,Tidak,Sesuai SLA,3
TIK01641,2026-02-09,Senin,09:00,Akademik,Printer,Rendah,WhatsApp,38,5.9,1,Tidak,Sesuai SLA,4
TIK01642,2026-02-09,Senin,09:00,Program Studi,Akun/Login,Sedang,WhatsApp,53,7.6,1,Ya,Sesuai SLA,4
TIK01643,2026-02-09,Senin,09:10,Akademik,Internet/WiFi,Rendah,Datang Langsung,45,5.1,1,Tidak,Sesuai SLA,5
TIK01644,2026-02-09,Senin,09:15,Laboratorium,Internet/WiFi,Sedang,Email,80,13.0,1,Ya,Lewat SLA,3
TIK01645,2026-02-09,Senin,09:30,Program Studi,Proyektor,Rendah,Email,95,8.4,1,Tidak,Sesuai SLA,4
TIK01646,2026-02-09,Senin,09:40,Keuangan,Proyektor,Sedang,Datang Langsung,22,5.5,1,Tidak,Sesuai SLA,4
TIK01647,2026-02-09,Senin,09:50,Program Studi,Sistem Akademik,Sedang,Datang Langsung,44,15.0,1,Ya,Lewat SLA,3
TIK01648,2026-02-09,Senin,09:50,Akademik,Komputer/Laptop,Rendah,Datang Langsung,34,9.5,1,Ya,Sesuai SLA,3
TIK01649,2026-02-09,Senin,10:05,Keuangan,Sistem Akademik,Rendah,WhatsApp,37,10.9,2,Tidak,Sesuai SLA,5
TIK01650,2026-02-09,Senin,10:15,Akademik,Proyektor,Rendah,WhatsApp,43,5.1,2,Tidak,Sesuai SLA,4
TIK01651,2026-02-09,Senin,10:25,Kemahasiswaan,Sistem Akademik,Sedang,WhatsApp,38,11.4,2,Tidak,Lewat SLA,2
TIK01652,2026-02-09,Senin,10:25,Laboratorium,Akun/Login,Sedang,WhatsApp,31,2.7,1,Tidak,Sesuai SLA,5
TIK01653,2026-02-09,Senin,10:40,Laboratorium,Proyektor,Tinggi,Email,58,5.9,2,Tidak,Sesuai SLA,4
TIK01654,2026-02-09,Senin,10:45,Program Studi,Printer,Rendah,WhatsApp,44,8.3,2,Tidak,Sesuai SLA,5
TIK01655,2026-02-09,Senin,10:50,Akademik,Internet/WiFi,Sedang,WhatsApp,26,7.8,1,Tidak,Sesuai SLA,4
TIK01656,2026-02-09,Senin,10:50,Akademik,Internet/WiFi,Rendah,Form Online,52,12.1,1,Ya,Sesuai SLA,3
TIK01657,2026-02-09,Senin,10:50,Umum,Akun/Login,Rendah,Datang Langsung,29,1.1,1,Tidak,Sesuai SLA,4
TIK01658,2026-02-09,Senin,10:55,Akademik,Komputer/Laptop,Rendah,Form Online,65,6.8,1,Tidak,Sesuai SLA,3
TIK01659,2026-02-09,Senin,11:15,Perpustakaan,Akun/Login,Sedang,WhatsApp,29,1.3,2,Tidak,Sesuai SLA,4
TIK01660,2026-02-09,Senin,11:15,Laboratorium,Sistem Akademik,Rendah,Email,79,12.9,1,Ya,Sesuai SLA,4
TIK01661,2026-02-09,Senin,11:20,Perpustakaan,Internet/WiFi,Rendah,WhatsApp,41,7.4,1,Tidak,Sesuai SLA,4
TIK01662,2026-02-09,Senin,11:25,Akademik,Sistem Akademik,Sedang,Form Online,37,11.5,1,Tidak,Lewat SLA,3
TIK01663,2026-02-09,Senin,11:25,Program Studi,Proyektor,Rendah,Email,75,4.5,1,Tidak,Sesuai SLA,3
TIK01664,2026-02-09,Senin,11:35,Akademik,Sistem Akademik,Rendah,WhatsApp,48,13.5,1,Ya,Sesuai SLA,4
TIK01665,2026-02-09,Senin,11:35,Laboratorium,Internet/WiFi,Rendah,WhatsApp,51,6.2,1,Tidak,Sesuai SLA,4
TIK01666,2026-02-09,Senin,11:45,Keuangan,Printer,Sedang,WhatsApp,31,4.7,1,Tidak,Sesuai SLA,5
TIK01667,2026-02-09,Senin,12:00,Program Studi,Sistem Akademik,Sedang,WhatsApp,29,13.0,1,Tidak,Lewat SLA,4
TIK01668,2026-02-09,Senin,12:15,Umum,Komputer/Laptop,Tinggi,Email,88,12.5,2,Ya,Lewat SLA,3
TIK01669,2026-02-09,Senin,12:15,Program Studi,Komputer/Laptop,Tinggi,Form Online,56,8.2,3,Tidak,Lewat SLA,3
TIK01670,2026-02-09,Senin,12:40,Laboratorium,Internet/WiFi,Rendah,WhatsApp,56,6.3,2,Tidak,Sesuai SLA,4
TIK01671,2026-02-09,Senin,12:45,Akademik,Proyektor,Rendah,Form Online,75,5.2,1,Tidak,Sesuai SLA,5
TIK01672,2026-02-09,Senin,12:45,Laboratorium,Printer,Rendah,WhatsApp,58,5.4,1,Tidak,Sesuai SLA,3
TIK01673,2026-02-09,Senin,12:50,Keuangan,Internet/WiFi,Rendah,Form Online,72,5.8,1,Tidak,Sesuai SLA,4
TIK01674,2026-02-09,Senin,12:50,Program Studi,Sistem Akademik,Rendah,WhatsApp,84,12.3,1,Tidak,Sesuai SLA,3
TIK01675,2026-02-09,Senin,12:55,Keuangan,Sistem Akademik,Sedang,WhatsApp,29,13.2,1,Tidak,Lewat SLA,4
TIK01676,2026-02-09,Senin,13:05,Perpustakaan,Internet/WiFi,Rendah,Datang Langsung,51,5.5,1,Tidak,Sesuai SLA,5
TIK01677,2026-02-09,Senin,13:10,Perpustakaan,Internet/WiFi,Tinggi,WhatsApp,32,8.9,1,Tidak,Lewat SLA,4
TIK01678,2026-02-09,Senin,13:30,Umum,Printer,Sedang,WhatsApp,27,5.0,1,Tidak,Sesuai SLA,4
TIK01679,2026-02-09,Senin,13:30,Program Studi,Komputer/Laptop,Rendah,WhatsApp,36,4.7,1,Tidak,Sesuai SLA,4
TIK01680,2026-02-09,Senin,14:10,Kemahasiswaan,Komputer/Laptop,Rendah,Email,78,9.8,1,Ya,Sesuai SLA,4
TIK01681,2026-02-09,Senin,14:45,Program Studi,Sistem Akademik,Rendah,Form Online,61,11.2,2,Ya,Sesuai SLA,4
TIK01682,2026-02-09,Senin,15:00,Akademik,Proyektor,Rendah,Form Online,66,3.0,1,Tidak,Sesuai SLA,5
TIK01683,2026-02-10,Selasa,07:30,Laboratorium,Printer,Rendah,Form Online,52,6.1,2,Tidak,Sesuai SLA,4
TIK01684,2026-02-10,Selasa,07:30,Laboratorium,Akun/Login,Sedang,Form Online,63,2.8,1,Tidak,Sesuai SLA,5
TIK01685,2026-02-10,Selasa,07:30,Laboratorium,Internet/WiFi,Rendah,Form Online,60,12.9,1,Ya,Sesuai SLA,2
TIK01686,2026-02-10,Selasa,07:45,Kemahasiswaan,Komputer/Laptop,Rendah,WhatsApp,71,6.6,1,Ya,Sesuai SLA,4
TIK01687,2026-02-10,Selasa,07:55,Program Studi,Printer,Rendah,WhatsApp,36,3.3,1,Tidak,Sesuai SLA,5
TIK01688,2026-02-10,Selasa,07:55,Perpustakaan,Sistem Akademik,Sedang,Form Online,62,10.0,2,Tidak,Sesuai SLA,3
TIK01689,2026-02-10,Selasa,08:30,Laboratorium,Sistem Akademik,Rendah,WhatsApp,47,12.6,1,Ya,Sesuai SLA,3
TIK01690,2026-02-10,Selasa,08:45,Keuangan,Sistem Akademik,Sedang,Form Online,54,11.7,2,Ya,Lewat SLA,3
TIK01691,2026-02-10,Selasa,08:50,Program Studi,Sistem Akademik,Rendah,WhatsApp,51,9.4,1,Tidak,Sesuai SLA,5
TIK01692,2026-02-10,Selasa,08:55,Laboratorium,Internet/WiFi,Rendah,Form Online,53,6.3,2,Tidak,Sesuai SLA,4
TIK01693,2026-02-10,Selasa,09:00,Akademik,Sistem Akademik,Tinggi,Form Online,41,10.7,3,Tidak,Lewat SLA,2
TIK01694,2026-02-10,Selasa,09:55,Laboratorium,Printer,Sedang,WhatsApp,35,3.6,2,Tidak,Sesuai SLA,4
TIK01695,2026-02-10,Selasa,10:05,Program Studi,Sistem Akademik,Sedang,Datang Langsung,24,12.1,1,Tidak,Lewat SLA,3
TIK01696,2026-02-10,Selasa,10:15,Program Studi,Sistem Akademik,Sedang,WhatsApp,126,9.5,1,Tidak,Sesuai SLA,4
TIK01697,2026-02-10,Selasa,10:15,Akademik,Komputer/Laptop,Sedang,WhatsApp,29,5.5,1,Tidak,Sesuai SLA,4
TIK01698,2026-02-10,Selasa,10:30,Akademik,Akun/Login,Sedang,Form Online,54,1.9,1,Tidak,Sesuai SLA,5
TIK01699,2026-02-10,Selasa,10:50,Laboratorium,Internet/WiFi,Rendah,WhatsApp,56,5.9,2,Tidak,Sesuai SLA,5
TIK01700,2026-02-10,Selasa,10:50,Perpustakaan,Sistem Akademik,Rendah,Email,75,12.1,1,Tidak,Sesuai SLA,4
TIK01701,2026-02-10,Selasa,11:00,Program Studi,Sistem Akademik,Tinggi,Form Online,76,15.0,2,Ya,Lewat SLA,2
TIK01702,2026-02-10,Selasa,11:10,Akademik,Komputer/Laptop,Rendah,WhatsApp,64,6.6,1,Tidak,Sesuai SLA,5
TIK01703,2026-02-10,Selasa,11:30,Keuangan,Komputer/Laptop,Rendah,Form Online,96,7.4,2,Tidak,Sesuai SLA,4
TIK01704,2026-02-10,Selasa,11:35,Umum,Sistem Akademik,Sedang,Form Online,40,11.7,2,Tidak,Lewat SLA,4
TIK01705,2026-02-10,Selasa,11:45,Umum,Komputer/Laptop,Rendah,WhatsApp,54,8.8,1,Tidak,Sesuai SLA,4
TIK01706,2026-02-10,Selasa,11:50,Akademik,Printer,Sedang,Form Online,42,5.4,1,Tidak,Sesuai SLA,4
TIK01707,2026-02-10,Selasa,11:55,Akademik,Internet/WiFi,Rendah,Form Online,56,7.4,2,Ya,Sesuai SLA,3
TIK01708,2026-02-10,Selasa,12:05,Kemahasiswaan,Akun/Login,Rendah,WhatsApp,47,2.0,1,Tidak,Sesuai SLA,5
TIK01709,2026-02-10,Selasa,12:25,Program Studi,Internet/WiFi,Rendah,Email,82,16.9,1,Ya,Lewat SLA,3
TIK01710,2026-02-10,Selasa,12:35,Akademik,Internet/WiFi,Rendah,Form Online,60,8.0,2,Tidak,Sesuai SLA,5
TIK01711,2026-02-10,Selasa,12:55,Program Studi,Akun/Login,Sedang,WhatsApp,21,4.6,1,Tidak,Sesuai SLA,4
TIK01712,2026-02-10,Selasa,13:05,Kemahasiswaan,Akun/Login,Rendah,Email,90,2.4,2,Tidak,Sesuai SLA,5
TIK01713,2026-02-10,Selasa,13:10,Program Studi,Komputer/Laptop,Sedang,Form Online,40,8.6,1,Tidak,Sesuai SLA,5
TIK01714,2026-02-10,Selasa,13:15,Program Studi,Komputer/Laptop,Rendah,WhatsApp,35,6.2,2,Tidak,Sesuai SLA,4
TIK01715,2026-02-10,Selasa,13:55,Kemahasiswaan,Akun/Login,Rendah,WhatsApp,46,1.8,2,Tidak,Sesuai SLA,3
TIK01716,2026-02-10,Selasa,14:05,Kemahasiswaan,Sistem Akademik,Sedang,Form Online,41,12.0,1,Ya,Lewat SLA,4
TIK01717,2026-02-10,Selasa,14:15,Laboratorium,Internet/WiFi,Rendah,Email,108,6.4,2,Tidak,Sesuai SLA,4
TIK01718,2026-02-10,Selasa,14:25,Akademik,Internet/WiFi,Tinggi,Datang Langsung,16,7.3,3,Tidak,Lewat SLA,4
TIK01719,2026-02-10,Selasa,14:50,Kemahasiswaan,Akun/Login,Sedang,Form Online,41,3.2,1,Tidak,Sesuai SLA,5
TIK01720,2026-02-10,Selasa,15:45,Program Studi,Internet/WiFi,Rendah,Email,87,7.6,1,Tidak,Sesuai SLA,4
TIK01721,2026-02-10,Selasa,17:15,Akademik,Printer,Sedang,WhatsApp,40,3.9,1,Tidak,Sesuai SLA,5
TIK01722,2026-02-10,Selasa,17:55,Laboratorium,Sistem Akademik,Rendah,WhatsApp,72,13.0,2,Ya,Sesuai SLA,3
TIK01723,2026-02-11,Rabu,07:00,Kemahasiswaan,Akun/Login,Rendah,Form Online,57,4.0,1,Ya,Sesuai SLA,3
TIK01724,2026-02-11,Rabu,07:05,Akademik,Internet/WiFi,Tinggi,WhatsApp,27,6.6,1,Tidak,Lewat SLA,4
TIK01725,2026-02-11,Rabu,07:10,Program Studi,Proyektor,Tinggi,Form Online,32,5.2,2,Tidak,Sesuai SLA,5
TIK01726,2026-02-11,Rabu,07:10,Program Studi,Akun/Login,Tinggi,Form Online,40,5.0,2,Tidak,Sesuai SLA,4
TIK01727,2026-02-11,Rabu,07:35,Kemahasiswaan,Printer,Sedang,WhatsApp,43,6.0,1,Tidak,Sesuai SLA,5
TIK01728,2026-02-11,Rabu,07:45,Program Studi,Akun/Login,Sedang,Form Online,40,3.5,1,Tidak,Sesuai SLA,4
TIK01729,2026-02-11,Rabu,08:00,Perpustakaan,Internet/WiFi,Rendah,WhatsApp,51,8.6,1,Tidak,Sesuai SLA,4
TIK01730,2026-02-11,Rabu,08:40,Keuangan,Sistem Akademik,Rendah,Form Online,63,11.5,1,Ya,Sesuai SLA,3
TIK01731,2026-02-11,Rabu,08:50,Program Studi,Internet/WiFi,Rendah,WhatsApp,35,10.2,1,Ya,Sesuai SLA,4
TIK01732,2026-02-11,Rabu,09:00,Laboratorium,Internet/WiFi,Sedang,WhatsApp,29,5.7,2,Tidak,Sesuai SLA,5
TIK01733,2026-02-11,Rabu,09:10,Perpustakaan,Internet/WiFi,Sedang,Email,88,9.4,2,Tidak,Sesuai SLA,4
TIK01734,2026-02-11,Rabu,09:20,Akademik,Komputer/Laptop,Sedang,WhatsApp,49,5.4,1,Tidak,Sesuai SLA,4
TIK01735,2026-02-11,Rabu,09:30,Akademik,Komputer/Laptop,Tinggi,Email,52,9.1,2,Tidak,Lewat SLA,4
TIK01736,2026-02-11,Rabu,09:35,Akademik,Internet/WiFi,Rendah,Datang Langsung,35,6.4,2,Tidak,Sesuai SLA,5
TIK01737,2026-02-11,Rabu,10:20,Keuangan,Komputer/Laptop,Rendah,Form Online,57,6.3,2,Tidak,Sesuai SLA,3
TIK01738,2026-02-11,Rabu,10:30,Program Studi,Komputer/Laptop,Rendah,Email,82,12.7,1,Ya,Sesuai SLA,4
TIK01739,2026-02-11,Rabu,10:35,Umum,Sistem Akademik,Sedang,Form Online,46,9.7,1,Tidak,Sesuai SLA,4
TIK01740,2026-02-11,Rabu,11:10,Keuangan,Proyektor,Sedang,Email,59,3.9,1,Tidak,Sesuai SLA,4
TIK01741,2026-02-11,Rabu,11:30,Program Studi,Internet/WiFi,Sedang,WhatsApp,76,9.8,1,Ya,Sesuai SLA,3
TIK01742,2026-02-11,Rabu,11:35,Keuangan,Internet/WiFi,Tinggi,WhatsApp,26,7.2,3,Tidak,Lewat SLA,4
TIK01743,2026-02-11,Rabu,11:50,Program Studi,Internet/WiFi,Rendah,Email,77,8.8,1,Tidak,Sesuai SLA,4
TIK01744,2026-02-11,Rabu,11:50,Keuangan,Akun/Login,Rendah,Form Online,57,6.7,2,Tidak,Sesuai SLA,5
TIK01745,2026-02-11,Rabu,11:55,Akademik,Komputer/Laptop,Rendah,Email,77,5.7,1,Tidak,Sesuai SLA,4
TIK01746,2026-02-11,Rabu,12:05,Program Studi,Akun/Login,Sedang,Email,76,3.2,1,Tidak,Sesuai SLA,4
TIK01747,2026-02-11,Rabu,12:10,Perpustakaan,Internet/WiFi,Sedang,Form Online,47,9.4,1,Ya,Sesuai SLA,4
TIK01748,2026-02-11,Rabu,13:10,Laboratorium,Internet/WiFi,Tinggi,Email,52,10.6,2,Tidak,Lewat SLA,3
TIK01749,2026-02-11,Rabu,14:05,Kemahasiswaan,Sistem Akademik,Sedang,Form Online,75,13.9,1,Ya,Lewat SLA,2
TIK01750,2026-02-11,Rabu,14:25,Program Studi,Akun/Login,Rendah,Email,70,3.5,1,Tidak,Sesuai SLA,4
TIK01751,2026-02-11,Rabu,14:25,Program Studi,Komputer/Laptop,Sedang,Form Online,46,5.7,2,Tidak,Sesuai SLA,5
TIK01752,2026-02-11,Rabu,14:45,Keuangan,Akun/Login,Sedang,Form Online,79,2.6,1,Tidak,Sesuai SLA,4
TIK01753,2026-02-11,Rabu,14:50,Akademik,Printer,Rendah,WhatsApp,48,5.3,1,Ya,Sesuai SLA,5
TIK01754,2026-02-11,Rabu,15:15,Keuangan,Internet/WiFi,Tinggi,Email,59,10.9,3,Tidak,Lewat SLA,3
TIK01755,2026-02-12,Kamis,07:00,Program Studi,Printer,Rendah,WhatsApp,41,2.2,1,Tidak,Sesuai SLA,5
TIK01756,2026-02-12,Kamis,07:05,Perpustakaan,Sistem Akademik,Sedang,Form Online,108,7.7,1,Tidak,Sesuai SLA,3
TIK01757,2026-02-12,Kamis,07:05,Keuangan,Akun/Login,Rendah,Form Online,50,4.3,2,Tidak,Sesuai SLA,5
TIK01758,2026-02-12,Kamis,08:00,Kemahasiswaan,Sistem Akademik,Rendah,Email,83,10.1,1,Ya,Sesuai SLA,3
TIK01759,2026-02-12,Kamis,08:00,Keuangan,Komputer/Laptop,Rendah,Form Online,57,7.2,1,Ya,Sesuai SLA,4
TIK01760,2026-02-12,Kamis,08:15,Keuangan,Internet/WiFi,Sedang,WhatsApp,24,6.4,1,Tidak,Sesuai SLA,5
TIK01761,2026-02-12,Kamis,08:55,Laboratorium,Akun/Login,Sedang,WhatsApp,60,3.7,1,Tidak,Sesuai SLA,4
TIK01762,2026-02-12,Kamis,09:05,Akademik,Sistem Akademik,Rendah,WhatsApp,44,15.8,1,Ya,Sesuai SLA,3
TIK01763,2026-02-12,Kamis,09:10,Akademik,Proyektor,Sedang,Form Online,45,11.7,1,Ya,Lewat SLA,3
TIK01764,2026-02-12,Kamis,09:15,Kemahasiswaan,Printer,Sedang,Form Online,61,9.0,2,Ya,Sesuai SLA,3
TIK01765,2026-02-12,Kamis,09:15,Kemahasiswaan,Sistem Akademik,Tinggi,WhatsApp,34,8.8,1,Tidak,Lewat SLA,3
TIK01766,2026-02-12,Kamis,09:20,Akademik,Internet/WiFi,Rendah,Email,83,6.9,1,Tidak,Sesuai SLA,5
TIK01767,2026-02-12,Kamis,09:40,Laboratorium,Printer,Sedang,WhatsApp,63,8.5,1,Tidak,Sesuai SLA,5
TIK01768,2026-02-12,Kamis,10:00,Akademik,Sistem Akademik,Sedang,WhatsApp,48,9.2,2,Tidak,Sesuai SLA,4
TIK01769,2026-02-12,Kamis,10:05,Keuangan,Internet/WiFi,Rendah,Form Online,59,6.5,1,Tidak,Sesuai SLA,4
TIK01770,2026-02-12,Kamis,10:10,Keuangan,Printer,Tinggi,Email,66,7.4,2,Tidak,Lewat SLA,4
TIK01771,2026-02-12,Kamis,10:10,Program Studi,Sistem Akademik,Tinggi,Form Online,62,13.8,2,Ya,Lewat SLA,3
TIK01772,2026-02-12,Kamis,10:15,Akademik,Sistem Akademik,Rendah,Form Online,58,10.1,2,Ya,Sesuai SLA,4
TIK01773,2026-02-12,Kamis,10:45,Keuangan,Sistem Akademik,Sedang,WhatsApp,32,8.6,2,Tidak,Sesuai SLA,4
TIK01774,2026-02-12,Kamis,11:20,Umum,Sistem Akademik,Rendah,WhatsApp,50,7.8,2,Tidak,Sesuai SLA,5
TIK01775,2026-02-12,Kamis,11:50,Laboratorium,Printer,Sedang,Email,96,7.7,1,Tidak,Sesuai SLA,3
TIK01776,2026-02-12,Kamis,11:50,Program Studi,Internet/WiFi,Tinggi,Form Online,40,8.5,2,Tidak,Lewat SLA,3
TIK01777,2026-02-12,Kamis,11:55,Laboratorium,Akun/Login,Rendah,WhatsApp,68,1.0,1,Tidak,Sesuai SLA,5
TIK01778,2026-02-12,Kamis,12:25,Laboratorium,Sistem Akademik,Sedang,WhatsApp,28,9.4,2,Tidak,Sesuai SLA,3
TIK01779,2026-02-12,Kamis,12:35,Keuangan,Sistem Akademik,Tinggi,Datang Langsung,39,11.0,1,Tidak,Lewat SLA,3
TIK01780,2026-02-12,Kamis,12:50,Kemahasiswaan,Akun/Login,Rendah,Email,76,5.6,1,Tidak,Sesuai SLA,3
TIK01781,2026-02-12,Kamis,12:55,Laboratorium,Internet/WiFi,Rendah,WhatsApp,72,8.2,1,Tidak,Sesuai SLA,4
TIK01782,2026-02-12,Kamis,13:45,Perpustakaan,Akun/Login,Tinggi,Datang Langsung,16,4.9,2,Tidak,Sesuai SLA,5
TIK01783,2026-02-12,Kamis,13:50,Akademik,Printer,Rendah,WhatsApp,36,3.9,1,Tidak,Sesuai SLA,4
TIK01784,2026-02-12,Kamis,14:45,Akademik,Proyektor,Sedang,WhatsApp,48,2.7,1,Tidak,Sesuai SLA,4
TIK01785,2026-02-12,Kamis,14:55,Laboratorium,Sistem Akademik,Rendah,Form Online,57,10.5,1,Ya,Sesuai SLA,4
TIK01786,2026-02-13,Jumat,07:00,Laboratorium,Printer,Sedang,Email,63,4.0,1,Tidak,Sesuai SLA,4
TIK01787,2026-02-13,Jumat,07:25,Program Studi,Sistem Akademik,Rendah,Form Online,68,11.4,1,Ya,Sesuai SLA,3
TIK01788,2026-02-13,Jumat,07:35,Kemahasiswaan,Proyektor,Rendah,Form Online,123,4.0,1,Tidak,Sesuai SLA,3
TIK01789,2026-02-13,Jumat,07:55,Laboratorium,Sistem Akademik,Rendah,Form Online,82,8.7,1,Tidak,Sesuai SLA,3
TIK01790,2026-02-13,Jumat,08:00,Program Studi,Proyektor,Rendah,WhatsApp,47,3.4,1,Tidak,Sesuai SLA,5
TIK01791,2026-02-13,Jumat,08:10,Akademik,Komputer/Laptop,Sedang,WhatsApp,31,7.3,2,Tidak,Sesuai SLA,4
TIK01792,2026-02-13,Jumat,08:15,Program Studi,Akun/Login,Sedang,Email,107,4.6,2,Tidak,Sesuai SLA,3
TIK01793,2026-02-13,Jumat,08:20,Akademik,Printer,Rendah,WhatsApp,56,3.1,1,Tidak,Sesuai SLA,4
TIK01794,2026-02-13,Jumat,08:20,Laboratorium,Akun/Login,Sedang,Form Online,61,4.4,2,Tidak,Sesuai SLA,4
TIK01795,2026-02-13,Jumat,08:25,Kemahasiswaan,Sistem Akademik,Sedang,Email,72,11.4,2,Tidak,Lewat SLA,3
TIK01796,2026-02-13,Jumat,08:30,Laboratorium,Internet/WiFi,Rendah,WhatsApp,66,7.0,1,Tidak,Sesuai SLA,3
TIK01797,2026-02-13,Jumat,09:00,Keuangan,Internet/WiFi,Sedang,WhatsApp,29,7.0,1,Tidak,Sesuai SLA,4
TIK01798,2026-02-13,Jumat,09:20,Akademik,Proyektor,Sedang,Datang Langsung,27,2.8,2,Tidak,Sesuai SLA,4
TIK01799,2026-02-13,Jumat,09:20,Keuangan,Internet/WiFi,Sedang,WhatsApp,37,6.4,1,Tidak,Sesuai SLA,5
TIK01800,2026-02-13,Jumat,09:45,Program Studi,Akun/Login,Rendah,WhatsApp,62,5.4,2,Tidak,Sesuai SLA,5
TIK01801,2026-02-13,Jumat,09:55,Kemahasiswaan,Printer,Rendah,WhatsApp,45,6.4,2,Tidak,Sesuai SLA,5
TIK01802,2026-02-13,Jumat,10:25,Kemahasiswaan,Proyektor,Sedang,WhatsApp,53,3.9,1,Tidak,Sesuai SLA,4
TIK01803,2026-02-13,Jumat,10:35,Program Studi,Akun/Login,Rendah,Form Online,49,1.9,1,Tidak,Sesuai SLA,4
TIK01804,2026-02-13,Jumat,10:45,Perpustakaan,Printer,Rendah,WhatsApp,62,2.5,2,Tidak,Sesuai SLA,5
TIK01805,2026-02-13,Jumat,10:50,Keuangan,Sistem Akademik,Sedang,Email,93,14.3,1,Ya,Lewat SLA,2
TIK01806,2026-02-13,Jumat,10:55,Laboratorium,Akun/Login,Tinggi,Email,85,3.9,2,Tidak,Sesuai SLA,5
TIK01807,2026-02-13,Jumat,11:00,Perpustakaan,Internet/WiFi,Rendah,Email,77,10.3,2,Tidak,Sesuai SLA,3
TIK01808,2026-02-13,Jumat,11:15,Program Studi,Internet/WiFi,Sedang,Form Online,58,7.7,1,Tidak,Sesuai SLA,3
TIK01809,2026-02-13,Jumat,11:20,Kemahasiswaan,Komputer/Laptop,Sedang,Datang Langsung,18,8.5,1,Tidak,Sesuai SLA,4
TIK01810,2026-02-13,Jumat,11:25,Program Studi,Komputer/Laptop,Rendah,WhatsApp,60,8.1,2,Tidak,Sesuai SLA,5
TIK01811,2026-02-13,Jumat,11:45,Umum,Internet/WiFi,Tinggi,Email,65,12.3,3,Tidak,Lewat SLA,3
TIK01812,2026-02-13,Jumat,12:20,Umum,Komputer/Laptop,Sedang,WhatsApp,37,5.4,1,Tidak,Sesuai SLA,5
TIK01813,2026-02-13,Jumat,12:40,Program Studi,Proyektor,Sedang,WhatsApp,26,3.5,1,Tidak,Sesuai SLA,4
TIK01814,2026-02-13,Jumat,12:45,Akademik,Sistem Akademik,Rendah,Email,74,11.9,1,Ya,Sesuai SLA,3
TIK01815,2026-02-13,Jumat,13:20,Program Studi,Komputer/Laptop,Sedang,WhatsApp,57,6.6,1,Tidak,Sesuai SLA,4
TIK01816,2026-02-13,Jumat,13:20,Kemahasiswaan,Internet/WiFi,Tinggi,WhatsApp,52,16.3,1,Ya,Lewat SLA,2
TIK01817,2026-02-13,Jumat,13:35,Kemahasiswaan,Internet/WiFi,Rendah,WhatsApp,48,7.1,1,Tidak,Sesuai SLA,5
TIK01818,2026-02-13,Jumat,13:45,Keuangan,Internet/WiFi,Sedang,WhatsApp,79,6.8,2,Tidak,Sesuai SLA,3
TIK01819,2026-02-13,Jumat,13:45,Umum,Sistem Akademik,Sedang,Form Online,76,9.1,1,Tidak,Sesuai SLA,5
TIK01820,2026-02-13,Jumat,14:05,Akademik,Komputer/Laptop,Rendah,WhatsApp,39,5.4,1,Tidak,Sesuai SLA,4
TIK01821,2026-02-13,Jumat,15:25,Akademik,Internet/WiFi,Sedang,Email,59,7.9,2,Tidak,Sesuai SLA,4
TIK01822,2026-02-13,Jumat,15:25,Akademik,Internet/WiFi,Sedang,Form Online,62,9.8,1,Tidak,Sesuai SLA,4
TIK01823,2026-02-14,Sabtu,07:00,Laboratorium,Akun/Login,Sedang,Email,88,4.0,1,Tidak,Sesuai SLA,5
TIK01824,2026-02-14,Sabtu,07:10,Laboratorium,Sistem Akademik,Sedang,Form Online,69,10.5,1,Tidak,Lewat SLA,3
TIK01825,2026-02-14,Sabtu,07:35,Keuangan,Komputer/Laptop,Rendah,WhatsApp,104,4.2,1,Tidak,Sesuai SLA,4
TIK01826,2026-02-14,Sabtu,07:45,Laboratorium,Akun/Login,Rendah,Email,83,3.6,2,Tidak,Sesuai SLA,4
TIK01827,2026-02-14,Sabtu,07:55,Program Studi,Internet/WiFi,Rendah,Email,85,9.1,1,Tidak,Sesuai SLA,4
TIK01828,2026-02-14,Sabtu,08:10,Perpustakaan,Internet/WiFi,Sedang,WhatsApp,51,7.0,1,Tidak,Sesuai SLA,4
TIK01829,2026-02-14,Sabtu,08:40,Laboratorium,Internet/WiFi,Rendah,Datang Langsung,31,8.0,1,Tidak,Sesuai SLA,5
TIK01830,2026-02-14,Sabtu,08:45,Laboratorium,Komputer/Laptop,Tinggi,WhatsApp,19,7.0,1,Tidak,Lewat SLA,4
TIK01831,2026-02-14,Sabtu,08:55,Akademik,Komputer/Laptop,Rendah,Email,87,10.7,2,Tidak,Sesuai SLA,4
TIK01832,2026-02-14,Sabtu,09:25,Akademik,Internet/WiFi,Rendah,Form Online,87,6.6,1,Tidak,Sesuai SLA,5
TIK01833,2026-02-14,Sabtu,09:30,Kemahasiswaan,Proyektor,Sedang,Email,68,6.7,1,Tidak,Sesuai SLA,4
TIK01834,2026-02-14,Sabtu,09:35,Umum,Akun/Login,Rendah,WhatsApp,69,1.5,1,Tidak,Sesuai SLA,4
TIK01835,2026-02-14,Sabtu,09:40,Kemahasiswaan,Proyektor,Sedang,Form Online,57,2.7,1,Tidak,Sesuai SLA,4
TIK01836,2026-02-14,Sabtu,09:50,Kemahasiswaan,Printer,Rendah,Form Online,86,3.4,1,Tidak,Sesuai SLA,3
TIK01837,2026-02-14,Sabtu,10:00,Keuangan,Internet/WiFi,Sedang,WhatsApp,31,8.1,1,Tidak,Sesuai SLA,4
TIK01838,2026-02-14,Sabtu,10:25,Keuangan,Printer,Rendah,Form Online,68,2.7,1,Tidak,Sesuai SLA,4
TIK01839,2026-02-14,Sabtu,10:25,Akademik,Proyektor,Rendah,Datang Langsung,32,1.5,1,Tidak,Sesuai SLA,5
TIK01840,2026-02-14,Sabtu,11:00,Program Studi,Sistem Akademik,Tinggi,Email,56,14.4,2,Ya,Lewat SLA,2
TIK01841,2026-02-14,Sabtu,11:05,Keuangan,Akun/Login,Sedang,Form Online,42,2.7,1,Tidak,Sesuai SLA,4
TIK01842,2026-02-14,Sabtu,11:20,Keuangan,Komputer/Laptop,Sedang,Form Online,44,8.7,1,Ya,Sesuai SLA,4
TIK01843,2026-02-14,Sabtu,11:35,Laboratorium,Akun/Login,Tinggi,Datang Langsung,20,3.5,1,Tidak,Sesuai SLA,4
TIK01844,2026-02-14,Sabtu,11:40,Laboratorium,Sistem Akademik,Sedang,Email,70,10.3,2,Tidak,Lewat SLA,3
TIK01845,2026-02-14,Sabtu,11:45,Laboratorium,Sistem Akademik,Rendah,Email,78,13.4,1,Ya,Sesuai SLA,3
TIK01846,2026-02-14,Sabtu,12:05,Keuangan,Komputer/Laptop,Tinggi,WhatsApp,22,5.4,2,Tidak,Sesuai SLA,4
TIK01847,2026-02-14,Sabtu,12:35,Akademik,Internet/WiFi,Sedang,Form Online,61,6.6,1,Tidak,Sesuai SLA,5
TIK01848,2026-02-14,Sabtu,12:55,Kemahasiswaan,Internet/WiFi,Sedang,WhatsApp,39,6.1,1,Tidak,Sesuai SLA,5
TIK01849,2026-02-14,Sabtu,13:30,Akademik,Printer,Rendah,Datang Langsung,56,3.8,2,Tidak,Sesuai SLA,4
TIK01850,2026-02-14,Sabtu,14:05,Perpustakaan,Akun/Login,Rendah,Form Online,101,6.2,1,Tidak,Sesuai SLA,5
TIK01851,2026-02-14,Sabtu,14:10,Akademik,Printer,Sedang,Email,66,9.4,2,Ya,Sesuai SLA,3
TIK01852,2026-02-14,Sabtu,14:55,Umum,Sistem Akademik,Sedang,Form Online,39,11.0,1,Ya,Lewat SLA,3
TIK01853,2026-02-14,Sabtu,15:30,Program Studi,Internet/WiFi,Rendah,WhatsApp,60,6.0,1,Tidak,Sesuai SLA,4
TIK01854,2026-02-14,Sabtu,15:55,Program Studi,Sistem Akademik,Rendah,WhatsApp,46,7.8,1,Tidak,Sesuai SLA,4
TIK01855,2026-02-14,Sabtu,16:50,Umum,Internet/WiFi,Rendah,Datang Langsung,61,6.5,1,Tidak,Sesuai SLA,5
TIK01856,2026-02-15,Minggu,07:10,Umum,Printer,Rendah,Form Online,85,3.7,1,Tidak,Sesuai SLA,4
TIK01857,2026-02-15,Minggu,07:35,Program Studi,Sistem Akademik,Tinggi,WhatsApp,11,11.1,3,Tidak,Lewat SLA,3
TIK01858,2026-02-15,Minggu,07:40,Laboratorium,Akun/Login,Rendah,WhatsApp,45,2.7,2,Tidak,Sesuai SLA,4
TIK01859,2026-02-15,Minggu,07:55,Akademik,Printer,Sedang,WhatsApp,29,3.7,1,Tidak,Sesuai SLA,5
TIK01860,2026-02-15,Minggu,08:30,Keuangan,Akun/Login,Tinggi,WhatsApp,23,7.0,2,Tidak,Lewat SLA,3
TIK01861,2026-02-15,Minggu,08:30,Keuangan,Proyektor,Sedang,Form Online,62,5.9,1,Tidak,Sesuai SLA,5
TIK01862,2026-02-15,Minggu,08:35,Keuangan,Sistem Akademik,Rendah,Form Online,66,7.9,1,Tidak,Sesuai SLA,4
TIK01863,2026-02-15,Minggu,09:05,Keuangan,Internet/WiFi,Sedang,Form Online,58,9.0,2,Tidak,Sesuai SLA,3
TIK01864,2026-02-15,Minggu,09:20,Akademik,Sistem Akademik,Sedang,WhatsApp,27,10.0,1,Ya,Sesuai SLA,4
TIK01865,2026-02-15,Minggu,09:25,Akademik,Akun/Login,Sedang,WhatsApp,36,2.7,2,Tidak,Sesuai SLA,5
TIK01866,2026-02-15,Minggu,09:45,Laboratorium,Proyektor,Tinggi,Datang Langsung,28,5.5,2,Tidak,Sesuai SLA,5
TIK01867,2026-02-15,Minggu,09:50,Laboratorium,Komputer/Laptop,Sedang,WhatsApp,26,9.7,1,Ya,Sesuai SLA,4
TIK01868,2026-02-15,Minggu,10:05,Keuangan,Internet/WiFi,Sedang,WhatsApp,32,11.6,1,Ya,Lewat SLA,3
TIK01869,2026-02-15,Minggu,10:15,Kemahasiswaan,Komputer/Laptop,Rendah,Email,104,9.4,2,Tidak,Sesuai SLA,3
TIK01870,2026-02-15,Minggu,11:00,Program Studi,Proyektor,Rendah,WhatsApp,50,1.7,1,Tidak,Sesuai SLA,5
TIK01871,2026-02-15,Minggu,11:05,Akademik,Komputer/Laptop,Tinggi,Datang Langsung,10,6.8,2,Tidak,Lewat SLA,4
TIK01872,2026-02-15,Minggu,11:10,Program Studi,Printer,Sedang,Email,68,3.9,1,Tidak,Sesuai SLA,4
TIK01873,2026-02-15,Minggu,11:10,Kemahasiswaan,Internet/WiFi,Rendah,Email,90,8.6,1,Tidak,Sesuai SLA,4
TIK01874,2026-02-15,Minggu,11:25,Kemahasiswaan,Akun/Login,Rendah,WhatsApp,39,3.1,2,Tidak,Sesuai SLA,5
TIK01875,2026-02-15,Minggu,11:45,Kemahasiswaan,Printer,Sedang,WhatsApp,36,7.4,2,Tidak,Sesuai SLA,4
TIK01876,2026-02-15,Minggu,11:55,Keuangan,Printer,Rendah,Email,79,7.1,1,Tidak,Sesuai SLA,4
TIK01877,2026-02-15,Minggu,11:55,Kemahasiswaan,Sistem Akademik,Sedang,WhatsApp,52,13.1,2,Ya,Lewat SLA,4
TIK01878,2026-02-15,Minggu,12:15,Akademik,Sistem Akademik,Rendah,WhatsApp,58,9.9,1,Ya,Sesuai SLA,4
TIK01879,2026-02-15,Minggu,12:15,Program Studi,Internet/WiFi,Sedang,Email,93,9.3,1,Tidak,Sesuai SLA,3
TIK01880,2026-02-15,Minggu,12:25,Akademik,Komputer/Laptop,Sedang,Email,70,6.4,2,Tidak,Sesuai SLA,4
TIK01881,2026-02-15,Minggu,12:35,Akademik,Akun/Login,Rendah,Datang Langsung,43,1.7,1,Tidak,Sesuai SLA,5
TIK01882,2026-02-15,Minggu,12:50,Laboratorium,Komputer/Laptop,Rendah,Form Online,48,7.2,2,Tidak,Sesuai SLA,5
TIK01883,2026-02-15,Minggu,13:25,Akademik,Internet/WiFi,Rendah,WhatsApp,40,7.6,1,Tidak,Sesuai SLA,4
TIK01884,2026-02-15,Minggu,13:30,Akademik,Akun/Login,Sedang,WhatsApp,29,4.3,1,Tidak,Sesuai SLA,5
TIK01885,2026-02-15,Minggu,14:05,Laboratorium,Printer,Rendah,Form Online,89,6.8,1,Tidak,Sesuai SLA,3
TIK01886,2026-02-15,Minggu,14:25,Keuangan,Proyektor,Rendah,WhatsApp,36,1.9,1,Tidak,Sesuai SLA,5
TIK01887,2026-02-15,Minggu,14:30,Umum,Akun/Login,Sedang,WhatsApp,30,3.4,2,Tidak,Sesuai SLA,5
TIK01888,2026-02-15,Minggu,15:10,Umum,Internet/WiFi,Rendah,WhatsApp,47,11.7,1,Tidak,Sesuai SLA,3
TIK01889,2026-02-15,Minggu,15:20,Laboratorium,Komputer/Laptop,Rendah,Form Online,75,4.6,1,Tidak,Sesuai SLA,5
TIK01890,2026-02-15,Minggu,15:20,Perpustakaan,Internet/WiFi,Tinggi,Email,80,11.3,1,Ya,Lewat SLA,2
TIK01891,2026-02-15,Minggu,16:15,Keuangan,Komputer/Laptop,Tinggi,Datang Langsung,18,9.2,2,Ya,Lewat SLA,3
TIK01892,2026-02-15,Minggu,16:30,Akademik,Printer,Rendah,Datang Langsung,60,2.4,2,Tidak,Sesuai SLA,5
TIK01893,2026-02-15,Minggu,16:50,Kemahasiswaan,Komputer/Laptop,Rendah,Form Online,85,4.9,1,Tidak,Sesuai SLA,4
TIK01894,2026-02-16,Senin,07:25,Keuangan,Komputer/Laptop,Tinggi,Form Online,42,5.5,1,Tidak,Sesuai SLA,5
TIK01895,2026-02-16,Senin,07:25,Umum,Internet/WiFi,Sedang,Form Online,50,9.1,2,Tidak,Sesuai SLA,3
TIK01896,2026-02-16,Senin,07:35,Kemahasiswaan,Internet/WiFi,Tinggi,Form Online,77,11.2,2,Ya,Lewat SLA,2
TIK01897,2026-02-16,Senin,07:40,Kemahasiswaan,Akun/Login,Sedang,Datang Langsung,17,2.6,1,Tidak,Sesuai SLA,5
TIK01898,2026-02-16,Senin,07:45,Laboratorium,Internet/WiFi,Sedang,Email,69,8.5,1,Tidak,Sesuai SLA,4
TIK01899,2026-02-16,Senin,07:55,Laboratorium,Internet/WiFi,Rendah,Datang Langsung,41,8.9,1,Ya,Sesuai SLA,4
TIK01900,2026-02-16,Senin,07:55,Laboratorium,Akun/Login,Rendah,Form Online,64,3.6,2,Tidak,Sesuai SLA,3
TIK01901,2026-02-16,Senin,08:15,Kemahasiswaan,Akun/Login,Rendah,Email,69,4.7,1,Tidak,Sesuai SLA,4
TIK01902,2026-02-16,Senin,08:30,Kemahasiswaan,Proyektor,Sedang,Datang Langsung,28,2.7,2,Tidak,Sesuai SLA,5
TIK01903,2026-02-16,Senin,08:30,Umum,Sistem Akademik,Rendah,WhatsApp,90,6.7,1,Tidak,Sesuai SLA,4
TIK01904,2026-02-16,Senin,08:30,Keuangan,Internet/WiFi,Sedang,Email,154,8.5,1,Tidak,Sesuai SLA,2
TIK01905,2026-02-16,Senin,08:55,Laboratorium,Sistem Akademik,Tinggi,WhatsApp,23,10.6,3,Tidak,Lewat SLA,3
TIK01906,2026-02-16,Senin,09:00,Akademik,Proyektor,Sedang,Email,79,4.1,1,Tidak,Sesuai SLA,5
TIK01907,2026-02-16,Senin,09:00,Kemahasiswaan,Proyektor,Rendah,WhatsApp,60,5.9,1,Tidak,Sesuai SLA,3
TIK01908,2026-02-16,Senin,09:05,Umum,Sistem Akademik,Sedang,Datang Langsung,28,7.0,1,Tidak,Sesuai SLA,5
TIK01909,2026-02-16,Senin,09:05,Laboratorium,Sistem Akademik,Sedang,Email,74,12.8,1,Ya,Lewat SLA,3
TIK01910,2026-02-16,Senin,09:20,Akademik,Sistem Akademik,Sedang,Email,56,10.5,1,Tidak,Lewat SLA,3
TIK01911,2026-02-16,Senin,09:30,Laboratorium,Sistem Akademik,Sedang,WhatsApp,44,8.0,2,Tidak,Sesuai SLA,4
TIK01912,2026-02-16,Senin,09:40,Akademik,Printer,Rendah,WhatsApp,65,2.8,1,Tidak,Sesuai SLA,4
TIK01913,2026-02-16,Senin,09:45,Laboratorium,Sistem Akademik,Rendah,Form Online,49,9.4,1,Ya,Sesuai SLA,4
TIK01914,2026-02-16,Senin,09:55,Laboratorium,Sistem Akademik,Sedang,WhatsApp,32,10.4,2,Tidak,Lewat SLA,3
TIK01915,2026-02-16,Senin,10:15,Perpustakaan,Internet/WiFi,Rendah,Form Online,60,8.8,2,Tidak,Sesuai SLA,3
TIK01916,2026-02-16,Senin,10:15,Program Studi,Akun/Login,Rendah,Form Online,56,2.5,1,Tidak,Sesuai SLA,4
TIK01917,2026-02-16,Senin,10:30,Laboratorium,Internet/WiFi,Tinggi,WhatsApp,41,10.8,2,Ya,Lewat SLA,3
TIK01918,2026-02-16,Senin,10:30,Kemahasiswaan,Internet/WiFi,Rendah,Form Online,52,6.2,1,Tidak,Sesuai SLA,5
TIK01919,2026-02-16,Senin,10:40,Program Studi,Komputer/Laptop,Rendah,WhatsApp,62,4.5,2,Tidak,Sesuai SLA,5
TIK01920,2026-02-16,Senin,11:00,Laboratorium,Akun/Login,Tinggi,WhatsApp,29,4.0,1,Tidak,Sesuai SLA,4
TIK01921,2026-02-16,Senin,11:05,Laboratorium,Akun/Login,Rendah,WhatsApp,38,1.5,1,Tidak,Sesuai SLA,5
TIK01922,2026-02-16,Senin,11:05,Program Studi,Internet/WiFi,Sedang,Email,59,8.1,2,Tidak,Sesuai SLA,5
TIK01923,2026-02-16,Senin,11:15,Laboratorium,Printer,Sedang,Form Online,63,3.9,2,Tidak,Sesuai SLA,4
TIK01924,2026-02-16,Senin,11:25,Laboratorium,Akun/Login,Rendah,WhatsApp,60,5.0,1,Ya,Sesuai SLA,5
TIK01925,2026-02-16,Senin,11:30,Keuangan,Komputer/Laptop,Rendah,Form Online,103,8.2,1,Tidak,Sesuai SLA,3
TIK01926,2026-02-16,Senin,11:35,Kemahasiswaan,Internet/WiFi,Sedang,Email,65,12.0,1,Ya,Lewat SLA,3
TIK01927,2026-02-16,Senin,12:05,Keuangan,Akun/Login,Rendah,Email,80,5.0,1,Tidak,Sesuai SLA,4
TIK01928,2026-02-16,Senin,12:05,Program Studi,Komputer/Laptop,Tinggi,Form Online,57,8.9,1,Tidak,Lewat SLA,4
TIK01929,2026-02-16,Senin,12:15,Program Studi,Sistem Akademik,Sedang,Form Online,59,10.6,1,Ya,Lewat SLA,4
TIK01930,2026-02-16,Senin,12:20,Umum,Sistem Akademik,Sedang,WhatsApp,33,8.4,1,Tidak,Sesuai SLA,4
TIK01931,2026-02-16,Senin,12:25,Umum,Proyektor,Rendah,WhatsApp,67,4.9,1,Tidak,Sesuai SLA,4
TIK01932,2026-02-16,Senin,13:05,Kemahasiswaan,Printer,Sedang,Form Online,66,4.5,2,Tidak,Sesuai SLA,5
TIK01933,2026-02-16,Senin,13:15,Akademik,Internet/WiFi,Sedang,WhatsApp,34,11.0,1,Tidak,Lewat SLA,3
TIK01934,2026-02-16,Senin,13:35,Akademik,Internet/WiFi,Sedang,Datang Langsung,37,8.0,2,Tidak,Sesuai SLA,4
TIK01935,2026-02-16,Senin,13:40,Umum,Sistem Akademik,Sedang,WhatsApp,24,10.7,1,Ya,Lewat SLA,3
TIK01936,2026-02-16,Senin,13:55,Perpustakaan,Printer,Sedang,Email,56,6.8,2,Tidak,Sesuai SLA,4
TIK01937,2026-02-16,Senin,13:55,Program Studi,Komputer/Laptop,Sedang,Email,65,8.3,1,Tidak,Sesuai SLA,3
TIK01938,2026-02-16,Senin,14:05,Program Studi,Sistem Akademik,Rendah,Datang Langsung,35,8.4,1,Tidak,Sesuai SLA,5
TIK01939,2026-02-16,Senin,14:05,Akademik,Komputer/Laptop,Rendah,Email,108,12.3,1,Tidak,Sesuai SLA,4
TIK01940,2026-02-16,Senin,14:10,Keuangan,Internet/WiFi,Rendah,WhatsApp,46,11.2,1,Ya,Sesuai SLA,3
TIK01941,2026-02-16,Senin,14:35,Keuangan,Internet/WiFi,Sedang,Datang Langsung,19,8.2,1,Tidak,Sesuai SLA,5
TIK01942,2026-02-16,Senin,14:35,Akademik,Internet/WiFi,Rendah,WhatsApp,87,8.1,1,Tidak,Sesuai SLA,4
TIK01943,2026-02-16,Senin,14:50,Keuangan,Akun/Login,Sedang,Email,67,6.3,2,Tidak,Sesuai SLA,4
TIK01944,2026-02-16,Senin,14:50,Perpustakaan,Akun/Login,Tinggi,Email,57,6.2,2,Tidak,Lewat SLA,4
TIK01945,2026-02-16,Senin,15:20,Akademik,Komputer/Laptop,Rendah,Email,71,7.0,1,Tidak,Sesuai SLA,3
TIK01946,2026-02-17,Selasa,07:00,Keuangan,Sistem Akademik,Rendah,WhatsApp,58,8.5,1,Tidak,Sesuai SLA,3
TIK01947,2026-02-17,Selasa,07:05,Kemahasiswaan,Sistem Akademik,Sedang,WhatsApp,30,9.2,1,Tidak,Sesuai SLA,4
TIK01948,2026-02-17,Selasa,07:15,Keuangan,Internet/WiFi,Rendah,WhatsApp,100,11.9,1,Ya,Sesuai SLA,4
TIK01949,2026-02-17,Selasa,07:15,Akademik,Akun/Login,Rendah,WhatsApp,43,3.9,1,Tidak,Sesuai SLA,5
TIK01950,2026-02-17,Selasa,07:20,Program Studi,Internet/WiFi,Tinggi,Datang Langsung,27,7.4,2,Tidak,Lewat SLA,3
TIK01951,2026-02-17,Selasa,07:20,Laboratorium,Proyektor,Tinggi,WhatsApp,18,4.3,2,Tidak,Sesuai SLA,5
TIK01952,2026-02-17,Selasa,07:30,Perpustakaan,Akun/Login,Sedang,WhatsApp,30,3.6,1,Tidak,Sesuai SLA,5
TIK01953,2026-02-17,Selasa,07:35,Akademik,Proyektor,Rendah,WhatsApp,37,5.3,1,Tidak,Sesuai SLA,4
TIK01954,2026-02-17,Selasa,07:40,Akademik,Proyektor,Sedang,Form Online,49,4.0,2,Tidak,Sesuai SLA,5
TIK01955,2026-02-17,Selasa,07:45,Akademik,Sistem Akademik,Sedang,Datang Langsung,30,10.8,2,Ya,Lewat SLA,5
TIK01956,2026-02-17,Selasa,07:55,Program Studi,Sistem Akademik,Sedang,Email,59,13.2,1,Tidak,Lewat SLA,3
TIK01957,2026-02-17,Selasa,08:20,Perpustakaan,Akun/Login,Rendah,WhatsApp,63,4.0,2,Tidak,Sesuai SLA,5
TIK01958,2026-02-17,Selasa,08:25,Akademik,Akun/Login,Rendah,Datang Langsung,86,2.3,1,Tidak,Sesuai SLA,4
TIK01959,2026-02-17,Selasa,08:30,Akademik,Proyektor,Rendah,WhatsApp,39,4.0,2,Ya,Sesuai SLA,4
TIK01960,2026-02-17,Selasa,09:10,Program Studi,Internet/WiFi,Sedang,Datang Langsung,24,8.9,2,Tidak,Sesuai SLA,5
TIK01961,2026-02-17,Selasa,09:15,Laboratorium,Akun/Login,Rendah,Email,71,3.2,1,Tidak,Sesuai SLA,5
TIK01962,2026-02-17,Selasa,10:05,Kemahasiswaan,Akun/Login,Sedang,Datang Langsung,46,3.3,1,Tidak,Sesuai SLA,5
TIK01963,2026-02-17,Selasa,10:05,Keuangan,Sistem Akademik,Rendah,Form Online,62,7.6,1,Tidak,Sesuai SLA,4
TIK01964,2026-02-17,Selasa,10:20,Laboratorium,Sistem Akademik,Tinggi,WhatsApp,48,10.6,1,Ya,Lewat SLA,4
TIK01965,2026-02-17,Selasa,10:30,Kemahasiswaan,Printer,Sedang,Form Online,118,5.9,2,Tidak,Sesuai SLA,4
TIK01966,2026-02-17,Selasa,10:35,Perpustakaan,Printer,Rendah,Form Online,107,3.2,1,Tidak,Sesuai SLA,4
TIK01967,2026-02-17,Selasa,10:40,Keuangan,Sistem Akademik,Rendah,Email,86,9.3,2,Tidak,Sesuai SLA,2
TIK01968,2026-02-17,Selasa,10:50,Umum,Internet/WiFi,Sedang,WhatsApp,24,9.5,1,Ya,Sesuai SLA,4
TIK01969,2026-02-17,Selasa,10:55,Program Studi,Internet/WiFi,Rendah,Form Online,88,9.5,1,Tidak,Sesuai SLA,5
TIK01970,2026-02-17,Selasa,11:10,Keuangan,Sistem Akademik,Tinggi,Form Online,51,13.6,2,Ya,Lewat SLA,3
TIK01971,2026-02-17,Selasa,11:25,Akademik,Akun/Login,Rendah,Email,79,6.9,2,Tidak,Sesuai SLA,3
TIK01972,2026-02-17,Selasa,11:40,Laboratorium,Akun/Login,Rendah,WhatsApp,38,2.7,2,Tidak,Sesuai SLA,5
TIK01973,2026-02-17,Selasa,11:45,Program Studi,Internet/WiFi,Tinggi,Email,55,10.2,2,Tidak,Lewat SLA,3
TIK01974,2026-02-17,Selasa,11:45,Akademik,Internet/WiFi,Sedang,Datang Langsung,54,5.6,1,Tidak,Sesuai SLA,5
TIK01975,2026-02-17,Selasa,11:50,Laboratorium,Akun/Login,Rendah,WhatsApp,43,3.0,1,Tidak,Sesuai SLA,5
TIK01976,2026-02-17,Selasa,11:55,Kemahasiswaan,Sistem Akademik,Tinggi,Form Online,41,11.9,1,Ya,Lewat SLA,3
TIK01977,2026-02-17,Selasa,12:00,Akademik,Internet/WiFi,Sedang,Email,75,8.7,2,Tidak,Sesuai SLA,4
TIK01978,2026-02-17,Selasa,12:05,Program Studi,Akun/Login,Sedang,Datang Langsung,40,3.1,1,Tidak,Sesuai SLA,5
TIK01979,2026-02-17,Selasa,12:15,Program Studi,Akun/Login,Rendah,WhatsApp,45,4.1,1,Ya,Sesuai SLA,4
TIK01980,2026-02-17,Selasa,12:30,Keuangan,Printer,Rendah,Email,69,4.8,2,Tidak,Sesuai SLA,4
TIK01981,2026-02-17,Selasa,12:40,Kemahasiswaan,Sistem Akademik,Tinggi,Form Online,42,11.3,2,Tidak,Lewat SLA,3
TIK01982,2026-02-17,Selasa,12:50,Umum,Internet/WiFi,Sedang,Form Online,53,7.0,1,Tidak,Sesuai SLA,3
TIK01983,2026-02-17,Selasa,13:00,Laboratorium,Komputer/Laptop,Rendah,Datang Langsung,26,4.5,1,Tidak,Sesuai SLA,5
TIK01984,2026-02-17,Selasa,13:10,Program Studi,Internet/WiFi,Rendah,Datang Langsung,50,6.2,1,Tidak,Sesuai SLA,5
TIK01985,2026-02-17,Selasa,14:15,Keuangan,Internet/WiFi,Rendah,WhatsApp,44,11.7,1,Tidak,Sesuai SLA,4
TIK01986,2026-02-17,Selasa,15:30,Laboratorium,Sistem Akademik,Sedang,WhatsApp,41,8.5,2,Tidak,Sesuai SLA,3
TIK01987,2026-02-17,Selasa,15:55,Keuangan,Komputer/Laptop,Rendah,Form Online,54,6.0,2,Tidak,Sesuai SLA,4
TIK01988,2026-02-18,Rabu,08:05,Laboratorium,Sistem Akademik,Sedang,WhatsApp,62,13.4,1,Ya,Lewat SLA,2
TIK01989,2026-02-18,Rabu,08:15,Program Studi,Internet/WiFi,Rendah,Datang Langsung,53,7.1,1,Tidak,Sesuai SLA,4
TIK01990,2026-02-18,Rabu,08:45,Perpustakaan,Internet/WiFi,Rendah,WhatsApp,56,7.5,1,Tidak,Sesuai SLA,3
TIK01991,2026-02-18,Rabu,08:55,Akademik,Sistem Akademik,Sedang,WhatsApp,38,10.1,1,Ya,Lewat SLA,4
TIK01992,2026-02-18,Rabu,09:15,Kemahasiswaan,Akun/Login,Rendah,WhatsApp,39,3.8,1,Tidak,Sesuai SLA,4
TIK01993,2026-02-18,Rabu,09:20,Akademik,Printer,Tinggi,Form Online,38,3.6,2,Tidak,Sesuai SLA,5
TIK01994,2026-02-18,Rabu,09:40,Program Studi,Komputer/Laptop,Rendah,Email,81,6.4,1,Tidak,Sesuai SLA,4
TIK01995,2026-02-18,Rabu,09:50,Laboratorium,Printer,Tinggi,WhatsApp,15,4.3,2,Tidak,Sesuai SLA,5
TIK01996,2026-02-18,Rabu,10:00,Perpustakaan,Sistem Akademik,Sedang,Email,90,9.7,1,Tidak,Sesuai SLA,3
TIK01997,2026-02-18,Rabu,10:05,Perpustakaan,Komputer/Laptop,Sedang,Datang Langsung,40,8.2,1,Tidak,Sesuai SLA,5
TIK01998,2026-02-18,Rabu,10:05,Kemahasiswaan,Internet/WiFi,Rendah,Form Online,63,6.0,2,Tidak,Sesuai SLA,5
TIK01999,2026-02-18,Rabu,10:10,Laboratorium,Akun/Login,Sedang,Form Online,36,3.3,1,Tidak,Sesuai SLA,5
TIK02000,2026-02-18,Rabu,10:15,Kemahasiswaan,Komputer/Laptop,Sedang,WhatsApp,30,6.6,2,Tidak,Sesuai SLA,3
TIK02001,2026-02-18,Rabu,10:40,Keuangan,Internet/WiFi,Rendah,Email,83,9.6,1,Tidak,Sesuai SLA,3
TIK02002,2026-02-18,Rabu,10:45,Program Studi,Komputer/Laptop,Rendah,WhatsApp,44,4.4,1,Tidak,Sesuai SLA,4
TIK02003,2026-02-18,Rabu,10:50,Perpustakaan,Komputer/Laptop,Sedang,Email,65,5.9,2,Tidak,Sesuai SLA,4
TIK02004,2026-02-18,Rabu,11:00,Akademik,Proyektor,Rendah,Form Online,53,2.7,1,Tidak,Sesuai SLA,5
TIK02005,2026-02-18,Rabu,11:00,Perpustakaan,Sistem Akademik,Sedang,Datang Langsung,35,7.9,2,Tidak,Sesuai SLA,4
TIK02006,2026-02-18,Rabu,11:10,Perpustakaan,Internet/WiFi,Rendah,Form Online,72,10.5,1,Ya,Sesuai SLA,4
TIK02007,2026-02-18,Rabu,11:10,Kemahasiswaan,Printer,Rendah,WhatsApp,38,8.6,1,Tidak,Sesuai SLA,3
TIK02008,2026-02-18,Rabu,11:15,Laboratorium,Internet/WiFi,Sedang,Email,76,8.7,1,Tidak,Sesuai SLA,4
TIK02009,2026-02-18,Rabu,11:25,Program Studi,Akun/Login,Rendah,WhatsApp,34,4.7,1,Ya,Sesuai SLA,3
TIK02010,2026-02-18,Rabu,11:30,Perpustakaan,Komputer/Laptop,Rendah,WhatsApp,55,4.2,1,Tidak,Sesuai SLA,4
TIK02011,2026-02-18,Rabu,11:30,Akademik,Internet/WiFi,Tinggi,Email,67,12.0,1,Ya,Lewat SLA,4
TIK02012,2026-02-18,Rabu,11:55,Program Studi,Internet/WiFi,Tinggi,Form Online,31,7.5,2,Tidak,Lewat SLA,4
TIK02013,2026-02-18,Rabu,12:05,Akademik,Sistem Akademik,Sedang,WhatsApp,33,7.8,2,Tidak,Sesuai SLA,5
TIK02014,2026-02-18,Rabu,12:10,Program Studi,Sistem Akademik,Rendah,Datang Langsung,81,8.8,1,Tidak,Sesuai SLA,4
TIK02015,2026-02-18,Rabu,12:10,Perpustakaan,Sistem Akademik,Rendah,WhatsApp,42,7.4,1,Tidak,Sesuai SLA,5
TIK02016,2026-02-18,Rabu,12:20,Keuangan,Printer,Rendah,Form Online,61,3.8,1,Tidak,Sesuai SLA,5
TIK02017,2026-02-18,Rabu,12:20,Program Studi,Komputer/Laptop,Sedang,WhatsApp,38,8.5,1,Ya,Sesuai SLA,4
TIK02018,2026-02-18,Rabu,12:55,Program Studi,Printer,Sedang,WhatsApp,61,4.9,2,Tidak,Sesuai SLA,4
TIK02019,2026-02-18,Rabu,13:00,Program Studi,Internet/WiFi,Sedang,WhatsApp,35,8.1,1,Tidak,Sesuai SLA,5
TIK02020,2026-02-18,Rabu,13:00,Keuangan,Komputer/Laptop,Sedang,Form Online,54,5.4,2,Tidak,Sesuai SLA,4
TIK02021,2026-02-18,Rabu,13:05,Laboratorium,Komputer/Laptop,Rendah,Datang Langsung,37,6.4,1,Tidak,Sesuai SLA,4
TIK02022,2026-02-18,Rabu,13:15,Kemahasiswaan,Internet/WiFi,Sedang,WhatsApp,44,8.9,1,Tidak,Sesuai SLA,4
TIK02023,2026-02-18,Rabu,13:20,Kemahasiswaan,Akun/Login,Rendah,Datang Langsung,37,2.8,1,Tidak,Sesuai SLA,5
TIK02024,2026-02-18,Rabu,13:50,Akademik,Komputer/Laptop,Rendah,Form Online,78,5.3,2,Tidak,Sesuai SLA,4
TIK02025,2026-02-18,Rabu,13:50,Umum,Komputer/Laptop,Sedang,Form Online,75,8.3,1,Tidak,Sesuai SLA,4
TIK02026,2026-02-18,Rabu,13:55,Laboratorium,Printer,Sedang,Form Online,72,4.3,2,Tidak,Sesuai SLA,4
TIK02027,2026-02-18,Rabu,14:15,Umum,Proyektor,Sedang,Email,62,3.3,1,Tidak,Sesuai SLA,4
TIK02028,2026-02-18,Rabu,14:35,Perpustakaan,Akun/Login,Tinggi,Datang Langsung,42,5.1,2,Tidak,Sesuai SLA,4
TIK02029,2026-02-18,Rabu,14:45,Keuangan,Proyektor,Rendah,Email,133,5.3,1,Tidak,Sesuai SLA,4
TIK02030,2026-02-18,Rabu,14:45,Keuangan,Internet/WiFi,Sedang,WhatsApp,67,9.8,1,Tidak,Sesuai SLA,3
TIK02031,2026-02-18,Rabu,15:25,Program Studi,Internet/WiFi,Sedang,Form Online,56,10.2,1,Ya,Lewat SLA,3
TIK02032,2026-02-18,Rabu,16:30,Kemahasiswaan,Printer,Rendah,Form Online,59,5.9,2,Tidak,Sesuai SLA,4
TIK02033,2026-02-19,Kamis,07:25,Laboratorium,Internet/WiFi,Sedang,WhatsApp,30,10.2,1,Ya,Lewat SLA,3
TIK02034,2026-02-19,Kamis,07:45,Laboratorium,Internet/WiFi,Tinggi,Email,75,9.4,2,Tidak,Lewat SLA,4
TIK02035,2026-02-19,Kamis,07:55,Laboratorium,Internet/WiFi,Sedang,Email,92,8.9,1,Tidak,Sesuai SLA,4
TIK02036,2026-02-19,Kamis,08:10,Akademik,Printer,Tinggi,WhatsApp,31,7.0,2,Ya,Lewat SLA,4
TIK02037,2026-02-19,Kamis,08:10,Keuangan,Sistem Akademik,Rendah,WhatsApp,58,11.7,1,Tidak,Sesuai SLA,4
TIK02038,2026-02-19,Kamis,08:30,Kemahasiswaan,Sistem Akademik,Sedang,WhatsApp,94,10.4,1,Ya,Lewat SLA,4
TIK02039,2026-02-19,Kamis,08:30,Kemahasiswaan,Komputer/Laptop,Rendah,Form Online,104,4.9,1,Tidak,Sesuai SLA,4
TIK02040,2026-02-19,Kamis,08:45,Keuangan,Komputer/Laptop,Sedang,Form Online,66,6.2,1,Tidak,Sesuai SLA,5
TIK02041,2026-02-19,Kamis,09:05,Umum,Komputer/Laptop,Rendah,WhatsApp,44,4.0,1,Tidak,Sesuai SLA,5
TIK02042,2026-02-19,Kamis,09:10,Program Studi,Printer,Sedang,Email,70,6.4,1,Tidak,Sesuai SLA,4
TIK02043,2026-02-19,Kamis,09:30,Laboratorium,Sistem Akademik,Sedang,Datang Langsung,15,10.4,1,Ya,Lewat SLA,4
TIK02044,2026-02-19,Kamis,09:55,Keuangan,Printer,Rendah,WhatsApp,42,3.7,1,Tidak,Sesuai SLA,5
TIK02045,2026-02-19,Kamis,10:10,Program Studi,Komputer/Laptop,Rendah,WhatsApp,40,4.6,2,Tidak,Sesuai SLA,4
TIK02046,2026-02-19,Kamis,10:15,Umum,Internet/WiFi,Tinggi,WhatsApp,55,10.9,1,Tidak,Lewat SLA,3
TIK02047,2026-02-19,Kamis,10:15,Akademik,Internet/WiFi,Sedang,Form Online,46,7.9,1,Tidak,Sesuai SLA,5
TIK02048,2026-02-19,Kamis,10:15,Laboratorium,Akun/Login,Sedang,Form Online,53,2.8,2,Tidak,Sesuai SLA,4
TIK02049,2026-02-19,Kamis,10:45,Program Studi,Sistem Akademik,Sedang,Datang Langsung,23,6.8,2,Tidak,Sesuai SLA,5
TIK02050,2026-02-19,Kamis,10:50,Akademik,Sistem Akademik,Sedang,Form Online,55,9.3,1,Ya,Sesuai SLA,4
TIK02051,2026-02-19,Kamis,10:55,Program Studi,Akun/Login,Tinggi,WhatsApp,36,4.0,1,Tidak,Sesuai SLA,4
TIK02052,2026-02-19,Kamis,11:00,Laboratorium,Proyektor,Sedang,WhatsApp,34,5.4,1,Tidak,Sesuai SLA,4
TIK02053,2026-02-19,Kamis,11:10,Umum,Sistem Akademik,Tinggi,Form Online,32,10.7,2,Ya,Lewat SLA,3
TIK02054,2026-02-19,Kamis,11:15,Kemahasiswaan,Sistem Akademik,Tinggi,WhatsApp,33,8.6,2,Tidak,Lewat SLA,3
TIK02055,2026-02-19,Kamis,11:20,Kemahasiswaan,Proyektor,Rendah,WhatsApp,34,2.8,1,Tidak,Sesuai SLA,5
TIK02056,2026-02-19,Kamis,11:20,Keuangan,Akun/Login,Rendah,Email,96,3.5,1,Tidak,Sesuai SLA,4
TIK02057,2026-02-19,Kamis,11:30,Kemahasiswaan,Internet/WiFi,Tinggi,Email,62,10.6,2,Ya,Lewat SLA,4
TIK02058,2026-02-19,Kamis,11:35,Laboratorium,Akun/Login,Sedang,Email,67,5.2,1,Tidak,Sesuai SLA,4
TIK02059,2026-02-19,Kamis,11:35,Perpustakaan,Komputer/Laptop,Sedang,WhatsApp,35,5.2,2,Tidak,Sesuai SLA,4
TIK02060,2026-02-19,Kamis,11:40,Akademik,Sistem Akademik,Sedang,Form Online,43,11.1,1,Ya,Lewat SLA,4
TIK02061,2026-02-19,Kamis,11:45,Laboratorium,Sistem Akademik,Tinggi,Form Online,50,11.3,1,Ya,Lewat SLA,3
TIK02062,2026-02-19,Kamis,11:45,Keuangan,Sistem Akademik,Sedang,WhatsApp,48,11.3,1,Ya,Lewat SLA,3
TIK02063,2026-02-19,Kamis,11:55,Program Studi,Internet/WiFi,Sedang,Datang Langsung,21,5.3,2,Tidak,Sesuai SLA,5
TIK02064,2026-02-19,Kamis,12:05,Umum,Proyektor,Tinggi,Email,68,7.5,3,Tidak,Lewat SLA,3
TIK02065,2026-02-19,Kamis,12:05,Laboratorium,Proyektor,Tinggi,Form Online,38,6.9,3,Ya,Lewat SLA,4
TIK02066,2026-02-19,Kamis,12:05,Akademik,Komputer/Laptop,Rendah,Form Online,67,8.5,1,Tidak,Sesuai SLA,4
TIK02067,2026-02-19,Kamis,12:20,Akademik,Sistem Akademik,Sedang,WhatsApp,54,9.2,1,Tidak,Sesuai SLA,4
TIK02068,2026-02-19,Kamis,12:30,Program Studi,Komputer/Laptop,Sedang,WhatsApp,24,5.1,1,Tidak,Sesuai SLA,4
TIK02069,2026-02-19,Kamis,13:30,Laboratorium,Komputer/Laptop,Tinggi,Email,130,7.6,2,Tidak,Lewat SLA,3
TIK02070,2026-02-19,Kamis,13:30,Akademik,Komputer/Laptop,Rendah,Form Online,101,10.4,1,Ya,Sesuai SLA,4
TIK02071,2026-02-19,Kamis,14:00,Akademik,Akun/Login,Rendah,Email,103,4.2,1,Tidak,Sesuai SLA,3
TIK02072,2026-02-19,Kamis,14:10,Program Studi,Internet/WiFi,Sedang,WhatsApp,39,9.1,2,Ya,Sesuai SLA,5
TIK02073,2026-02-19,Kamis,14:35,Laboratorium,Printer,Sedang,Form Online,39,3.4,1,Tidak,Sesuai SLA,5
TIK02074,2026-02-19,Kamis,14:40,Akademik,Printer,Sedang,Form Online,49,4.4,1,Tidak,Sesuai SLA,4
TIK02075,2026-02-19,Kamis,16:05,Keuangan,Printer,Rendah,Datang Langsung,28,2.9,2,Tidak,Sesuai SLA,4
TIK02076,2026-02-19,Kamis,16:20,Laboratorium,Internet/WiFi,Rendah,Form Online,57,7.4,1,Tidak,Sesuai SLA,5
TIK02077,2026-02-19,Kamis,17:40,Keuangan,Akun/Login,Tinggi,WhatsApp,17,4.0,2,Tidak,Sesuai SLA,5
TIK02078,2026-02-20,Jumat,07:00,Perpustakaan,Printer,Rendah,Form Online,53,3.2,1,Tidak,Sesuai SLA,4
TIK02079,2026-02-20,Jumat,07:10,Laboratorium,Printer,Sedang,WhatsApp,24,3.6,1,Tidak,Sesuai SLA,4
TIK02080,2026-02-20,Jumat,07:55,Akademik,Komputer/Laptop,Rendah,Form Online,70,4.1,2,Tidak,Sesuai SLA,4
TIK02081,2026-02-20,Jumat,08:10,Program Studi,Internet/WiFi,Tinggi,Form Online,41,12.2,2,Ya,Lewat SLA,3
TIK02082,2026-02-20,Jumat,08:30,Laboratorium,Akun/Login,Rendah,WhatsApp,40,1.2,1,Tidak,Sesuai SLA,4
TIK02083,2026-02-20,Jumat,08:30,Akademik,Komputer/Laptop,Rendah,WhatsApp,49,8.7,1,Ya,Sesuai SLA,4
TIK02084,2026-02-20,Jumat,08:40,Laboratorium,Printer,Tinggi,Email,49,6.3,1,Tidak,Lewat SLA,4
TIK02085,2026-02-20,Jumat,09:00,Perpustakaan,Komputer/Laptop,Rendah,Form Online,90,5.5,1,Tidak,Sesuai SLA,4
TIK02086,2026-02-20,Jumat,09:10,Laboratorium,Komputer/Laptop,Sedang,WhatsApp,35,7.1,1,Tidak,Sesuai SLA,4
TIK02087,2026-02-20,Jumat,09:25,Akademik,Internet/WiFi,Sedang,Datang Langsung,41,6.1,1,Tidak,Sesuai SLA,4
TIK02088,2026-02-20,Jumat,09:35,Kemahasiswaan,Komputer/Laptop,Sedang,WhatsApp,33,8.5,1,Tidak,Sesuai SLA,3
TIK02089,2026-02-20,Jumat,09:40,Keuangan,Internet/WiFi,Rendah,Form Online,59,6.0,1,Tidak,Sesuai SLA,3
TIK02090,2026-02-20,Jumat,09:45,Akademik,Sistem Akademik,Rendah,Form Online,69,7.3,1,Tidak,Sesuai SLA,4
TIK02091,2026-02-20,Jumat,10:10,Laboratorium,Printer,Tinggi,Datang Langsung,20,7.7,3,Ya,Lewat SLA,4
TIK02092,2026-02-20,Jumat,10:20,Program Studi,Komputer/Laptop,Sedang,WhatsApp,29,7.5,2,Tidak,Sesuai SLA,4
TIK02093,2026-02-20,Jumat,10:20,Kemahasiswaan,Internet/WiFi,Rendah,WhatsApp,53,10.6,2,Ya,Sesuai SLA,4
TIK02094,2026-02-20,Jumat,10:30,Program Studi,Komputer/Laptop,Tinggi,WhatsApp,62,6.4,2,Tidak,Lewat SLA,4
TIK02095,2026-02-20,Jumat,10:35,Kemahasiswaan,Komputer/Laptop,Sedang,WhatsApp,51,9.3,2,Tidak,Sesuai SLA,5
TIK02096,2026-02-20,Jumat,10:45,Program Studi,Komputer/Laptop,Rendah,WhatsApp,60,4.1,1,Tidak,Sesuai SLA,4
TIK02097,2026-02-20,Jumat,10:45,Program Studi,Printer,Sedang,Form Online,60,3.2,1,Tidak,Sesuai SLA,5
TIK02098,2026-02-20,Jumat,10:55,Akademik,Sistem Akademik,Sedang,WhatsApp,34,9.8,1,Tidak,Sesuai SLA,5
TIK02099,2026-02-20,Jumat,11:00,Laboratorium,Internet/WiFi,Sedang,WhatsApp,90,10.6,1,Tidak,Lewat SLA,3
TIK02100,2026-02-20,Jumat,11:20,Laboratorium,Sistem Akademik,Rendah,Form Online,119,9.1,1,Ya,Sesuai SLA,4
TIK02101,2026-02-20,Jumat,11:20,Akademik,Sistem Akademik,Sedang,Form Online,42,10.3,1,Ya,Lewat SLA,3
TIK02102,2026-02-20,Jumat,11:40,Akademik,Sistem Akademik,Rendah,WhatsApp,53,6.9,1,Tidak,Sesuai SLA,4
TIK02103,2026-02-20,Jumat,11:45,Program Studi,Komputer/Laptop,Rendah,WhatsApp,46,6.5,1,Tidak,Sesuai SLA,4
TIK02104,2026-02-20,Jumat,11:45,Program Studi,Proyektor,Sedang,WhatsApp,24,3.5,1,Tidak,Sesuai SLA,3
TIK02105,2026-02-20,Jumat,11:50,Akademik,Sistem Akademik,Tinggi,Form Online,40,14.6,1,Ya,Lewat SLA,2
TIK02106,2026-02-20,Jumat,12:05,Laboratorium,Komputer/Laptop,Rendah,WhatsApp,32,8.4,1,Ya,Sesuai SLA,4
TIK02107,2026-02-20,Jumat,12:15,Laboratorium,Internet/WiFi,Sedang,Form Online,44,9.7,1,Tidak,Sesuai SLA,4
TIK02108,2026-02-20,Jumat,12:15,Kemahasiswaan,Proyektor,Rendah,WhatsApp,53,9.6,1,Ya,Sesuai SLA,5
TIK02109,2026-02-20,Jumat,12:20,Laboratorium,Internet/WiFi,Sedang,Form Online,46,7.1,1,Tidak,Sesuai SLA,5
TIK02110,2026-02-20,Jumat,12:25,Akademik,Sistem Akademik,Rendah,WhatsApp,38,9.6,1,Ya,Sesuai SLA,3
TIK02111,2026-02-20,Jumat,12:35,Laboratorium,Printer,Sedang,Form Online,50,4.9,1,Tidak,Sesuai SLA,4
TIK02112,2026-02-20,Jumat,12:35,Akademik,Internet/WiFi,Rendah,Form Online,88,6.7,1,Tidak,Sesuai SLA,4
TIK02113,2026-02-20,Jumat,13:20,Akademik,Internet/WiFi,Sedang,Datang Langsung,16,6.6,1,Tidak,Sesuai SLA,4
TIK02114,2026-02-20,Jumat,13:35,Akademik,Internet/WiFi,Rendah,Datang Langsung,38,4.4,1,Tidak,Sesuai SLA,4
TIK02115,2026-02-20,Jumat,13:45,Perpustakaan,Printer,Rendah,WhatsApp,43,6.2,1,Tidak,Sesuai SLA,5
TIK02116,2026-02-20,Jumat,13:50,Program Studi,Sistem Akademik,Sedang,WhatsApp,27,7.4,2,Tidak,Sesuai SLA,4
TIK02117,2026-02-20,Jumat,13:50,Akademik,Sistem Akademik,Sedang,WhatsApp,31,8.6,1,Tidak,Sesuai SLA,4
TIK02118,2026-02-20,Jumat,14:20,Akademik,Komputer/Laptop,Sedang,Email,82,7.4,1,Tidak,Sesuai SLA,4
TIK02119,2026-02-20,Jumat,14:30,Laboratorium,Proyektor,Rendah,Email,91,5.4,2,Tidak,Sesuai SLA,4
TIK02120,2026-02-20,Jumat,15:20,Keuangan,Akun/Login,Sedang,Form Online,44,1.6,1,Tidak,Sesuai SLA,5
TIK02121,2026-02-20,Jumat,15:40,Akademik,Internet/WiFi,Tinggi,Form Online,56,9.5,2,Ya,Lewat SLA,3
TIK02122,2026-02-20,Jumat,16:30,Keuangan,Proyektor,Rendah,Form Online,84,2.1,1,Tidak,Sesuai SLA,4
TIK02123,2026-02-21,Sabtu,07:05,Laboratorium,Proyektor,Rendah,Datang Langsung,39,2.4,1,Tidak,Sesuai SLA,5
TIK02124,2026-02-21,Sabtu,07:25,Laboratorium,Sistem Akademik,Sedang,Form Online,84,9.4,2,Tidak,Sesuai SLA,4
TIK02125,2026-02-21,Sabtu,07:50,Program Studi,Printer,Rendah,Datang Langsung,50,2.0,2,Tidak,Sesuai SLA,4
TIK02126,2026-02-21,Sabtu,09:00,Laboratorium,Komputer/Laptop,Sedang,Email,81,5.9,1,Tidak,Sesuai SLA,4
TIK02127,2026-02-21,Sabtu,09:10,Laboratorium,Sistem Akademik,Tinggi,WhatsApp,15,10.1,3,Tidak,Lewat SLA,3
TIK02128,2026-02-21,Sabtu,09:10,Perpustakaan,Komputer/Laptop,Sedang,Email,60,10.2,1,Tidak,Lewat SLA,3
TIK02129,2026-02-21,Sabtu,09:25,Akademik,Sistem Akademik,Tinggi,WhatsApp,45,9.9,2,Tidak,Lewat SLA,4
TIK02130,2026-02-21,Sabtu,09:25,Kemahasiswaan,Internet/WiFi,Sedang,Form Online,55,6.7,2,Tidak,Sesuai SLA,4
TIK02131,2026-02-21,Sabtu,09:40,Umum,Printer,Sedang,Form Online,62,5.9,1,Tidak,Sesuai SLA,2
TIK02132,2026-02-21,Sabtu,09:45,Kemahasiswaan,Sistem Akademik,Sedang,Form Online,43,8.6,1,Tidak,Sesuai SLA,5
TIK02133,2026-02-21,Sabtu,09:45,Akademik,Proyektor,Sedang,Form Online,43,3.1,1,Tidak,Sesuai SLA,4
TIK02134,2026-02-21,Sabtu,09:45,Program Studi,Akun/Login,Sedang,Form Online,50,3.7,2,Tidak,Sesuai SLA,3
TIK02135,2026-02-21,Sabtu,09:50,Laboratorium,Sistem Akademik,Sedang,Datang Langsung,22,6.7,1,Tidak,Sesuai SLA,5
TIK02136,2026-02-21,Sabtu,09:55,Akademik,Akun/Login,Rendah,Form Online,64,4.3,1,Tidak,Sesuai SLA,5
TIK02137,2026-02-21,Sabtu,10:10,Laboratorium,Printer,Sedang,WhatsApp,21,5.5,1,Tidak,Sesuai SLA,4
TIK02138,2026-02-21,Sabtu,10:15,Akademik,Internet/WiFi,Tinggi,Email,101,13.2,1,Ya,Lewat SLA,2
TIK02139,2026-02-21,Sabtu,10:30,Laboratorium,Printer,Sedang,WhatsApp,32,4.4,1,Tidak,Sesuai SLA,5
TIK02140,2026-02-21,Sabtu,10:30,Keuangan,Akun/Login,Rendah,Form Online,80,3.0,2,Tidak,Sesuai SLA,3
TIK02141,2026-02-21,Sabtu,10:30,Kemahasiswaan,Akun/Login,Rendah,Email,82,4.0,1,Tidak,Sesuai SLA,4
TIK02142,2026-02-21,Sabtu,10:35,Perpustakaan,Akun/Login,Sedang,Datang Langsung,25,5.2,1,Tidak,Sesuai SLA,4
TIK02143,2026-02-21,Sabtu,10:40,Akademik,Printer,Rendah,Form Online,79,5.3,1,Tidak,Sesuai SLA,4
TIK02144,2026-02-21,Sabtu,11:00,Program Studi,Sistem Akademik,Sedang,Form Online,72,8.1,1,Tidak,Sesuai SLA,4
TIK02145,2026-02-21,Sabtu,11:05,Laboratorium,Internet/WiFi,Sedang,WhatsApp,55,8.8,2,Tidak,Sesuai SLA,5
TIK02146,2026-02-21,Sabtu,11:10,Akademik,Akun/Login,Sedang,Form Online,62,4.5,1,Tidak,Sesuai SLA,4
TIK02147,2026-02-21,Sabtu,11:30,Program Studi,Internet/WiFi,Sedang,WhatsApp,20,13.6,1,Ya,Lewat SLA,2
TIK02148,2026-02-21,Sabtu,11:40,Kemahasiswaan,Sistem Akademik,Rendah,Form Online,63,9.1,2,Ya,Sesuai SLA,4
TIK02149,2026-02-21,Sabtu,11:50,Akademik,Printer,Rendah,WhatsApp,44,2.9,1,Tidak,Sesuai SLA,4
TIK02150,2026-02-21,Sabtu,11:55,Akademik,Printer,Rendah,Form Online,63,3.8,2,Tidak,Sesuai SLA,4
TIK02151,2026-02-21,Sabtu,12:05,Akademik,Sistem Akademik,Sedang,WhatsApp,45,9.4,1,Ya,Sesuai SLA,4
TIK02152,2026-02-21,Sabtu,12:20,Umum,Akun/Login,Rendah,WhatsApp,70,4.9,1,Tidak,Sesuai SLA,3
TIK02153,2026-02-21,Sabtu,12:25,Kemahasiswaan,Akun/Login,Sedang,Form Online,56,5.4,1,Tidak,Sesuai SLA,4
TIK02154,2026-02-21,Sabtu,12:45,Keuangan,Proyektor,Sedang,Form Online,50,3.5,1,Tidak,Sesuai SLA,5
TIK02155,2026-02-21,Sabtu,13:05,Akademik,Proyektor,Sedang,WhatsApp,27,3.9,2,Tidak,Sesuai SLA,5
TIK02156,2026-02-21,Sabtu,13:10,Umum,Sistem Akademik,Sedang,Form Online,89,8.7,1,Tidak,Sesuai SLA,4
TIK02157,2026-02-21,Sabtu,13:15,Keuangan,Komputer/Laptop,Rendah,Email,90,6.1,1,Tidak,Sesuai SLA,3
TIK02158,2026-02-21,Sabtu,13:40,Program Studi,Printer,Rendah,Form Online,60,5.0,2,Tidak,Sesuai SLA,4
TIK02159,2026-02-21,Sabtu,14:55,Akademik,Akun/Login,Rendah,Datang Langsung,53,3.3,2,Tidak,Sesuai SLA,3
TIK02160,2026-02-21,Sabtu,14:55,Laboratorium,Sistem Akademik,Sedang,Form Online,70,8.2,2,Tidak,Sesuai SLA,4
TIK02161,2026-02-21,Sabtu,15:45,Laboratorium,Printer,Rendah,WhatsApp,62,2.9,1,Tidak,Sesuai SLA,5
TIK02162,2026-02-21,Sabtu,15:45,Perpustakaan,Internet/WiFi,Sedang,Email,58,7.8,1,Tidak,Sesuai SLA,4
TIK02163,2026-02-22,Minggu,07:10,Laboratorium,Sistem Akademik,Rendah,Email,87,13.5,1,Tidak,Sesuai SLA,3
TIK02164,2026-02-22,Minggu,07:15,Akademik,Proyektor,Sedang,WhatsApp,38,7.5,2,Tidak,Sesuai SLA,4
TIK02165,2026-02-22,Minggu,07:15,Program Studi,Sistem Akademik,Sedang,WhatsApp,38,11.2,1,Ya,Lewat SLA,2
TIK02166,2026-02-22,Minggu,07:20,Kemahasiswaan,Internet/WiFi,Tinggi,WhatsApp,13,11.8,1,Ya,Lewat SLA,3
TIK02167,2026-02-22,Minggu,07:20,Program Studi,Internet/WiFi,Rendah,Form Online,56,6.4,1,Tidak,Sesuai SLA,5
TIK02168,2026-02-22,Minggu,07:35,Laboratorium,Sistem Akademik,Sedang,WhatsApp,33,10.8,1,Tidak,Lewat SLA,4
TIK02169,2026-02-22,Minggu,07:35,Program Studi,Sistem Akademik,Tinggi,Form Online,33,10.1,1,Tidak,Lewat SLA,3
TIK02170,2026-02-22,Minggu,07:40,Perpustakaan,Internet/WiFi,Rendah,WhatsApp,52,6.0,1,Tidak,Sesuai SLA,4
TIK02171,2026-02-22,Minggu,08:10,Umum,Komputer/Laptop,Sedang,Datang Langsung,25,6.8,1,Tidak,Sesuai SLA,4
TIK02172,2026-02-22,Minggu,08:15,Program Studi,Internet/WiFi,Sedang,WhatsApp,38,8.2,1,Tidak,Sesuai SLA,4
TIK02173,2026-02-22,Minggu,08:25,Kemahasiswaan,Printer,Sedang,WhatsApp,47,4.4,1,Tidak,Sesuai SLA,4
TIK02174,2026-02-22,Minggu,08:40,Laboratorium,Komputer/Laptop,Sedang,Datang Langsung,20,6.3,1,Tidak,Sesuai SLA,4
TIK02175,2026-02-22,Minggu,09:20,Akademik,Internet/WiFi,Rendah,Email,98,9.0,1,Tidak,Sesuai SLA,4
TIK02176,2026-02-22,Minggu,09:25,Keuangan,Internet/WiFi,Rendah,WhatsApp,39,6.7,1,Tidak,Sesuai SLA,3
TIK02177,2026-02-22,Minggu,09:40,Kemahasiswaan,Komputer/Laptop,Rendah,WhatsApp,41,5.1,1,Tidak,Sesuai SLA,4
TIK02178,2026-02-22,Minggu,10:00,Akademik,Komputer/Laptop,Sedang,Datang Langsung,15,4.0,2,Tidak,Sesuai SLA,4
TIK02179,2026-02-22,Minggu,10:00,Akademik,Internet/WiFi,Sedang,Datang Langsung,33,12.9,2,Tidak,Lewat SLA,3
TIK02180,2026-02-22,Minggu,10:05,Umum,Sistem Akademik,Rendah,Datang Langsung,43,7.0,1,Tidak,Sesuai SLA,4
TIK02181,2026-02-22,Minggu,10:10,Akademik,Internet/WiFi,Sedang,Email,86,12.6,1,Ya,Lewat SLA,3
TIK02182,2026-02-22,Minggu,10:15,Akademik,Akun/Login,Rendah,WhatsApp,63,4.8,1,Tidak,Sesuai SLA,4
TIK02183,2026-02-22,Minggu,10:40,Laboratorium,Komputer/Laptop,Sedang,Form Online,65,5.9,1,Tidak,Sesuai SLA,5
TIK02184,2026-02-22,Minggu,10:45,Laboratorium,Sistem Akademik,Rendah,WhatsApp,66,9.5,1,Tidak,Sesuai SLA,4
TIK02185,2026-02-22,Minggu,10:45,Umum,Internet/WiFi,Tinggi,WhatsApp,45,7.6,3,Tidak,Lewat SLA,3
TIK02186,2026-02-22,Minggu,11:25,Program Studi,Komputer/Laptop,Rendah,Form Online,58,7.4,2,Tidak,Sesuai SLA,3
TIK02187,2026-02-22,Minggu,11:25,Akademik,Komputer/Laptop,Rendah,Form Online,60,6.7,1,Tidak,Sesuai SLA,5
TIK02188,2026-02-22,Minggu,11:35,Keuangan,Komputer/Laptop,Sedang,Form Online,80,5.4,2,Tidak,Sesuai SLA,5
TIK02189,2026-02-22,Minggu,11:45,Kemahasiswaan,Printer,Rendah,WhatsApp,42,5.1,1,Tidak,Sesuai SLA,5
TIK02190,2026-02-22,Minggu,12:15,Laboratorium,Komputer/Laptop,Sedang,Email,59,5.6,2,Tidak,Sesuai SLA,4
TIK02191,2026-02-22,Minggu,12:35,Perpustakaan,Akun/Login,Rendah,WhatsApp,32,2.2,1,Tidak,Sesuai SLA,4
TIK02192,2026-02-22,Minggu,12:45,Perpustakaan,Komputer/Laptop,Rendah,Email,76,6.4,2,Tidak,Sesuai SLA,5
TIK02193,2026-02-22,Minggu,12:45,Laboratorium,Komputer/Laptop,Rendah,Email,97,8.4,2,Tidak,Sesuai SLA,4
TIK02194,2026-02-22,Minggu,12:55,Umum,Sistem Akademik,Tinggi,Form Online,48,17.8,3,Ya,Lewat SLA,2
TIK02195,2026-02-22,Minggu,12:55,Laboratorium,Sistem Akademik,Sedang,Datang Langsung,49,12.3,1,Ya,Lewat SLA,3
TIK02196,2026-02-22,Minggu,13:05,Akademik,Sistem Akademik,Sedang,Form Online,72,7.8,1,Tidak,Sesuai SLA,4
TIK02197,2026-02-22,Minggu,13:05,Keuangan,Internet/WiFi,Sedang,Datang Langsung,18,6.2,1,Tidak,Sesuai SLA,4
TIK02198,2026-02-22,Minggu,13:25,Program Studi,Internet/WiFi,Sedang,WhatsApp,31,7.9,1,Tidak,Sesuai SLA,5
TIK02199,2026-02-22,Minggu,13:40,Laboratorium,Akun/Login,Rendah,Form Online,61,3.5,2,Tidak,Sesuai SLA,5
TIK02200,2026-02-22,Minggu,14:25,Laboratorium,Printer,Rendah,Email,80,3.8,1,Tidak,Sesuai SLA,5
TIK02201,2026-02-22,Minggu,15:10,Keuangan,Akun/Login,Tinggi,Email,89,8.9,2,Tidak,Lewat SLA,3
TIK02202,2026-02-22,Minggu,15:15,Keuangan,Printer,Rendah,WhatsApp,62,4.4,1,Tidak,Sesuai SLA,5
TIK02203,2026-02-22,Minggu,17:10,Perpustakaan,Komputer/Laptop,Sedang,Datang Langsung,29,5.0,1,Tidak,Sesuai SLA,4
TIK02204,2026-02-22,Minggu,17:35,Program Studi,Internet/WiFi,Rendah,Form Online,58,8.0,1,Ya,Sesuai SLA,4
TIK02205,2026-02-23,Senin,07:30,Program Studi,Printer,Sedang,Form Online,50,3.3,2,Tidak,Sesuai SLA,4
TIK02206,2026-02-23,Senin,07:45,Program Studi,Sistem Akademik,Tinggi,Form Online,64,16.6,2,Tidak,Lewat SLA,3
TIK02207,2026-02-23,Senin,07:50,Program Studi,Internet/WiFi,Rendah,WhatsApp,36,10.1,1,Ya,Sesuai SLA,5
TIK02208,2026-02-23,Senin,08:15,Keuangan,Akun/Login,Rendah,Form Online,100,2.6,1,Tidak,Sesuai SLA,3
TIK02209,2026-02-23,Senin,08:15,Program Studi,Akun/Login,Sedang,WhatsApp,38,2.2,2,Tidak,Sesuai SLA,4
TIK02210,2026-02-23,Senin,08:20,Keuangan,Sistem Akademik,Rendah,WhatsApp,61,6.8,2,Tidak,Sesuai SLA,4
TIK02211,2026-02-23,Senin,08:50,Program Studi,Sistem Akademik,Sedang,Form Online,80,7.1,2,Tidak,Sesuai SLA,4
TIK02212,2026-02-23,Senin,09:00,Umum,Akun/Login,Rendah,Form Online,79,3.0,1,Tidak,Sesuai SLA,4
TIK02213,2026-02-23,Senin,09:00,Akademik,Komputer/Laptop,Sedang,WhatsApp,30,5.9,2,Tidak,Sesuai SLA,4
TIK02214,2026-02-23,Senin,09:05,Laboratorium,Akun/Login,Rendah,WhatsApp,32,3.7,1,Tidak,Sesuai SLA,4
TIK02215,2026-02-23,Senin,09:50,Umum,Internet/WiFi,Sedang,WhatsApp,38,9.0,1,Ya,Sesuai SLA,5
TIK02216,2026-02-23,Senin,10:00,Akademik,Internet/WiFi,Sedang,WhatsApp,60,8.2,1,Tidak,Sesuai SLA,4
TIK02217,2026-02-23,Senin,10:10,Laboratorium,Akun/Login,Sedang,Form Online,79,7.4,1,Ya,Sesuai SLA,4
TIK02218,2026-02-23,Senin,10:15,Program Studi,Akun/Login,Rendah,WhatsApp,61,2.6,1,Tidak,Sesuai SLA,4
TIK02219,2026-02-23,Senin,10:15,Program Studi,Internet/WiFi,Sedang,Datang Langsung,26,5.3,1,Tidak,Sesuai SLA,4
TIK02220,2026-02-23,Senin,10:25,Program Studi,Printer,Rendah,Datang Langsung,54,3.2,2,Tidak,Sesuai SLA,5
TIK02221,2026-02-23,Senin,10:35,Akademik,Printer,Sedang,WhatsApp,23,3.7,1,Tidak,Sesuai SLA,5
TIK02222,2026-02-23,Senin,10:55,Keuangan,Printer,Rendah,WhatsApp,81,3.3,1,Tidak,Sesuai SLA,4
TIK02223,2026-02-23,Senin,11:05,Akademik,Sistem Akademik,Sedang,WhatsApp,49,8.6,1,Tidak,Sesuai SLA,4
TIK02224,2026-02-23,Senin,11:15,Program Studi,Internet/WiFi,Sedang,WhatsApp,31,7.6,2,Tidak,Sesuai SLA,4
TIK02225,2026-02-23,Senin,11:20,Akademik,Akun/Login,Rendah,WhatsApp,50,5.8,1,Tidak,Sesuai SLA,4
TIK02226,2026-02-23,Senin,11:30,Akademik,Sistem Akademik,Tinggi,Email,59,12.9,2,Tidak,Lewat SLA,3
TIK02227,2026-02-23,Senin,11:45,Laboratorium,Akun/Login,Sedang,Email,73,3.7,1,Tidak,Sesuai SLA,4
TIK02228,2026-02-23,Senin,11:55,Laboratorium,Akun/Login,Rendah,Form Online,67,6.1,1,Tidak,Sesuai SLA,4
TIK02229,2026-02-23,Senin,11:55,Kemahasiswaan,Akun/Login,Rendah,Datang Langsung,30,4.3,1,Tidak,Sesuai SLA,4
TIK02230,2026-02-23,Senin,12:05,Program Studi,Akun/Login,Rendah,WhatsApp,42,1.5,2,Tidak,Sesuai SLA,5
TIK02231,2026-02-23,Senin,12:05,Akademik,Komputer/Laptop,Tinggi,WhatsApp,24,7.0,3,Tidak,Lewat SLA,4
TIK02232,2026-02-23,Senin,12:15,Kemahasiswaan,Akun/Login,Sedang,Form Online,53,3.3,1,Tidak,Sesuai SLA,5
TIK02233,2026-02-23,Senin,12:15,Kemahasiswaan,Sistem Akademik,Sedang,WhatsApp,27,7.9,1,Tidak,Sesuai SLA,4
TIK02234,2026-02-23,Senin,12:45,Perpustakaan,Sistem Akademik,Sedang,WhatsApp,19,10.6,1,Tidak,Lewat SLA,3
TIK02235,2026-02-23,Senin,12:55,Akademik,Komputer/Laptop,Rendah,Email,73,8.0,1,Tidak,Sesuai SLA,4
TIK02236,2026-02-23,Senin,13:25,Keuangan,Internet/WiFi,Rendah,Email,70,7.3,1,Tidak,Sesuai SLA,3
TIK02237,2026-02-23,Senin,13:30,Laboratorium,Proyektor,Rendah,Form Online,75,5.4,1,Tidak,Sesuai SLA,3
TIK02238,2026-02-23,Senin,13:30,Program Studi,Printer,Sedang,WhatsApp,40,3.1,1,Tidak,Sesuai SLA,5
TIK02239,2026-02-23,Senin,13:35,Laboratorium,Akun/Login,Tinggi,WhatsApp,36,3.2,2,Tidak,Sesuai SLA,5
TIK02240,2026-02-23,Senin,14:30,Laboratorium,Komputer/Laptop,Sedang,WhatsApp,24,5.0,2,Tidak,Sesuai SLA,4
TIK02241,2026-02-23,Senin,14:50,Akademik,Internet/WiFi,Rendah,Email,69,12.7,1,Tidak,Sesuai SLA,4
TIK02242,2026-02-23,Senin,15:00,Umum,Sistem Akademik,Sedang,WhatsApp,29,10.6,1,Tidak,Lewat SLA,3
TIK02243,2026-02-23,Senin,15:50,Laboratorium,Internet/WiFi,Tinggi,WhatsApp,13,11.3,2,Ya,Lewat SLA,4
TIK02244,2026-02-24,Selasa,07:40,Program Studi,Komputer/Laptop,Rendah,Form Online,65,4.5,1,Tidak,Sesuai SLA,5
TIK02245,2026-02-24,Selasa,07:45,Program Studi,Akun/Login,Rendah,WhatsApp,41,6.9,2,Tidak,Sesuai SLA,4
TIK02246,2026-02-24,Selasa,07:55,Perpustakaan,Komputer/Laptop,Rendah,WhatsApp,35,4.4,1,Tidak,Sesuai SLA,5
TIK02247,2026-02-24,Selasa,08:15,Laboratorium,Sistem Akademik,Sedang,WhatsApp,52,10.6,2,Tidak,Lewat SLA,4
TIK02248,2026-02-24,Selasa,08:20,Kemahasiswaan,Sistem Akademik,Sedang,WhatsApp,38,8.7,1,Tidak,Sesuai SLA,4
TIK02249,2026-02-24,Selasa,08:30,Keuangan,Internet/WiFi,Sedang,Email,78,8.4,1,Tidak,Sesuai SLA,3
TIK02250,2026-02-24,Selasa,08:50,Umum,Internet/WiFi,Sedang,Form Online,41,7.4,1,Tidak,Sesuai SLA,3
TIK02251,2026-02-24,Selasa,09:10,Keuangan,Printer,Rendah,WhatsApp,31,4.9,1,Tidak,Sesuai SLA,4
TIK02252,2026-02-24,Selasa,09:10,Akademik,Printer,Rendah,WhatsApp,37,3.6,1,Tidak,Sesuai SLA,3
TIK02253,2026-02-24,Selasa,09:45,Kemahasiswaan,Internet/WiFi,Sedang,Email,75,9.2,1,Tidak,Sesuai SLA,4
TIK02254,2026-02-24,Selasa,09:45,Akademik,Komputer/Laptop,Sedang,WhatsApp,26,4.3,2,Tidak,Sesuai SLA,5
TIK02255,2026-02-24,Selasa,09:50,Perpustakaan,Sistem Akademik,Sedang,WhatsApp,42,9.7,1,Tidak,Sesuai SLA,4
TIK02256,2026-02-24,Selasa,09:55,Akademik,Internet/WiFi,Rendah,Datang Langsung,25,11.0,1,Ya,Sesuai SLA,4
TIK02257,2026-02-24,Selasa,10:00,Laboratorium,Sistem Akademik,Rendah,Form Online,60,7.5,1,Tidak,Sesuai SLA,4
TIK02258,2026-02-24,Selasa,10:35,Kemahasiswaan,Akun/Login,Tinggi,Email,74,5.1,2,Tidak,Sesuai SLA,4
TIK02259,2026-02-24,Selasa,10:40,Perpustakaan,Internet/WiFi,Sedang,Form Online,56,7.1,1,Tidak,Sesuai SLA,4
TIK02260,2026-02-24,Selasa,10:50,Umum,Sistem Akademik,Tinggi,WhatsApp,20,11.3,2,Ya,Lewat SLA,3
TIK02261,2026-02-24,Selasa,11:00,Laboratorium,Sistem Akademik,Sedang,Email,66,8.1,1,Tidak,Sesuai SLA,4
TIK02262,2026-02-24,Selasa,11:00,Akademik,Komputer/Laptop,Rendah,WhatsApp,48,5.0,2,Tidak,Sesuai SLA,5
TIK02263,2026-02-24,Selasa,11:05,Perpustakaan,Printer,Rendah,Form Online,49,5.8,1,Ya,Sesuai SLA,5
TIK02264,2026-02-24,Selasa,11:15,Umum,Printer,Sedang,WhatsApp,57,6.7,1,Tidak,Sesuai SLA,4
TIK02265,2026-02-24,Selasa,11:20,Laboratorium,Sistem Akademik,Sedang,Email,70,12.6,1,Tidak,Lewat SLA,2
TIK02266,2026-02-24,Selasa,11:20,Program Studi,Printer,Sedang,Email,75,10.6,2,Tidak,Lewat SLA,3
TIK02267,2026-02-24,Selasa,11:30,Umum,Sistem Akademik,Rendah,Email,87,13.9,2,Tidak,Sesuai SLA,2
TIK02268,2026-02-24,Selasa,11:50,Laboratorium,Sistem Akademik,Rendah,WhatsApp,63,7.6,2,Tidak,Sesuai SLA,3
TIK02269,2026-02-24,Selasa,12:15,Kemahasiswaan,Proyektor,Sedang,Form Online,50,4.5,1,Tidak,Sesuai SLA,5
TIK02270,2026-02-24,Selasa,12:40,Keuangan,Sistem Akademik,Sedang,WhatsApp,24,7.3,1,Tidak,Sesuai SLA,4
TIK02271,2026-02-24,Selasa,12:45,Umum,Internet/WiFi,Sedang,Email,75,7.8,2,Tidak,Sesuai SLA,3
TIK02272,2026-02-24,Selasa,12:50,Kemahasiswaan,Internet/WiFi,Rendah,Form Online,60,7.8,1,Tidak,Sesuai SLA,4
TIK02273,2026-02-24,Selasa,13:10,Program Studi,Akun/Login,Rendah,WhatsApp,44,3.6,1,Tidak,Sesuai SLA,5
TIK02274,2026-02-24,Selasa,14:40,Program Studi,Sistem Akademik,Tinggi,Form Online,33,18.3,1,Ya,Lewat SLA,3
TIK02275,2026-02-24,Selasa,16:10,Program Studi,Komputer/Laptop,Sedang,Email,90,7.1,1,Tidak,Sesuai SLA,3
TIK02276,2026-02-24,Selasa,16:50,Laboratorium,Komputer/Laptop,Rendah,Form Online,74,4.9,1,Tidak,Sesuai SLA,5
TIK02277,2026-02-25,Rabu,07:10,Umum,Internet/WiFi,Rendah,Form Online,60,15.8,2,Ya,Sesuai SLA,4
TIK02278,2026-02-25,Rabu,07:10,Keuangan,Printer,Rendah,WhatsApp,37,2.8,1,Tidak,Sesuai SLA,4
TIK02279,2026-02-25,Rabu,07:20,Laboratorium,Proyektor,Sedang,Form Online,41,2.8,1,Tidak,Sesuai SLA,5
TIK02280,2026-02-25,Rabu,07:30,Laboratorium,Internet/WiFi,Tinggi,WhatsApp,22,8.5,2,Tidak,Lewat SLA,3
TIK02281,2026-02-25,Rabu,07:40,Umum,Sistem Akademik,Sedang,Email,69,15.9,2,Ya,Lewat SLA,4
TIK02282,2026-02-25,Rabu,07:45,Kemahasiswaan,Sistem Akademik,Sedang,WhatsApp,69,8.1,1,Tidak,Sesuai SLA,4
TIK02283,2026-02-25,Rabu,07:50,Umum,Komputer/Laptop,Tinggi,WhatsApp,26,9.1,2,Tidak,Lewat SLA,3
TIK02284,2026-02-25,Rabu,08:05,Keuangan,Komputer/Laptop,Sedang,Form Online,38,5.1,1,Tidak,Sesuai SLA,5
TIK02285,2026-02-25,Rabu,08:30,Akademik,Komputer/Laptop,Sedang,WhatsApp,27,5.0,1,Tidak,Sesuai SLA,5
TIK02286,2026-02-25,Rabu,09:05,Program Studi,Sistem Akademik,Sedang,WhatsApp,33,7.6,1,Tidak,Sesuai SLA,4
TIK02287,2026-02-25,Rabu,09:05,Program Studi,Printer,Sedang,Form Online,49,6.7,1,Tidak,Sesuai SLA,4
TIK02288,2026-02-25,Rabu,09:10,Akademik,Komputer/Laptop,Rendah,WhatsApp,34,8.5,2,Tidak,Sesuai SLA,4
TIK02289,2026-02-25,Rabu,09:15,Umum,Internet/WiFi,Sedang,WhatsApp,51,9.1,1,Ya,Sesuai SLA,4
TIK02290,2026-02-25,Rabu,10:15,Laboratorium,Printer,Rendah,Form Online,48,5.7,1,Tidak,Sesuai SLA,4
TIK02291,2026-02-25,Rabu,10:25,Perpustakaan,Printer,Sedang,Form Online,45,5.6,1,Tidak,Sesuai SLA,5
TIK02292,2026-02-25,Rabu,10:40,Laboratorium,Akun/Login,Sedang,WhatsApp,51,3.3,1,Tidak,Sesuai SLA,4
TIK02293,2026-02-25,Rabu,10:40,Akademik,Internet/WiFi,Tinggi,WhatsApp,31,9.9,1,Tidak,Lewat SLA,3
TIK02294,2026-02-25,Rabu,11:10,Akademik,Komputer/Laptop,Rendah,Email,97,5.4,2,Tidak,Sesuai SLA,3
TIK02295,2026-02-25,Rabu,11:10,Akademik,Sistem Akademik,Rendah,WhatsApp,46,9.6,1,Tidak,Sesuai SLA,3
TIK02296,2026-02-25,Rabu,11:30,Keuangan,Internet/WiFi,Sedang,WhatsApp,29,6.8,1,Tidak,Sesuai SLA,4
TIK02297,2026-02-25,Rabu,11:50,Program Studi,Akun/Login,Rendah,Datang Langsung,44,2.5,2,Tidak,Sesuai SLA,5
TIK02298,2026-02-25,Rabu,11:50,Keuangan,Akun/Login,Sedang,Email,113,3.3,1,Tidak,Sesuai SLA,4
TIK02299,2026-02-25,Rabu,12:00,Keuangan,Printer,Rendah,WhatsApp,173,3.3,1,Tidak,Sesuai SLA,4
TIK02300,2026-02-25,Rabu,12:00,Kemahasiswaan,Akun/Login,Rendah,Form Online,81,2.4,1,Tidak,Sesuai SLA,3
TIK02301,2026-02-25,Rabu,12:05,Umum,Internet/WiFi,Tinggi,WhatsApp,70,10.9,2,Ya,Lewat SLA,3
TIK02302,2026-02-25,Rabu,12:15,Keuangan,Sistem Akademik,Sedang,WhatsApp,30,11.4,1,Ya,Lewat SLA,2
TIK02303,2026-02-25,Rabu,12:40,Keuangan,Komputer/Laptop,Sedang,WhatsApp,29,6.8,1,Tidak,Sesuai SLA,4
TIK02304,2026-02-25,Rabu,12:55,Laboratorium,Internet/WiFi,Rendah,Email,96,7.2,1,Tidak,Sesuai SLA,4
TIK02305,2026-02-25,Rabu,13:05,Laboratorium,Printer,Sedang,WhatsApp,38,5.0,1,Tidak,Sesuai SLA,4
TIK02306,2026-02-25,Rabu,13:15,Kemahasiswaan,Sistem Akademik,Rendah,WhatsApp,34,12.2,1,Ya,Sesuai SLA,3
TIK02307,2026-02-25,Rabu,13:40,Akademik,Internet/WiFi,Tinggi,Form Online,46,6.7,1,Tidak,Lewat SLA,4
TIK02308,2026-02-25,Rabu,14:50,Akademik,Sistem Akademik,Sedang,WhatsApp,31,9.9,1,Tidak,Sesuai SLA,3
TIK02309,2026-02-25,Rabu,14:50,Laboratorium,Sistem Akademik,Sedang,Form Online,53,7.7,1,Tidak,Sesuai SLA,4
TIK02310,2026-02-26,Kamis,07:05,Akademik,Internet/WiFi,Sedang,Form Online,56,8.0,2,Tidak,Sesuai SLA,5
TIK02311,2026-02-26,Kamis,07:10,Program Studi,Sistem Akademik,Rendah,Datang Langsung,29,7.7,1,Tidak,Sesuai SLA,4
TIK02312,2026-02-26,Kamis,07:25,Program Studi,Komputer/Laptop,Rendah,WhatsApp,51,5.7,2,Tidak,Sesuai SLA,4
TIK02313,2026-02-26,Kamis,07:35,Program Studi,Internet/WiFi,Rendah,WhatsApp,55,8.3,1,Tidak,Sesuai SLA,4
TIK02314,2026-02-26,Kamis,08:15,Akademik,Internet/WiFi,Sedang,Email,68,10.2,1,Ya,Lewat SLA,4
TIK02315,2026-02-26,Kamis,08:25,Program Studi,Akun/Login,Rendah,WhatsApp,34,4.6,1,Ya,Sesuai SLA,4
TIK02316,2026-02-26,Kamis,08:50,Laboratorium,Sistem Akademik,Tinggi,WhatsApp,41,11.3,1,Tidak,Lewat SLA,3
TIK02317,2026-02-26,Kamis,09:20,Kemahasiswaan,Komputer/Laptop,Rendah,WhatsApp,34,9.1,1,Tidak,Sesuai SLA,5
TIK02318,2026-02-26,Kamis,09:20,Kemahasiswaan,Akun/Login,Rendah,Email,95,5.2,2,Tidak,Sesuai SLA,4
TIK02319,2026-02-26,Kamis,09:30,Perpustakaan,Internet/WiFi,Rendah,WhatsApp,79,8.1,1,Tidak,Sesuai SLA,4
TIK02320,2026-02-26,Kamis,09:45,Kemahasiswaan,Komputer/Laptop,Rendah,WhatsApp,69,5.2,1,Tidak,Sesuai SLA,4
TIK02321,2026-02-26,Kamis,09:45,Akademik,Sistem Akademik,Sedang,Form Online,66,8.6,1,Tidak,Sesuai SLA,3
TIK02322,2026-02-26,Kamis,10:00,Keuangan,Internet/WiFi,Tinggi,WhatsApp,22,8.8,2,Tidak,Lewat SLA,4
TIK02323,2026-02-26,Kamis,10:10,Program Studi,Internet/WiFi,Rendah,WhatsApp,44,10.1,2,Tidak,Sesuai SLA,5
TIK02324,2026-02-26,Kamis,10:15,Keuangan,Sistem Akademik,Rendah,Form Online,94,10.9,1,Tidak,Sesuai SLA,4
TIK02325,2026-02-26,Kamis,10:20,Perpustakaan,Komputer/Laptop,Sedang,WhatsApp,23,5.6,1,Tidak,Sesuai SLA,4
TIK02326,2026-02-26,Kamis,10:30,Program Studi,Komputer/Laptop,Sedang,Email,64,8.5,1,Tidak,Sesuai SLA,4
TIK02327,2026-02-26,Kamis,10:35,Program Studi,Printer,Rendah,Form Online,69,2.0,1,Tidak,Sesuai SLA,3
TIK02328,2026-02-26,Kamis,10:40,Keuangan,Sistem Akademik,Sedang,WhatsApp,42,9.9,1,Tidak,Sesuai SLA,4
TIK02329,2026-02-26,Kamis,10:50,Perpustakaan,Proyektor,Rendah,Form Online,52,8.0,1,Tidak,Sesuai SLA,4
TIK02330,2026-02-26,Kamis,11:00,Program Studi,Internet/WiFi,Rendah,Form Online,94,8.1,1,Ya,Sesuai SLA,3
TIK02331,2026-02-26,Kamis,11:00,Keuangan,Internet/WiFi,Sedang,Form Online,46,12.0,2,Ya,Lewat SLA,2
TIK02332,2026-02-26,Kamis,11:00,Keuangan,Sistem Akademik,Tinggi,Form Online,46,8.7,3,Tidak,Lewat SLA,3
TIK02333,2026-02-26,Kamis,11:25,Kemahasiswaan,Internet/WiFi,Rendah,Email,110,7.4,1,Tidak,Sesuai SLA,3
TIK02334,2026-02-26,Kamis,11:30,Akademik,Akun/Login,Rendah,WhatsApp,41,5.3,2,Tidak,Sesuai SLA,4
TIK02335,2026-02-26,Kamis,11:40,Akademik,Akun/Login,Rendah,WhatsApp,37,2.8,2,Tidak,Sesuai SLA,4
TIK02336,2026-02-26,Kamis,11:45,Laboratorium,Sistem Akademik,Sedang,Form Online,57,11.7,1,Ya,Lewat SLA,2
TIK02337,2026-02-26,Kamis,11:50,Umum,Akun/Login,Rendah,Form Online,56,3.3,1,Tidak,Sesuai SLA,5
TIK02338,2026-02-26,Kamis,11:50,Keuangan,Internet/WiFi,Sedang,WhatsApp,39,6.4,1,Tidak,Sesuai SLA,5
TIK02339,2026-02-26,Kamis,12:00,Umum,Internet/WiFi,Tinggi,Datang Langsung,39,14.4,3,Ya,Lewat SLA,3
TIK02340,2026-02-26,Kamis,12:05,Program Studi,Sistem Akademik,Rendah,Email,102,11.5,1,Ya,Sesuai SLA,3
TIK02341,2026-02-26,Kamis,12:05,Kemahasiswaan,Sistem Akademik,Sedang,Form Online,58,10.2,2,Tidak,Lewat SLA,3
TIK02342,2026-02-26,Kamis,12:40,Akademik,Komputer/Laptop,Sedang,WhatsApp,47,11.3,1,Ya,Lewat SLA,3
TIK02343,2026-02-26,Kamis,12:40,Program Studi,Sistem Akademik,Rendah,WhatsApp,41,12.2,1,Ya,Sesuai SLA,4
TIK02344,2026-02-26,Kamis,12:45,Laboratorium,Printer,Rendah,WhatsApp,56,5.4,1,Tidak,Sesuai SLA,4
TIK02345,2026-02-26,Kamis,12:50,Akademik,Komputer/Laptop,Rendah,WhatsApp,37,6.5,1,Tidak,Sesuai SLA,4
TIK02346,2026-02-26,Kamis,12:50,Keuangan,Akun/Login,Rendah,WhatsApp,42,5.7,1,Ya,Sesuai SLA,4
TIK02347,2026-02-26,Kamis,12:50,Program Studi,Printer,Sedang,WhatsApp,22,7.3,1,Tidak,Sesuai SLA,4
TIK02348,2026-02-26,Kamis,12:55,Perpustakaan,Komputer/Laptop,Rendah,WhatsApp,46,6.9,1,Tidak,Sesuai SLA,4
TIK02349,2026-02-26,Kamis,13:15,Akademik,Akun/Login,Sedang,Form Online,46,3.6,2,Tidak,Sesuai SLA,5
TIK02350,2026-02-26,Kamis,13:25,Kemahasiswaan,Akun/Login,Rendah,Datang Langsung,70,2.2,2,Tidak,Sesuai SLA,4
TIK02351,2026-02-26,Kamis,13:40,Kemahasiswaan,Internet/WiFi,Rendah,WhatsApp,45,6.5,1,Tidak,Sesuai SLA,4
TIK02352,2026-02-26,Kamis,13:50,Keuangan,Printer,Rendah,WhatsApp,47,7.3,1,Ya,Sesuai SLA,4
TIK02353,2026-02-26,Kamis,13:55,Akademik,Internet/WiFi,Rendah,Form Online,52,10.4,1,Ya,Sesuai SLA,3
TIK02354,2026-02-26,Kamis,14:20,Keuangan,Internet/WiFi,Sedang,Form Online,38,10.3,2,Tidak,Lewat SLA,2
TIK02355,2026-02-26,Kamis,15:10,Kemahasiswaan,Internet/WiFi,Sedang,WhatsApp,33,8.4,2,Tidak,Sesuai SLA,4
TIK02356,2026-02-26,Kamis,17:00,Keuangan,Akun/Login,Rendah,Form Online,109,2.5,1,Tidak,Sesuai SLA,5
TIK02357,2026-02-27,Jumat,07:00,Kemahasiswaan,Internet/WiFi,Sedang,WhatsApp,34,7.6,2,Tidak,Sesuai SLA,4
TIK02358,2026-02-27,Jumat,07:30,Program Studi,Komputer/Laptop,Rendah,Email,75,8.0,2,Tidak,Sesuai SLA,4
TIK02359,2026-02-27,Jumat,07:55,Keuangan,Akun/Login,Rendah,Form Online,103,2.1,1,Tidak,Sesuai SLA,4
TIK02360,2026-02-27,Jumat,08:35,Perpustakaan,Sistem Akademik,Sedang,Form Online,51,7.7,1,Tidak,Sesuai SLA,4
TIK02361,2026-02-27,Jumat,08:35,Kemahasiswaan,Printer,Sedang,Datang Langsung,48,3.0,2,Tidak,Sesuai SLA,4
TIK02362,2026-02-27,Jumat,09:00,Umum,Printer,Tinggi,Email,49,5.7,1,Tidak,Sesuai SLA,4
TIK02363,2026-02-27,Jumat,09:00,Kemahasiswaan,Sistem Akademik,Rendah,Form Online,53,8.5,1,Tidak,Sesuai SLA,4
TIK02364,2026-02-27,Jumat,09:40,Keuangan,Internet/WiFi,Rendah,WhatsApp,43,5.5,1,Tidak,Sesuai SLA,4
TIK02365,2026-02-27,Jumat,09:55,Akademik,Komputer/Laptop,Rendah,Email,77,5.5,1,Tidak,Sesuai SLA,4
TIK02366,2026-02-27,Jumat,10:05,Keuangan,Internet/WiFi,Sedang,WhatsApp,62,6.0,1,Tidak,Sesuai SLA,5
TIK02367,2026-02-27,Jumat,10:25,Program Studi,Akun/Login,Rendah,WhatsApp,35,5.2,2,Ya,Sesuai SLA,3
TIK02368,2026-02-27,Jumat,10:30,Laboratorium,Akun/Login,Rendah,Email,109,3.2,1,Tidak,Sesuai SLA,5
TIK02369,2026-02-27,Jumat,10:40,Akademik,Printer,Rendah,WhatsApp,48,5.6,1,Tidak,Sesuai SLA,4
TIK02370,2026-02-27,Jumat,11:05,Keuangan,Komputer/Laptop,Sedang,WhatsApp,25,7.3,1,Tidak,Sesuai SLA,5
TIK02371,2026-02-27,Jumat,11:20,Umum,Komputer/Laptop,Rendah,Form Online,53,7.3,1,Ya,Sesuai SLA,5
TIK02372,2026-02-27,Jumat,11:50,Program Studi,Internet/WiFi,Rendah,WhatsApp,41,11.4,2,Ya,Sesuai SLA,4
TIK02373,2026-02-27,Jumat,11:50,Perpustakaan,Internet/WiFi,Sedang,WhatsApp,43,9.9,1,Ya,Sesuai SLA,4
TIK02374,2026-02-27,Jumat,12:10,Kemahasiswaan,Komputer/Laptop,Rendah,WhatsApp,50,5.2,1,Tidak,Sesuai SLA,3
TIK02375,2026-02-27,Jumat,12:15,Akademik,Printer,Sedang,WhatsApp,80,2.8,1,Tidak,Sesuai SLA,4
TIK02376,2026-02-27,Jumat,12:15,Laboratorium,Internet/WiFi,Sedang,Email,85,9.3,1,Ya,Sesuai SLA,4
TIK02377,2026-02-27,Jumat,12:25,Umum,Komputer/Laptop,Sedang,WhatsApp,36,7.5,1,Tidak,Sesuai SLA,4
TIK02378,2026-02-27,Jumat,12:25,Laboratorium,Komputer/Laptop,Rendah,Form Online,79,4.3,1,Tidak,Sesuai SLA,5
TIK02379,2026-02-27,Jumat,12:35,Akademik,Internet/WiFi,Sedang,WhatsApp,22,11.9,2,Ya,Lewat SLA,3
TIK02380,2026-02-27,Jumat,12:40,Keuangan,Akun/Login,Sedang,Form Online,40,4.8,2,Tidak,Sesuai SLA,5
TIK02381,2026-02-27,Jumat,12:40,Laboratorium,Printer,Sedang,WhatsApp,25,4.4,2,Tidak,Sesuai SLA,4
TIK02382,2026-02-27,Jumat,12:50,Laboratorium,Printer,Sedang,WhatsApp,66,8.3,2,Ya,Sesuai SLA,3
TIK02383,2026-02-27,Jumat,13:05,Laboratorium,Internet/WiFi,Tinggi,Form Online,88,10.7,2,Ya,Lewat SLA,2
TIK02384,2026-02-27,Jumat,13:05,Laboratorium,Sistem Akademik,Rendah,Datang Langsung,38,11.8,2,Ya,Sesuai SLA,4
TIK02385,2026-02-27,Jumat,13:10,Laboratorium,Printer,Sedang,WhatsApp,45,3.2,1,Tidak,Sesuai SLA,5
TIK02386,2026-02-27,Jumat,13:40,Laboratorium,Sistem Akademik,Sedang,Form Online,45,8.5,1,Tidak,Sesuai SLA,4
TIK02387,2026-02-27,Jumat,13:45,Akademik,Akun/Login,Rendah,Form Online,54,5.1,1,Tidak,Sesuai SLA,5
TIK02388,2026-02-27,Jumat,14:10,Program Studi,Internet/WiFi,Rendah,Form Online,58,6.0,1,Tidak,Sesuai SLA,4
TIK02389,2026-02-27,Jumat,14:35,Perpustakaan,Internet/WiFi,Sedang,Form Online,72,5.8,2,Tidak,Sesuai SLA,4
TIK02390,2026-02-27,Jumat,14:40,Akademik,Proyektor,Sedang,Datang Langsung,22,5.5,1,Ya,Sesuai SLA,4
TIK02391,2026-02-27,Jumat,15:20,Kemahasiswaan,Akun/Login,Rendah,WhatsApp,51,1.4,1,Tidak,Sesuai SLA,5
TIK02392,2026-02-27,Jumat,15:45,Umum,Akun/Login,Tinggi,Datang Langsung,52,3.4,1,Tidak,Sesuai SLA,5
TIK02393,2026-02-27,Jumat,16:35,Keuangan,Komputer/Laptop,Sedang,Form Online,56,5.7,2,Tidak,Sesuai SLA,4
TIK02394,2026-02-28,Sabtu,07:45,Program Studi,Printer,Sedang,WhatsApp,42,4.0,2,Tidak,Sesuai SLA,5
TIK02395,2026-02-28,Sabtu,07:45,Kemahasiswaan,Proyektor,Sedang,Form Online,46,5.3,1,Tidak,Sesuai SLA,4
TIK02396,2026-02-28,Sabtu,07:50,Kemahasiswaan,Proyektor,Rendah,Email,89,6.7,1,Tidak,Sesuai SLA,4
TIK02397,2026-02-28,Sabtu,07:55,Keuangan,Akun/Login,Rendah,Form Online,54,1.3,1,Tidak,Sesuai SLA,5
TIK02398,2026-02-28,Sabtu,07:55,Akademik,Sistem Akademik,Tinggi,Form Online,48,8.9,3,Tidak,Lewat SLA,3
TIK02399,2026-02-28,Sabtu,08:10,Laboratorium,Internet/WiFi,Rendah,Email,72,7.8,1,Tidak,Sesuai SLA,5
TIK02400,2026-02-28,Sabtu,08:15,Akademik,Sistem Akademik,Tinggi,Form Online,69,11.6,1,Tidak,Lewat SLA,3
TIK02401,2026-02-28,Sabtu,08:25,Akademik,Printer,Tinggi,Email,90,10.5,1,Ya,Lewat SLA,2
TIK02402,2026-02-28,Sabtu,09:05,Laboratorium,Sistem Akademik,Sedang,Form Online,38,11.2,1,Tidak,Lewat SLA,4
TIK02403,2026-02-28,Sabtu,09:15,Laboratorium,Akun/Login,Sedang,WhatsApp,32,4.7,1,Tidak,Sesuai SLA,4
TIK02404,2026-02-28,Sabtu,09:15,Akademik,Akun/Login,Rendah,WhatsApp,42,3.9,1,Tidak,Sesuai SLA,5
TIK02405,2026-02-28,Sabtu,09:30,Laboratorium,Internet/WiFi,Sedang,WhatsApp,29,7.3,1,Tidak,Sesuai SLA,4
TIK02406,2026-02-28,Sabtu,09:40,Laboratorium,Printer,Tinggi,Form Online,36,4.1,1,Tidak,Sesuai SLA,5
TIK02407,2026-02-28,Sabtu,09:50,Laboratorium,Sistem Akademik,Tinggi,Form Online,57,11.2,2,Ya,Lewat SLA,4
TIK02408,2026-02-28,Sabtu,10:00,Program Studi,Internet/WiFi,Sedang,WhatsApp,32,10.3,1,Tidak,Lewat SLA,2
TIK02409,2026-02-28,Sabtu,10:00,Laboratorium,Proyektor,Rendah,WhatsApp,42,2.6,1,Tidak,Sesuai SLA,4
TIK02410,2026-02-28,Sabtu,10:00,Keuangan,Komputer/Laptop,Rendah,WhatsApp,63,4.4,2,Tidak,Sesuai SLA,5
TIK02411,2026-02-28,Sabtu,10:00,Kemahasiswaan,Akun/Login,Rendah,Email,89,4.1,1,Tidak,Sesuai SLA,5
TIK02412,2026-02-28,Sabtu,10:05,Laboratorium,Printer,Rendah,WhatsApp,40,4.3,2,Tidak,Sesuai SLA,5
TIK02413,2026-02-28,Sabtu,10:10,Program Studi,Sistem Akademik,Sedang,WhatsApp,41,10.5,1,Ya,Lewat SLA,4
TIK02414,2026-02-28,Sabtu,10:10,Program Studi,Printer,Sedang,Form Online,58,4.8,1,Tidak,Sesuai SLA,3
TIK02415,2026-02-28,Sabtu,10:15,Umum,Sistem Akademik,Sedang,WhatsApp,37,7.9,1,Tidak,Sesuai SLA,5
TIK02416,2026-02-28,Sabtu,10:15,Kemahasiswaan,Internet/WiFi,Sedang,WhatsApp,43,9.9,2,Tidak,Sesuai SLA,4
TIK02417,2026-02-28,Sabtu,10:20,Keuangan,Sistem Akademik,Tinggi,WhatsApp,19,12.9,3,Ya,Lewat SLA,3
TIK02418,2026-02-28,Sabtu,10:25,Umum,Komputer/Laptop,Rendah,Datang Langsung,38,7.7,1,Tidak,Sesuai SLA,4
TIK02419,2026-02-28,Sabtu,10:30,Program Studi,Internet/WiFi,Rendah,Form Online,66,12.4,2,Ya,Sesuai SLA,3
TIK02420,2026-02-28,Sabtu,10:35,Akademik,Komputer/Laptop,Sedang,Form Online,41,5.3,1,Tidak,Sesuai SLA,4
TIK02421,2026-02-28,Sabtu,10:55,Kemahasiswaan,Internet/WiFi,Tinggi,Form Online,33,10.4,3,Ya,Lewat SLA,4
TIK02422,2026-02-28,Sabtu,11:00,Kemahasiswaan,Internet/WiFi,Rendah,WhatsApp,47,9.8,2,Tidak,Sesuai SLA,3
TIK02423,2026-02-28,Sabtu,11:00,Akademik,Komputer/Laptop,Tinggi,WhatsApp,22,9.1,2,Tidak,Lewat SLA,3
TIK02424,2026-02-28,Sabtu,11:15,Keuangan,Internet/WiFi,Sedang,WhatsApp,24,7.7,2,Tidak,Sesuai SLA,5
TIK02425,2026-02-28,Sabtu,11:15,Program Studi,Sistem Akademik,Rendah,Datang Langsung,39,7.4,1,Tidak,Sesuai SLA,4
TIK02426,2026-02-28,Sabtu,11:20,Akademik,Internet/WiFi,Sedang,WhatsApp,33,8.8,1,Tidak,Sesuai SLA,4
TIK02427,2026-02-28,Sabtu,11:25,Keuangan,Proyektor,Sedang,Email,60,4.6,1,Tidak,Sesuai SLA,4
TIK02428,2026-02-28,Sabtu,11:25,Laboratorium,Internet/WiFi,Rendah,Email,70,7.3,1,Tidak,Sesuai SLA,4
TIK02429,2026-02-28,Sabtu,11:30,Keuangan,Sistem Akademik,Sedang,Form Online,73,7.9,2,Tidak,Sesuai SLA,3
TIK02430,2026-02-28,Sabtu,11:35,Umum,Internet/WiFi,Rendah,WhatsApp,43,7.8,1,Ya,Sesuai SLA,4
TIK02431,2026-02-28,Sabtu,11:45,Laboratorium,Komputer/Laptop,Rendah,Datang Langsung,42,3.5,1,Tidak,Sesuai SLA,5
TIK02432,2026-02-28,Sabtu,11:50,Kemahasiswaan,Sistem Akademik,Sedang,Email,79,9.1,1,Tidak,Sesuai SLA,4
TIK02433,2026-02-28,Sabtu,11:50,Umum,Sistem Akademik,Rendah,WhatsApp,36,9.6,1,Tidak,Sesuai SLA,4
TIK02434,2026-02-28,Sabtu,12:15,Keuangan,Sistem Akademik,Sedang,Datang Langsung,44,8.6,1,Tidak,Sesuai SLA,4
TIK02435,2026-02-28,Sabtu,12:25,Kemahasiswaan,Sistem Akademik,Rendah,WhatsApp,33,6.4,1,Tidak,Sesuai SLA,4
TIK02436,2026-02-28,Sabtu,12:40,Kemahasiswaan,Akun/Login,Rendah,Datang Langsung,26,2.1,1,Tidak,Sesuai SLA,5
TIK02437,2026-02-28,Sabtu,12:50,Keuangan,Komputer/Laptop,Tinggi,Form Online,38,6.7,3,Tidak,Lewat SLA,3
TIK02438,2026-02-28,Sabtu,12:50,Program Studi,Akun/Login,Rendah,Datang Langsung,38,2.9,2,Tidak,Sesuai SLA,3
TIK02439,2026-02-28,Sabtu,12:50,Perpustakaan,Akun/Login,Rendah,WhatsApp,46,7.3,2,Tidak,Sesuai SLA,4
TIK02440,2026-02-28,Sabtu,13:40,Umum,Proyektor,Sedang,Form Online,95,5.7,1,Ya,Sesuai SLA,4
TIK02441,2026-02-28,Sabtu,13:55,Akademik,Sistem Akademik,Tinggi,Datang Langsung,11,14.4,1,Tidak,Lewat SLA,3
TIK02442,2026-02-28,Sabtu,14:00,Program Studi,Komputer/Laptop,Rendah,WhatsApp,57,5.9,1,Tidak,Sesuai SLA,4
TIK02443,2026-02-28,Sabtu,14:10,Perpustakaan,Internet/WiFi,Rendah,Email,81,13.1,1,Ya,Sesuai SLA,3
TIK02444,2026-02-28,Sabtu,14:30,Akademik,Proyektor,Tinggi,Form Online,81,6.1,2,Ya,Lewat SLA,4
TIK02445,2026-02-28,Sabtu,14:50,Laboratorium,Internet/WiFi,Rendah,WhatsApp,44,9.0,1,Ya,Sesuai SLA,4
TIK02446,2026-02-28,Sabtu,14:55,Program Studi,Proyektor,Sedang,Email,75,4.6,1,Tidak,Sesuai SLA,3
TIK02447,2026-02-28,Sabtu,16:00,Akademik,Proyektor,Sedang,WhatsApp,36,3.0,1,Tidak,Sesuai SLA,4
TIK02448,2026-02-28,Sabtu,16:50,Laboratorium,Akun/Login,Sedang,Email,74,3.3,1,Tidak,Sesuai SLA,5
TIK02449,2026-03-01,Minggu,07:05,Keuangan,Internet/WiFi,Rendah,Form Online,52,11.8,1,Ya,Sesuai SLA,3
TIK02450,2026-03-01,Minggu,07:15,Akademik,Akun/Login,Sedang,Form Online,45,5.9,2,Tidak,Sesuai SLA,4
TIK02451,2026-03-01,Minggu,07:20,Program Studi,Printer,Sedang,Datang Langsung,17,7.4,2,Ya,Sesuai SLA,4
TIK02452,2026-03-01,Minggu,07:30,Program Studi,Akun/Login,Rendah,Form Online,51,9.4,2,Tidak,Sesuai SLA,3
TIK02453,2026-03-01,Minggu,07:35,Laboratorium,Komputer/Laptop,Rendah,Form Online,54,8.8,1,Tidak,Sesuai SLA,5
TIK02454,2026-03-01,Minggu,07:45,Program Studi,Komputer/Laptop,Sedang,Form Online,39,6.6,1,Tidak,Sesuai SLA,4
TIK02455,2026-03-01,Minggu,07:50,Kemahasiswaan,Internet/WiFi,Sedang,Datang Langsung,20,9.6,2,Tidak,Sesuai SLA,4
TIK02456,2026-03-01,Minggu,07:55,Program Studi,Printer,Rendah,Datang Langsung,28,3.1,1,Tidak,Sesuai SLA,5
TIK02457,2026-03-01,Minggu,08:00,Kemahasiswaan,Akun/Login,Rendah,WhatsApp,47,2.7,2,Tidak,Sesuai SLA,4
TIK02458,2026-03-01,Minggu,08:00,Akademik,Internet/WiFi,Tinggi,Email,106,15.6,1,Ya,Lewat SLA,2
TIK02459,2026-03-01,Minggu,08:10,Laboratorium,Internet/WiFi,Sedang,Email,66,8.9,1,Tidak,Sesuai SLA,4
TIK02460,2026-03-01,Minggu,08:10,Akademik,Sistem Akademik,Tinggi,WhatsApp,33,16.0,2,Tidak,Lewat SLA,3
TIK02461,2026-03-01,Minggu,08:40,Perpustakaan,Komputer/Laptop,Rendah,WhatsApp,55,6.4,1,Ya,Sesuai SLA,4
TIK02462,2026-03-01,Minggu,08:40,Kemahasiswaan,Internet/WiFi,Rendah,Form Online,53,6.3,2,Tidak,Sesuai SLA,4
TIK02463,2026-03-01,Minggu,09:05,Laboratorium,Internet/WiFi,Sedang,Email,85,10.4,1,Ya,Lewat SLA,3
TIK02464,2026-03-01,Minggu,09:25,Akademik,Printer,Sedang,Email,86,10.8,1,Ya,Lewat SLA,3
TIK02465,2026-03-01,Minggu,09:35,Akademik,Internet/WiFi,Rendah,WhatsApp,64,5.2,1,Tidak,Sesuai SLA,5
TIK02466,2026-03-01,Minggu,09:40,Program Studi,Akun/Login,Rendah,Email,116,6.0,1,Tidak,Sesuai SLA,4
TIK02467,2026-03-01,Minggu,10:05,Perpustakaan,Sistem Akademik,Tinggi,Form Online,84,15.8,2,Ya,Lewat SLA,3
TIK02468,2026-03-01,Minggu,10:05,Keuangan,Internet/WiFi,Sedang,WhatsApp,23,5.9,1,Tidak,Sesuai SLA,5
TIK02469,2026-03-01,Minggu,10:20,Perpustakaan,Sistem Akademik,Sedang,Form Online,56,13.4,1,Ya,Lewat SLA,3
TIK02470,2026-03-01,Minggu,10:25,Perpustakaan,Sistem Akademik,Sedang,Email,63,17.3,1,Tidak,Lewat SLA,2
TIK02471,2026-03-01,Minggu,10:30,Akademik,Printer,Sedang,Form Online,48,3.8,2,Tidak,Sesuai SLA,4
TIK02472,2026-03-01,Minggu,10:30,Akademik,Printer,Rendah,WhatsApp,42,5.7,1,Tidak,Sesuai SLA,4
TIK02473,2026-03-01,Minggu,10:30,Laboratorium,Internet/WiFi,Tinggi,Form Online,54,10.9,1,Ya,Lewat SLA,3
TIK02474,2026-03-01,Minggu,10:35,Laboratorium,Komputer/Laptop,Rendah,Form Online,59,5.3,2,Tidak,Sesuai SLA,5
TIK02475,2026-03-01,Minggu,10:40,Keuangan,Proyektor,Rendah,WhatsApp,50,3.5,1,Tidak,Sesuai SLA,5
TIK02476,2026-03-01,Minggu,10:50,Akademik,Akun/Login,Rendah,Email,78,7.2,1,Tidak,Sesuai SLA,3
TIK02477,2026-03-01,Minggu,10:50,Keuangan,Akun/Login,Rendah,WhatsApp,41,5.1,1,Tidak,Sesuai SLA,5
TIK02478,2026-03-01,Minggu,10:55,Keuangan,Printer,Rendah,Form Online,89,5.5,2,Tidak,Sesuai SLA,4
TIK02479,2026-03-01,Minggu,11:00,Kemahasiswaan,Internet/WiFi,Sedang,Datang Langsung,39,5.8,2,Tidak,Sesuai SLA,4
TIK02480,2026-03-01,Minggu,11:05,Akademik,Sistem Akademik,Rendah,Email,77,13.5,2,Ya,Sesuai SLA,4
TIK02481,2026-03-01,Minggu,11:05,Akademik,Sistem Akademik,Rendah,WhatsApp,60,10.0,1,Tidak,Sesuai SLA,4
TIK02482,2026-03-01,Minggu,11:10,Akademik,Internet/WiFi,Tinggi,Email,55,11.8,1,Ya,Lewat SLA,4
TIK02483,2026-03-01,Minggu,11:35,Umum,Akun/Login,Rendah,Form Online,62,3.6,1,Tidak,Sesuai SLA,4
TIK02484,2026-03-01,Minggu,11:35,Akademik,Printer,Rendah,WhatsApp,45,7.3,1,Tidak,Sesuai SLA,3
TIK02485,2026-03-01,Minggu,11:45,Perpustakaan,Sistem Akademik,Sedang,WhatsApp,20,11.8,1,Tidak,Lewat SLA,3
TIK02486,2026-03-01,Minggu,12:25,Akademik,Sistem Akademik,Rendah,Datang Langsung,56,14.9,1,Tidak,Sesuai SLA,3
TIK02487,2026-03-01,Minggu,12:30,Program Studi,Internet/WiFi,Rendah,WhatsApp,46,10.5,2,Ya,Sesuai SLA,4
TIK02488,2026-03-01,Minggu,12:35,Umum,Internet/WiFi,Sedang,WhatsApp,53,9.6,1,Tidak,Sesuai SLA,4
TIK02489,2026-03-01,Minggu,12:40,Program Studi,Internet/WiFi,Sedang,Form Online,42,6.1,1,Tidak,Sesuai SLA,4
TIK02490,2026-03-01,Minggu,13:10,Kemahasiswaan,Komputer/Laptop,Rendah,Datang Langsung,34,4.3,1,Tidak,Sesuai SLA,4
TIK02491,2026-03-01,Minggu,13:15,Akademik,Internet/WiFi,Sedang,WhatsApp,28,8.9,1,Tidak,Sesuai SLA,3
TIK02492,2026-03-01,Minggu,13:20,Program Studi,Internet/WiFi,Sedang,Email,78,8.7,2,Tidak,Sesuai SLA,4
TIK02493,2026-03-01,Minggu,13:50,Umum,Sistem Akademik,Sedang,WhatsApp,19,10.1,1,Tidak,Lewat SLA,4
TIK02494,2026-03-01,Minggu,15:05,Akademik,Internet/WiFi,Rendah,WhatsApp,39,10.9,1,Ya,Sesuai SLA,4
TIK02495,2026-03-01,Minggu,15:10,Kemahasiswaan,Akun/Login,Sedang,WhatsApp,24,2.1,1,Tidak,Sesuai SLA,5
TIK02496,2026-03-01,Minggu,15:45,Perpustakaan,Internet/WiFi,Sedang,WhatsApp,37,10.0,1,Tidak,Sesuai SLA,4
TIK02497,2026-03-02,Senin,07:30,Program Studi,Proyektor,Rendah,Form Online,66,2.2,1,Tidak,Sesuai SLA,5
TIK02498,2026-03-02,Senin,07:40,Kemahasiswaan,Internet/WiFi,Sedang,Form Online,38,11.4,1,Ya,Lewat SLA,3
TIK02499,2026-03-02,Senin,07:40,Akademik,Proyektor,Rendah,Email,126,6.4,1,Tidak,Sesuai SLA,3
TIK02500,2026-03-02,Senin,07:55,Program Studi,Proyektor,Rendah,Email,71,5.9,2,Tidak,Sesuai SLA,5
TIK02501,2026-03-02,Senin,08:30,Akademik,Internet/WiFi,Sedang,Datang Langsung,38,6.4,1,Tidak,Sesuai SLA,4
TIK02502,2026-03-02,Senin,08:35,Keuangan,Akun/Login,Rendah,WhatsApp,56,3.1,1,Tidak,Sesuai SLA,5
TIK02503,2026-03-02,Senin,08:40,Program Studi,Printer,Rendah,Email,94,8.6,1,Tidak,Sesuai SLA,4
TIK02504,2026-03-02,Senin,08:50,Akademik,Akun/Login,Sedang,WhatsApp,28,2.9,1,Tidak,Sesuai SLA,4
TIK02505,2026-03-02,Senin,09:00,Perpustakaan,Printer,Sedang,Email,74,11.7,1,Ya,Lewat SLA,3
TIK02506,2026-03-02,Senin,09:55,Kemahasiswaan,Internet/WiFi,Rendah,WhatsApp,46,9.1,1,Tidak,Sesuai SLA,5
TIK02507,2026-03-02,Senin,09:55,Laboratorium,Printer,Tinggi,Form Online,48,10.5,1,Ya,Lewat SLA,4
TIK02508,2026-03-02,Senin,10:10,Akademik,Sistem Akademik,Tinggi,Form Online,69,11.7,2,Tidak,Lewat SLA,3
TIK02509,2026-03-02,Senin,10:20,Laboratorium,Akun/Login,Sedang,WhatsApp,69,4.6,1,Ya,Sesuai SLA,4
TIK02510,2026-03-02,Senin,10:45,Kemahasiswaan,Komputer/Laptop,Rendah,Form Online,64,6.2,2,Ya,Sesuai SLA,4
TIK02511,2026-03-02,Senin,10:45,Laboratorium,Sistem Akademik,Rendah,Form Online,54,10.4,1,Tidak,Sesuai SLA,3
TIK02512,2026-03-02,Senin,10:50,Perpustakaan,Akun/Login,Sedang,Email,102,5.8,1,Tidak,Sesuai SLA,5
TIK02513,2026-03-02,Senin,11:10,Laboratorium,Sistem Akademik,Tinggi,WhatsApp,18,16.2,2,Ya,Lewat SLA,4
TIK02514,2026-03-02,Senin,11:15,Keuangan,Proyektor,Rendah,Email,93,5.0,1,Tidak,Sesuai SLA,4
TIK02515,2026-03-02,Senin,11:15,Keuangan,Internet/WiFi,Rendah,Form Online,92,8.2,1,Ya,Sesuai SLA,4
TIK02516,2026-03-02,Senin,11:55,Akademik,Internet/WiFi,Sedang,Form Online,49,8.9,1,Tidak,Sesuai SLA,4
TIK02517,2026-03-02,Senin,12:00,Keuangan,Akun/Login,Sedang,WhatsApp,24,5.3,1,Tidak,Sesuai SLA,5
TIK02518,2026-03-02,Senin,12:05,Laboratorium,Internet/WiFi,Sedang,WhatsApp,35,6.7,1,Tidak,Sesuai SLA,4
TIK02519,2026-03-02,Senin,12:20,Akademik,Sistem Akademik,Sedang,Form Online,49,9.7,1,Tidak,Sesuai SLA,4
TIK02520,2026-03-02,Senin,12:30,Kemahasiswaan,Internet/WiFi,Sedang,WhatsApp,22,10.0,1,Tidak,Sesuai SLA,4
TIK02521,2026-03-02,Senin,12:35,Program Studi,Proyektor,Rendah,WhatsApp,40,2.4,1,Tidak,Sesuai SLA,5
TIK02522,2026-03-02,Senin,12:50,Umum,Komputer/Laptop,Tinggi,Form Online,36,6.0,3,Tidak,Sesuai SLA,4
TIK02523,2026-03-02,Senin,12:50,Keuangan,Akun/Login,Rendah,Datang Langsung,41,5.7,2,Ya,Sesuai SLA,4
TIK02524,2026-03-02,Senin,13:00,Akademik,Komputer/Laptop,Tinggi,WhatsApp,27,8.8,2,Tidak,Lewat SLA,4
TIK02525,2026-03-02,Senin,13:45,Laboratorium,Printer,Sedang,Email,94,9.8,1,Tidak,Sesuai SLA,4
TIK02526,2026-03-02,Senin,13:45,Program Studi,Akun/Login,Sedang,Email,62,5.3,2,Ya,Sesuai SLA,3
TIK02527,2026-03-02,Senin,14:10,Akademik,Akun/Login,Rendah,Email,101,3.6,2,Tidak,Sesuai SLA,4
TIK02528,2026-03-02,Senin,15:10,Kemahasiswaan,Sistem Akademik,Sedang,WhatsApp,36,13.8,2,Ya,Lewat SLA,3
TIK02529,2026-03-02,Senin,15:50,Akademik,Komputer/Laptop,Rendah,Form Online,70,9.0,1,Tidak,Sesuai SLA,4
TIK02530,2026-03-02,Senin,15:55,Program Studi,Sistem Akademik,Rendah,Datang Langsung,45,9.5,1,Tidak,Sesuai SLA,5
TIK02531,2026-03-03,Selasa,07:00,Perpustakaan,Akun/Login,Rendah,Email,78,6.3,1,Ya,Sesuai SLA,4
TIK02532,2026-03-03,Selasa,07:40,Perpustakaan,Internet/WiFi,Tinggi,Form Online,41,9.3,2,Tidak,Lewat SLA,3
TIK02533,2026-03-03,Selasa,07:45,Kemahasiswaan,Proyektor,Rendah,Form Online,52,4.2,2,Tidak,Sesuai SLA,5
TIK02534,2026-03-03,Selasa,08:05,Laboratorium,Akun/Login,Rendah,Email,90,4.3,1,Tidak,Sesuai SLA,5
TIK02535,2026-03-03,Selasa,08:50,Program Studi,Internet/WiFi,Sedang,Form Online,42,5.7,1,Tidak,Sesuai SLA,5
TIK02536,2026-03-03,Selasa,09:15,Perpustakaan,Printer,Rendah,WhatsApp,85,5.3,1,Tidak,Sesuai SLA,5
TIK02537,2026-03-03,Selasa,09:40,Perpustakaan,Printer,Rendah,WhatsApp,61,5.3,1,Tidak,Sesuai SLA,4
TIK02538,2026-03-03,Selasa,09:50,Umum,Akun/Login,Rendah,Datang Langsung,33,2.1,1,Tidak,Sesuai SLA,5
TIK02539,2026-03-03,Selasa,10:15,Program Studi,Printer,Rendah,Form Online,56,6.4,2,Tidak,Sesuai SLA,4
TIK02540,2026-03-03,Selasa,10:35,Akademik,Internet/WiFi,Rendah,WhatsApp,66,5.9,1,Tidak,Sesuai SLA,4
TIK02541,2026-03-03,Selasa,10:35,Umum,Sistem Akademik,Rendah,Email,124,15.8,2,Ya,Sesuai SLA,3
TIK02542,2026-03-03,Selasa,11:10,Keuangan,Sistem Akademik,Tinggi,WhatsApp,32,14.6,3,Ya,Lewat SLA,3
TIK02543,2026-03-03,Selasa,11:20,Laboratorium,Komputer/Laptop,Tinggi,WhatsApp,27,8.4,3,Tidak,Lewat SLA,4
TIK02544,2026-03-03,Selasa,11:25,Program Studi,Proyektor,Tinggi,Form Online,37,5.8,3,Tidak,Sesuai SLA,5
TIK02545,2026-03-03,Selasa,11:25,Program Studi,Komputer/Laptop,Rendah,WhatsApp,56,4.4,1,Tidak,Sesuai SLA,4
TIK02546,2026-03-03,Selasa,11:40,Keuangan,Internet/WiFi,Sedang,WhatsApp,27,6.5,2,Tidak,Sesuai SLA,4
TIK02547,2026-03-03,Selasa,11:45,Perpustakaan,Printer,Rendah,WhatsApp,46,4.8,1,Tidak,Sesuai SLA,4
TIK02548,2026-03-03,Selasa,12:00,Laboratorium,Printer,Rendah,Form Online,59,2.3,1,Tidak,Sesuai SLA,4
TIK02549,2026-03-03,Selasa,12:25,Akademik,Sistem Akademik,Rendah,Email,74,13.5,1,Ya,Sesuai SLA,4
TIK02550,2026-03-03,Selasa,12:25,Perpustakaan,Komputer/Laptop,Sedang,Email,68,6.3,2,Tidak,Sesuai SLA,4
TIK02551,2026-03-03,Selasa,13:05,Akademik,Proyektor,Tinggi,Form Online,35,4.7,1,Tidak,Sesuai SLA,5
TIK02552,2026-03-03,Selasa,13:20,Akademik,Akun/Login,Rendah,WhatsApp,39,4.5,1,Tidak,Sesuai SLA,5
TIK02553,2026-03-03,Selasa,13:30,Program Studi,Internet/WiFi,Sedang,WhatsApp,26,9.4,1,Ya,Sesuai SLA,3
TIK02554,2026-03-03,Selasa,14:05,Program Studi,Komputer/Laptop,Rendah,WhatsApp,34,5.6,1,Tidak,Sesuai SLA,5
TIK02555,2026-03-03,Selasa,14:10,Kemahasiswaan,Sistem Akademik,Rendah,WhatsApp,32,14.3,1,Tidak,Sesuai SLA,4
TIK02556,2026-03-03,Selasa,14:15,Laboratorium,Komputer/Laptop,Rendah,Email,73,10.7,1,Ya,Sesuai SLA,4
TIK02557,2026-03-03,Selasa,15:55,Laboratorium,Printer,Rendah,Email,96,3.6,2,Tidak,Sesuai SLA,4
TIK02558,2026-03-03,Selasa,16:05,Laboratorium,Sistem Akademik,Rendah,WhatsApp,33,10.4,1,Tidak,Sesuai SLA,4
TIK02559,2026-03-03,Selasa,17:15,Akademik,Akun/Login,Rendah,Datang Langsung,28,0.5,1,Tidak,Sesuai SLA,4
TIK02560,2026-03-04,Rabu,07:15,Umum,Komputer/Laptop,Rendah,WhatsApp,36,6.3,2,Tidak,Sesuai SLA,4
TIK02561,2026-03-04,Rabu,07:25,Program Studi,Printer,Sedang,Form Online,45,7.3,2,Ya,Sesuai SLA,4
TIK02562,2026-03-04,Rabu,07:25,Keuangan,Printer,Rendah,Datang Langsung,40,5.5,2,Tidak,Sesuai SLA,4
TIK02563,2026-03-04,Rabu,07:40,Program Studi,Printer,Sedang,WhatsApp,39,3.8,1,Tidak,Sesuai SLA,5
TIK02564,2026-03-04,Rabu,08:00,Akademik,Internet/WiFi,Rendah,Email,74,11.4,1,Ya,Sesuai SLA,2
TIK02565,2026-03-04,Rabu,08:35,Umum,Printer,Sedang,WhatsApp,35,5.0,1,Tidak,Sesuai SLA,5
TIK02566,2026-03-04,Rabu,08:40,Program Studi,Internet/WiFi,Tinggi,WhatsApp,18,7.9,1,Tidak,Lewat SLA,4
TIK02567,2026-03-04,Rabu,08:45,Akademik,Internet/WiFi,Sedang,Form Online,61,9.1,1,Tidak,Sesuai SLA,3
TIK02568,2026-03-04,Rabu,08:50,Keuangan,Sistem Akademik,Tinggi,Datang Langsung,27,10.3,2,Tidak,Lewat SLA,3
TIK02569,2026-03-04,Rabu,08:55,Perpustakaan,Proyektor,Sedang,WhatsApp,52,3.8,1,Tidak,Sesuai SLA,4
TIK02570,2026-03-04,Rabu,09:00,Laboratorium,Sistem Akademik,Rendah,Email,87,10.1,1,Tidak,Sesuai SLA,3
TIK02571,2026-03-04,Rabu,09:00,Laboratorium,Akun/Login,Rendah,WhatsApp,66,4.1,1,Tidak,Sesuai SLA,4
TIK02572,2026-03-04,Rabu,09:10,Program Studi,Printer,Rendah,Form Online,75,2.4,1,Tidak,Sesuai SLA,4
TIK02573,2026-03-04,Rabu,09:15,Umum,Sistem Akademik,Rendah,Form Online,53,10.5,1,Tidak,Sesuai SLA,4
TIK02574,2026-03-04,Rabu,09:20,Laboratorium,Internet/WiFi,Tinggi,Email,69,10.8,1,Tidak,Lewat SLA,3
TIK02575,2026-03-04,Rabu,09:25,Laboratorium,Sistem Akademik,Sedang,Email,102,13.4,1,Ya,Lewat SLA,3
TIK02576,2026-03-04,Rabu,09:45,Keuangan,Proyektor,Sedang,WhatsApp,48,5.8,1,Tidak,Sesuai SLA,4
TIK02577,2026-03-04,Rabu,09:50,Kemahasiswaan,Akun/Login,Rendah,Email,94,6.5,1,Tidak,Sesuai SLA,4
TIK02578,2026-03-04,Rabu,09:55,Laboratorium,Internet/WiFi,Rendah,Datang Langsung,31,6.0,1,Tidak,Sesuai SLA,5
TIK02579,2026-03-04,Rabu,10:00,Keuangan,Sistem Akademik,Rendah,Email,108,12.7,2,Ya,Sesuai SLA,3
TIK02580,2026-03-04,Rabu,10:15,Laboratorium,Proyektor,Rendah,Email,93,3.1,2,Tidak,Sesuai SLA,4
TIK02581,2026-03-04,Rabu,10:35,Akademik,Proyektor,Rendah,WhatsApp,117,5.1,2,Tidak,Sesuai SLA,4
TIK02582,2026-03-04,Rabu,10:50,Program Studi,Sistem Akademik,Tinggi,WhatsApp,71,13.5,3,Ya,Lewat SLA,2
TIK02583,2026-03-04,Rabu,10:55,Program Studi,Sistem Akademik,Tinggi,Email,56,15.9,1,Tidak,Lewat SLA,2
TIK02584,2026-03-04,Rabu,10:55,Akademik,Komputer/Laptop,Rendah,WhatsApp,65,7.4,1,Tidak,Sesuai SLA,4
TIK02585,2026-03-04,Rabu,11:05,Akademik,Akun/Login,Sedang,Form Online,41,2.2,1,Tidak,Sesuai SLA,5
TIK02586,2026-03-04,Rabu,11:05,Keuangan,Komputer/Laptop,Rendah,Form Online,49,4.4,1,Tidak,Sesuai SLA,4
TIK02587,2026-03-04,Rabu,11:10,Laboratorium,Internet/WiFi,Sedang,Datang Langsung,44,5.7,2,Tidak,Sesuai SLA,4
TIK02588,2026-03-04,Rabu,11:25,Program Studi,Sistem Akademik,Rendah,WhatsApp,43,13.3,2,Ya,Sesuai SLA,5
TIK02589,2026-03-04,Rabu,11:30,Program Studi,Printer,Rendah,Form Online,59,3.3,1,Tidak,Sesuai SLA,4
TIK02590,2026-03-04,Rabu,11:35,Akademik,Internet/WiFi,Rendah,Form Online,77,5.8,1,Tidak,Sesuai SLA,3
TIK02591,2026-03-04,Rabu,11:55,Akademik,Sistem Akademik,Tinggi,Email,59,11.6,2,Tidak,Lewat SLA,2
TIK02592,2026-03-04,Rabu,11:55,Akademik,Sistem Akademik,Rendah,WhatsApp,45,11.5,1,Tidak,Sesuai SLA,4
TIK02593,2026-03-04,Rabu,12:00,Akademik,Komputer/Laptop,Rendah,Datang Langsung,46,6.1,1,Tidak,Sesuai SLA,4
TIK02594,2026-03-04,Rabu,12:05,Akademik,Akun/Login,Sedang,WhatsApp,30,1.8,2,Tidak,Sesuai SLA,4
TIK02595,2026-03-04,Rabu,12:10,Program Studi,Akun/Login,Rendah,WhatsApp,45,2.6,1,Tidak,Sesuai SLA,5
TIK02596,2026-03-04,Rabu,12:15,Laboratorium,Sistem Akademik,Sedang,WhatsApp,34,11.0,1,Tidak,Lewat SLA,2
TIK02597,2026-03-04,Rabu,12:20,Program Studi,Komputer/Laptop,Rendah,WhatsApp,43,7.4,1,Tidak,Sesuai SLA,5
TIK02598,2026-03-04,Rabu,12:25,Program Studi,Proyektor,Sedang,Email,62,4.4,2,Tidak,Sesuai SLA,4
TIK02599,2026-03-04,Rabu,12:35,Akademik,Sistem Akademik,Rendah,Datang Langsung,50,12.2,1,Ya,Sesuai SLA,4
TIK02600,2026-03-04,Rabu,12:35,Perpustakaan,Sistem Akademik,Tinggi,WhatsApp,25,12.7,3,Ya,Lewat SLA,4
TIK02601,2026-03-04,Rabu,12:35,Laboratorium,Sistem Akademik,Rendah,WhatsApp,45,14.4,1,Ya,Sesuai SLA,5
TIK02602,2026-03-04,Rabu,12:35,Kemahasiswaan,Sistem Akademik,Rendah,WhatsApp,86,10.8,1,Tidak,Sesuai SLA,3
TIK02603,2026-03-04,Rabu,13:15,Keuangan,Akun/Login,Rendah,WhatsApp,40,2.9,1,Tidak,Sesuai SLA,4
TIK02604,2026-03-04,Rabu,13:25,Keuangan,Internet/WiFi,Tinggi,Email,69,9.7,1,Tidak,Lewat SLA,2
TIK02605,2026-03-04,Rabu,13:45,Perpustakaan,Internet/WiFi,Rendah,WhatsApp,61,10.9,2,Tidak,Sesuai SLA,3
TIK02606,2026-03-04,Rabu,14:20,Umum,Proyektor,Rendah,WhatsApp,36,4.4,1,Tidak,Sesuai SLA,4
TIK02607,2026-03-04,Rabu,14:30,Perpustakaan,Printer,Rendah,Datang Langsung,27,3.5,1,Tidak,Sesuai SLA,5
TIK02608,2026-03-04,Rabu,15:15,Laboratorium,Printer,Sedang,Datang Langsung,100,1.9,1,Tidak,Sesuai SLA,4
TIK02609,2026-03-05,Kamis,07:00,Akademik,Akun/Login,Rendah,WhatsApp,51,2.1,1,Tidak,Sesuai SLA,4
TIK02610,2026-03-05,Kamis,07:55,Keuangan,Sistem Akademik,Rendah,Form Online,79,11.1,1,Tidak,Sesuai SLA,3
TIK02611,2026-03-05,Kamis,08:15,Keuangan,Printer,Rendah,WhatsApp,43,4.3,2,Tidak,Sesuai SLA,4
TIK02612,2026-03-05,Kamis,08:25,Perpustakaan,Sistem Akademik,Rendah,Form Online,61,13.5,1,Ya,Sesuai SLA,4
TIK02613,2026-03-05,Kamis,08:30,Akademik,Printer,Rendah,Email,70,4.3,1,Tidak,Sesuai SLA,4
TIK02614,2026-03-05,Kamis,08:45,Laboratorium,Sistem Akademik,Sedang,WhatsApp,48,14.6,1,Ya,Lewat SLA,3
TIK02615,2026-03-05,Kamis,08:50,Perpustakaan,Printer,Rendah,Datang Langsung,36,3.0,2,Tidak,Sesuai SLA,5
TIK02616,2026-03-05,Kamis,08:50,Keuangan,Sistem Akademik,Rendah,WhatsApp,36,12.4,1,Tidak,Sesuai SLA,3
TIK02617,2026-03-05,Kamis,08:55,Laboratorium,Printer,Sedang,Email,86,4.9,1,Tidak,Sesuai SLA,5
TIK02618,2026-03-05,Kamis,09:15,Laboratorium,Printer,Sedang,WhatsApp,38,6.4,1,Tidak,Sesuai SLA,4
TIK02619,2026-03-05,Kamis,09:20,Keuangan,Printer,Rendah,WhatsApp,70,3.9,2,Tidak,Sesuai SLA,4
TIK02620,2026-03-05,Kamis,09:40,Program Studi,Printer,Rendah,Form Online,71,4.9,1,Tidak,Sesuai SLA,4
TIK02621,2026-03-05,Kamis,09:50,Program Studi,Internet/WiFi,Sedang,Form Online,48,6.3,1,Tidak,Sesuai SLA,3
TIK02622,2026-03-05,Kamis,10:05,Program Studi,Sistem Akademik,Sedang,Email,88,15.2,1,Ya,Lewat SLA,3
TIK02623,2026-03-05,Kamis,10:15,Akademik,Internet/WiFi,Sedang,Form Online,52,7.8,1,Tidak,Sesuai SLA,5
TIK02624,2026-03-05,Kamis,10:15,Keuangan,Internet/WiFi,Rendah,WhatsApp,48,6.8,1,Tidak,Sesuai SLA,4
TIK02625,2026-03-05,Kamis,10:25,Akademik,Internet/WiFi,Sedang,WhatsApp,71,7.2,1,Tidak,Sesuai SLA,4
TIK02626,2026-03-05,Kamis,10:30,Keuangan,Proyektor,Sedang,WhatsApp,21,2.7,2,Tidak,Sesuai SLA,5
TIK02627,2026-03-05,Kamis,10:50,Umum,Internet/WiFi,Sedang,Datang Langsung,43,11.2,2,Tidak,Lewat SLA,3
TIK02628,2026-03-05,Kamis,10:50,Program Studi,Akun/Login,Rendah,Datang Langsung,34,1.3,1,Tidak,Sesuai SLA,5
TIK02629,2026-03-05,Kamis,10:55,Keuangan,Komputer/Laptop,Rendah,Form Online,54,4.8,2,Tidak,Sesuai SLA,4
TIK02630,2026-03-05,Kamis,11:00,Keuangan,Internet/WiFi,Sedang,Form Online,44,8.9,1,Tidak,Sesuai SLA,4
TIK02631,2026-03-05,Kamis,11:05,Akademik,Komputer/Laptop,Sedang,WhatsApp,38,8.0,1,Tidak,Sesuai SLA,5
TIK02632,2026-03-05,Kamis,11:15,Laboratorium,Printer,Tinggi,WhatsApp,13,5.8,1,Tidak,Sesuai SLA,4
TIK02633,2026-03-05,Kamis,11:30,Umum,Akun/Login,Rendah,Datang Langsung,53,0.4,2,Tidak,Sesuai SLA,4
TIK02634,2026-03-05,Kamis,11:40,Program Studi,Sistem Akademik,Rendah,WhatsApp,67,9.1,1,Tidak,Sesuai SLA,4
TIK02635,2026-03-05,Kamis,11:45,Kemahasiswaan,Internet/WiFi,Sedang,WhatsApp,42,10.3,2,Tidak,Lewat SLA,2
TIK02636,2026-03-05,Kamis,11:45,Perpustakaan,Internet/WiFi,Rendah,WhatsApp,32,7.4,1,Tidak,Sesuai SLA,4
TIK02637,2026-03-05,Kamis,11:45,Laboratorium,Printer,Tinggi,Form Online,39,6.7,2,Ya,Lewat SLA,5
TIK02638,2026-03-05,Kamis,11:55,Akademik,Komputer/Laptop,Rendah,Form Online,83,7.4,2,Tidak,Sesuai SLA,3
TIK02639,2026-03-05,Kamis,11:55,Akademik,Internet/WiFi,Rendah,Form Online,74,6.4,2,Tidak,Sesuai SLA,4
TIK02640,2026-03-05,Kamis,12:10,Laboratorium,Proyektor,Rendah,Email,93,3.3,1,Tidak,Sesuai SLA,5
TIK02641,2026-03-05,Kamis,12:20,Kemahasiswaan,Internet/WiFi,Rendah,WhatsApp,39,7.8,1,Tidak,Sesuai SLA,4
TIK02642,2026-03-05,Kamis,12:20,Keuangan,Internet/WiFi,Rendah,Form Online,58,5.8,1,Tidak,Sesuai SLA,4
TIK02643,2026-03-05,Kamis,12:25,Program Studi,Sistem Akademik,Sedang,Form Online,42,11.4,1,Tidak,Lewat SLA,4
TIK02644,2026-03-05,Kamis,12:50,Akademik,Sistem Akademik,Tinggi,Email,80,12.3,2,Tidak,Lewat SLA,2
TIK02645,2026-03-05,Kamis,13:00,Laboratorium,Printer,Rendah,Email,68,3.8,1,Tidak,Sesuai SLA,5
TIK02646,2026-03-05,Kamis,13:25,Akademik,Akun/Login,Rendah,WhatsApp,66,3.9,1,Tidak,Sesuai SLA,4
TIK02647,2026-03-05,Kamis,14:25,Akademik,Akun/Login,Rendah,Form Online,88,4.2,2,Tidak,Sesuai SLA,4
TIK02648,2026-03-05,Kamis,15:00,Program Studi,Internet/WiFi,Rendah,Form Online,69,8.6,2,Tidak,Sesuai SLA,3
TIK02649,2026-03-05,Kamis,15:05,Perpustakaan,Internet/WiFi,Tinggi,Datang Langsung,14,6.7,1,Tidak,Lewat SLA,4
TIK02650,2026-03-05,Kamis,15:30,Laboratorium,Komputer/Laptop,Rendah,Email,100,5.5,1,Tidak,Sesuai SLA,3
TIK02651,2026-03-06,Jumat,07:05,Keuangan,Internet/WiFi,Tinggi,Email,55,9.4,2,Tidak,Lewat SLA,3
TIK02652,2026-03-06,Jumat,07:10,Kemahasiswaan,Proyektor,Sedang,Email,56,3.7,2,Tidak,Sesuai SLA,4
TIK02653,2026-03-06,Jumat,08:15,Program Studi,Sistem Akademik,Rendah,Form Online,63,14.3,2,Ya,Sesuai SLA,3
TIK02654,2026-03-06,Jumat,08:25,Kemahasiswaan,Proyektor,Sedang,Form Online,60,7.4,1,Tidak,Sesuai SLA,3
TIK02655,2026-03-06,Jumat,08:25,Perpustakaan,Sistem Akademik,Rendah,Datang Langsung,56,10.3,1,Tidak,Sesuai SLA,4
TIK02656,2026-03-06,Jumat,08:40,Laboratorium,Internet/WiFi,Sedang,WhatsApp,24,6.8,2,Tidak,Sesuai SLA,4
TIK02657,2026-03-06,Jumat,08:45,Akademik,Printer,Sedang,Datang Langsung,31,2.2,1,Tidak,Sesuai SLA,5
TIK02658,2026-03-06,Jumat,09:05,Program Studi,Sistem Akademik,Tinggi,Email,56,15.9,2,Ya,Lewat SLA,2
TIK02659,2026-03-06,Jumat,09:05,Laboratorium,Proyektor,Rendah,WhatsApp,31,8.2,1,Tidak,Sesuai SLA,4
TIK02660,2026-03-06,Jumat,09:10,Program Studi,Akun/Login,Rendah,Form Online,60,10.4,1,Tidak,Sesuai SLA,5
TIK02661,2026-03-06,Jumat,09:20,Kemahasiswaan,Internet/WiFi,Rendah,Email,77,9.8,1,Ya,Sesuai SLA,3
TIK02662,2026-03-06,Jumat,09:20,Umum,Internet/WiFi,Sedang,Datang Langsung,54,7.8,2,Tidak,Sesuai SLA,3
TIK02663,2026-03-06,Jumat,09:35,Program Studi,Internet/WiFi,Sedang,Email,57,7.1,1,Tidak,Sesuai SLA,4
TIK02664,2026-03-06,Jumat,09:55,Kemahasiswaan,Sistem Akademik,Sedang,WhatsApp,22,10.4,1,Tidak,Lewat SLA,3
TIK02665,2026-03-06,Jumat,10:10,Program Studi,Sistem Akademik,Sedang,WhatsApp,63,12.3,1,Ya,Lewat SLA,3
TIK02666,2026-03-06,Jumat,10:15,Laboratorium,Sistem Akademik,Rendah,Datang Langsung,44,11.3,1,Ya,Sesuai SLA,4
TIK02667,2026-03-06,Jumat,10:35,Program Studi,Akun/Login,Rendah,Form Online,109,5.8,1,Tidak,Sesuai SLA,3
TIK02668,2026-03-06,Jumat,10:35,Perpustakaan,Komputer/Laptop,Rendah,Datang Langsung,34,4.1,2,Tidak,Sesuai SLA,5
TIK02669,2026-03-06,Jumat,10:40,Umum,Sistem Akademik,Rendah,Form Online,69,10.1,1,Tidak,Sesuai SLA,3
TIK02670,2026-03-06,Jumat,10:55,Akademik,Sistem Akademik,Sedang,Form Online,52,12.0,2,Tidak,Lewat SLA,4
TIK02671,2026-03-06,Jumat,11:05,Laboratorium,Komputer/Laptop,Rendah,Form Online,97,7.3,1,Tidak,Sesuai SLA,4
TIK02672,2026-03-06,Jumat,11:20,Keuangan,Internet/WiFi,Rendah,WhatsApp,35,7.4,1,Tidak,Sesuai SLA,5
TIK02673,2026-03-06,Jumat,11:30,Akademik,Akun/Login,Sedang,Email,71,5.9,2,Tidak,Sesuai SLA,4
TIK02674,2026-03-06,Jumat,11:35,Laboratorium,Komputer/Laptop,Rendah,Email,89,7.8,1,Tidak,Sesuai SLA,4
TIK02675,2026-03-06,Jumat,11:45,Keuangan,Komputer/Laptop,Rendah,Email,82,6.7,2,Tidak,Sesuai SLA,4
TIK02676,2026-03-06,Jumat,12:00,Umum,Sistem Akademik,Rendah,Form Online,79,9.6,2,Tidak,Sesuai SLA,4
TIK02677,2026-03-06,Jumat,12:25,Kemahasiswaan,Sistem Akademik,Tinggi,Form Online,33,13.7,2,Ya,Lewat SLA,3
TIK02678,2026-03-06,Jumat,12:35,Keuangan,Sistem Akademik,Rendah,Email,80,12.9,2,Ya,Sesuai SLA,3
TIK02679,2026-03-06,Jumat,13:30,Program Studi,Printer,Rendah,Form Online,72,5.0,1,Tidak,Sesuai SLA,4
TIK02680,2026-03-06,Jumat,14:10,Perpustakaan,Komputer/Laptop,Sedang,Form Online,53,8.3,1,Ya,Sesuai SLA,4
TIK02681,2026-03-06,Jumat,14:20,Akademik,Sistem Akademik,Rendah,WhatsApp,38,14.5,2,Ya,Sesuai SLA,4
TIK02682,2026-03-06,Jumat,14:35,Akademik,Sistem Akademik,Sedang,Form Online,78,14.3,1,Ya,Lewat SLA,3
TIK02683,2026-03-06,Jumat,15:00,Akademik,Internet/WiFi,Rendah,Datang Langsung,48,9.1,1,Ya,Sesuai SLA,4
TIK02684,2026-03-06,Jumat,17:15,Umum,Proyektor,Sedang,WhatsApp,50,3.5,1,Tidak,Sesuai SLA,4
TIK02685,2026-03-07,Sabtu,07:00,Program Studi,Proyektor,Sedang,Datang Langsung,29,3.5,1,Tidak,Sesuai SLA,5
TIK02686,2026-03-07,Sabtu,07:00,Program Studi,Komputer/Laptop,Tinggi,WhatsApp,21,6.7,3,Tidak,Lewat SLA,4
TIK02687,2026-03-07,Sabtu,07:00,Program Studi,Sistem Akademik,Sedang,WhatsApp,55,11.0,1,Tidak,Lewat SLA,3
TIK02688,2026-03-07,Sabtu,07:05,Kemahasiswaan,Sistem Akademik,Tinggi,WhatsApp,18,15.5,3,Ya,Lewat SLA,4
TIK02689,2026-03-07,Sabtu,07:20,Akademik,Sistem Akademik,Tinggi,WhatsApp,27,13.9,2,Ya,Lewat SLA,3
TIK02690,2026-03-07,Sabtu,07:30,Laboratorium,Komputer/Laptop,Tinggi,WhatsApp,29,6.0,3,Tidak,Sesuai SLA,4
TIK02691,2026-03-07,Sabtu,07:50,Laboratorium,Komputer/Laptop,Tinggi,Form Online,38,8.2,2,Tidak,Lewat SLA,3
TIK02692,2026-03-07,Sabtu,07:55,Keuangan,Internet/WiFi,Sedang,Form Online,44,7.0,1,Tidak,Sesuai SLA,5
TIK02693,2026-03-07,Sabtu,08:00,Akademik,Komputer/Laptop,Rendah,WhatsApp,33,4.4,1,Tidak,Sesuai SLA,5
TIK02694,2026-03-07,Sabtu,08:10,Laboratorium,Komputer/Laptop,Tinggi,Form Online,31,8.2,1,Ya,Lewat SLA,4
TIK02695,2026-03-07,Sabtu,08:20,Kemahasiswaan,Akun/Login,Rendah,Form Online,63,2.3,1,Tidak,Sesuai SLA,4
TIK02696,2026-03-07,Sabtu,08:45,Keuangan,Akun/Login,Sedang,Form Online,72,3.8,1,Tidak,Sesuai SLA,5
TIK02697,2026-03-07,Sabtu,08:55,Keuangan,Komputer/Laptop,Rendah,WhatsApp,35,6.7,1,Ya,Sesuai SLA,3
TIK02698,2026-03-07,Sabtu,09:00,Laboratorium,Internet/WiFi,Rendah,Form Online,60,6.8,1,Tidak,Sesuai SLA,5
TIK02699,2026-03-07,Sabtu,09:35,Program Studi,Sistem Akademik,Rendah,WhatsApp,59,8.5,1,Tidak,Sesuai SLA,4
TIK02700,2026-03-07,Sabtu,09:50,Akademik,Akun/Login,Sedang,WhatsApp,64,5.2,1,Tidak,Sesuai SLA,4
TIK02701,2026-03-07,Sabtu,10:05,Keuangan,Internet/WiFi,Sedang,WhatsApp,34,7.4,2,Tidak,Sesuai SLA,5
TIK02702,2026-03-07,Sabtu,10:05,Kemahasiswaan,Printer,Sedang,Email,62,4.8,1,Tidak,Sesuai SLA,4
TIK02703,2026-03-07,Sabtu,10:20,Laboratorium,Akun/Login,Sedang,WhatsApp,55,4.1,1,Tidak,Sesuai SLA,4
TIK02704,2026-03-07,Sabtu,10:20,Umum,Internet/WiFi,Rendah,Form Online,62,7.7,1,Ya,Sesuai SLA,4
TIK02705,2026-03-07,Sabtu,10:40,Akademik,Akun/Login,Rendah,Datang Langsung,38,1.2,1,Tidak,Sesuai SLA,5
TIK02706,2026-03-07,Sabtu,10:45,Keuangan,Akun/Login,Rendah,WhatsApp,51,2.0,1,Tidak,Sesuai SLA,4
TIK02707,2026-03-07,Sabtu,10:55,Laboratorium,Internet/WiFi,Rendah,Form Online,68,6.1,2,Tidak,Sesuai SLA,4
TIK02708,2026-03-07,Sabtu,11:15,Laboratorium,Sistem Akademik,Tinggi,Form Online,54,12.9,1,Ya,Lewat SLA,3
TIK02709,2026-03-07,Sabtu,12:05,Akademik,Komputer/Laptop,Tinggi,WhatsApp,23,9.0,3,Ya,Lewat SLA,4
TIK02710,2026-03-07,Sabtu,12:05,Keuangan,Komputer/Laptop,Rendah,WhatsApp,57,4.7,2,Tidak,Sesuai SLA,5
TIK02711,2026-03-07,Sabtu,12:10,Akademik,Proyektor,Rendah,WhatsApp,42,10.1,2,Tidak,Sesuai SLA,4
TIK02712,2026-03-07,Sabtu,12:20,Akademik,Akun/Login,Sedang,WhatsApp,25,3.6,1,Tidak,Sesuai SLA,4
TIK02713,2026-03-07,Sabtu,12:25,Kemahasiswaan,Internet/WiFi,Sedang,Form Online,44,12.8,1,Tidak,Lewat SLA,3
TIK02714,2026-03-07,Sabtu,12:30,Keuangan,Akun/Login,Rendah,Form Online,79,3.1,2,Tidak,Sesuai SLA,5
TIK02715,2026-03-07,Sabtu,12:45,Laboratorium,Sistem Akademik,Sedang,Email,76,10.2,1,Tidak,Lewat SLA,3
TIK02716,2026-03-07,Sabtu,12:55,Perpustakaan,Komputer/Laptop,Sedang,WhatsApp,20,5.5,1,Tidak,Sesuai SLA,4
TIK02717,2026-03-07,Sabtu,12:55,Kemahasiswaan,Internet/WiFi,Rendah,WhatsApp,44,6.8,1,Tidak,Sesuai SLA,4
TIK02718,2026-03-07,Sabtu,13:05,Perpustakaan,Akun/Login,Sedang,WhatsApp,77,3.6,1,Tidak,Sesuai SLA,5
TIK02719,2026-03-07,Sabtu,13:10,Perpustakaan,Sistem Akademik,Sedang,WhatsApp,29,12.4,2,Tidak,Lewat SLA,4
TIK02720,2026-03-07,Sabtu,13:15,Keuangan,Sistem Akademik,Rendah,Form Online,58,9.1,1,Tidak,Sesuai SLA,4
TIK02721,2026-03-07,Sabtu,13:50,Akademik,Akun/Login,Tinggi,WhatsApp,22,8.6,2,Ya,Lewat SLA,4
TIK02722,2026-03-07,Sabtu,14:00,Akademik,Internet/WiFi,Rendah,Datang Langsung,33,4.9,2,Tidak,Sesuai SLA,5
TIK02723,2026-03-07,Sabtu,14:50,Keuangan,Komputer/Laptop,Tinggi,Email,56,9.4,1,Tidak,Lewat SLA,3
TIK02724,2026-03-07,Sabtu,14:55,Keuangan,Internet/WiFi,Rendah,WhatsApp,45,8.3,1,Tidak,Sesuai SLA,4
TIK02725,2026-03-07,Sabtu,15:00,Perpustakaan,Komputer/Laptop,Rendah,Form Online,64,8.8,2,Tidak,Sesuai SLA,4
TIK02726,2026-03-07,Sabtu,15:40,Kemahasiswaan,Internet/WiFi,Tinggi,WhatsApp,31,7.5,3,Tidak,Lewat SLA,4
TIK02727,2026-03-07,Sabtu,15:55,Kemahasiswaan,Komputer/Laptop,Rendah,Form Online,83,5.3,1,Tidak,Sesuai SLA,3
TIK02728,2026-03-07,Sabtu,16:30,Program Studi,Internet/WiFi,Sedang,Email,68,11.6,2,Ya,Lewat SLA,3
TIK02729,2026-03-08,Minggu,07:00,Program Studi,Internet/WiFi,Sedang,WhatsApp,48,12.1,1,Ya,Lewat SLA,3
TIK02730,2026-03-08,Minggu,07:00,Umum,Internet/WiFi,Rendah,Form Online,52,7.6,1,Tidak,Sesuai SLA,4
TIK02731,2026-03-08,Minggu,07:05,Perpustakaan,Akun/Login,Sedang,Datang Langsung,25,3.7,2,Tidak,Sesuai SLA,4
TIK02732,2026-03-08,Minggu,07:25,Kemahasiswaan,Sistem Akademik,Rendah,WhatsApp,64,10.6,2,Tidak,Sesuai SLA,4
TIK02733,2026-03-08,Minggu,07:40,Akademik,Komputer/Laptop,Rendah,WhatsApp,48,6.6,1,Tidak,Sesuai SLA,4
TIK02734,2026-03-08,Minggu,07:40,Akademik,Proyektor,Rendah,Datang Langsung,53,1.5,2,Tidak,Sesuai SLA,4
TIK02735,2026-03-08,Minggu,07:55,Akademik,Akun/Login,Rendah,WhatsApp,64,2.0,1,Tidak,Sesuai SLA,5
TIK02736,2026-03-08,Minggu,07:55,Program Studi,Sistem Akademik,Sedang,Datang Langsung,23,11.3,1,Ya,Lewat SLA,4
TIK02737,2026-03-08,Minggu,08:25,Akademik,Proyektor,Rendah,WhatsApp,36,5.8,1,Tidak,Sesuai SLA,4
TIK02738,2026-03-08,Minggu,08:25,Kemahasiswaan,Akun/Login,Tinggi,WhatsApp,20,2.8,2,Tidak,Sesuai SLA,5
TIK02739,2026-03-08,Minggu,08:30,Umum,Proyektor,Rendah,Email,81,3.9,1,Tidak,Sesuai SLA,5
TIK02740,2026-03-08,Minggu,08:30,Umum,Akun/Login,Rendah,Datang Langsung,54,1.6,1,Tidak,Sesuai SLA,4
TIK02741,2026-03-08,Minggu,09:05,Akademik,Sistem Akademik,Sedang,WhatsApp,30,11.6,1,Tidak,Lewat SLA,2
TIK02742,2026-03-08,Minggu,09:15,Keuangan,Akun/Login,Rendah,WhatsApp,53,4.2,1,Tidak,Sesuai SLA,5
TIK02743,2026-03-08,Minggu,09:20,Kemahasiswaan,Sistem Akademik,Sedang,Datang Langsung,37,15.9,1,Ya,Lewat SLA,2
TIK02744,2026-03-08,Minggu,09:40,Laboratorium,Printer,Rendah,WhatsApp,83,6.0,1,Tidak,Sesuai SLA,3
TIK02745,2026-03-08,Minggu,09:40,Kemahasiswaan,Akun/Login,Rendah,Email,74,8.9,2,Tidak,Sesuai SLA,4
TIK02746,2026-03-08,Minggu,09:40,Program Studi,Printer,Tinggi,Datang Langsung,9,8.0,1,Tidak,Lewat SLA,3
TIK02747,2026-03-08,Minggu,09:45,Keuangan,Internet/WiFi,Rendah,WhatsApp,34,8.6,1,Ya,Sesuai SLA,5
TIK02748,2026-03-08,Minggu,09:55,Kemahasiswaan,Komputer/Laptop,Rendah,Form Online,72,5.6,1,Tidak,Sesuai SLA,4
TIK02749,2026-03-08,Minggu,10:40,Program Studi,Sistem Akademik,Rendah,WhatsApp,33,13.6,1,Ya,Sesuai SLA,3
TIK02750,2026-03-08,Minggu,10:55,Keuangan,Sistem Akademik,Tinggi,Form Online,53,17.2,1,Tidak,Lewat SLA,3
TIK02751,2026-03-08,Minggu,10:55,Program Studi,Komputer/Laptop,Tinggi,Email,85,7.6,1,Tidak,Lewat SLA,4
TIK02752,2026-03-08,Minggu,11:05,Kemahasiswaan,Sistem Akademik,Sedang,WhatsApp,44,13.5,1,Tidak,Lewat SLA,3
TIK02753,2026-03-08,Minggu,11:10,Laboratorium,Komputer/Laptop,Tinggi,Form Online,62,8.5,2,Tidak,Lewat SLA,3
TIK02754,2026-03-08,Minggu,11:15,Keuangan,Akun/Login,Sedang,Email,72,4.4,1,Tidak,Sesuai SLA,4
TIK02755,2026-03-08,Minggu,11:25,Program Studi,Printer,Sedang,Form Online,40,2.9,1,Tidak,Sesuai SLA,4
TIK02756,2026-03-08,Minggu,11:35,Akademik,Akun/Login,Sedang,WhatsApp,31,6.9,2,Tidak,Sesuai SLA,4
TIK02757,2026-03-08,Minggu,11:45,Program Studi,Sistem Akademik,Rendah,Form Online,60,11.3,1,Tidak,Sesuai SLA,4
TIK02758,2026-03-08,Minggu,12:00,Kemahasiswaan,Komputer/Laptop,Rendah,WhatsApp,41,7.7,1,Tidak,Sesuai SLA,4
TIK02759,2026-03-08,Minggu,12:00,Laboratorium,Printer,Sedang,Email,70,4.6,1,Tidak,Sesuai SLA,5
TIK02760,2026-03-08,Minggu,12:10,Program Studi,Akun/Login,Sedang,WhatsApp,60,2.9,1,Tidak,Sesuai SLA,5
TIK02761,2026-03-08,Minggu,12:15,Laboratorium,Sistem Akademik,Sedang,WhatsApp,29,13.2,1,Tidak,Lewat SLA,3
TIK02762,2026-03-08,Minggu,12:25,Perpustakaan,Internet/WiFi,Rendah,Form Online,77,12.0,1,Tidak,Sesuai SLA,3
TIK02763,2026-03-08,Minggu,12:35,Program Studi,Internet/WiFi,Sedang,Email,66,10.6,2,Tidak,Lewat SLA,3
TIK02764,2026-03-08,Minggu,12:55,Umum,Sistem Akademik,Rendah,WhatsApp,77,11.0,1,Ya,Sesuai SLA,4
TIK02765,2026-03-08,Minggu,13:05,Program Studi,Sistem Akademik,Rendah,Form Online,63,9.6,1,Tidak,Sesuai SLA,5
TIK02766,2026-03-08,Minggu,13:15,Akademik,Internet/WiFi,Sedang,Form Online,51,7.1,2,Tidak,Sesuai SLA,4
TIK02767,2026-03-08,Minggu,13:35,Akademik,Sistem Akademik,Rendah,Form Online,56,9.3,1,Tidak,Sesuai SLA,4
TIK02768,2026-03-08,Minggu,14:00,Akademik,Akun/Login,Sedang,WhatsApp,21,3.1,1,Tidak,Sesuai SLA,5
TIK02769,2026-03-08,Minggu,14:10,Akademik,Sistem Akademik,Rendah,Form Online,62,9.9,2,Tidak,Sesuai SLA,5
TIK02770,2026-03-08,Minggu,14:45,Akademik,Sistem Akademik,Rendah,Datang Langsung,41,9.5,1,Tidak,Sesuai SLA,4
TIK02771,2026-03-08,Minggu,15:05,Perpustakaan,Akun/Login,Rendah,Form Online,71,4.1,1,Tidak,Sesuai SLA,5
TIK02772,2026-03-08,Minggu,15:05,Laboratorium,Internet/WiFi,Rendah,WhatsApp,40,9.0,1,Ya,Sesuai SLA,4
TIK02773,2026-03-08,Minggu,17:20,Kemahasiswaan,Sistem Akademik,Sedang,WhatsApp,36,11.4,2,Tidak,Lewat SLA,4
TIK02774,2026-03-09,Senin,07:20,Akademik,Komputer/Laptop,Rendah,Form Online,65,6.4,1,Tidak,Sesuai SLA,4
TIK02775,2026-03-09,Senin,07:25,Keuangan,Internet/WiFi,Rendah,Form Online,57,7.3,1,Tidak,Sesuai SLA,5
TIK02776,2026-03-09,Senin,07:45,Keuangan,Komputer/Laptop,Rendah,WhatsApp,60,9.1,1,Ya,Sesuai SLA,2
TIK02777,2026-03-09,Senin,07:50,Akademik,Akun/Login,Sedang,WhatsApp,33,5.6,1,Ya,Sesuai SLA,5
TIK02778,2026-03-09,Senin,08:05,Laboratorium,Sistem Akademik,Rendah,Datang Langsung,54,8.9,2,Tidak,Sesuai SLA,4
TIK02779,2026-03-09,Senin,08:15,Umum,Akun/Login,Rendah,WhatsApp,49,2.4,1,Tidak,Sesuai SLA,4
TIK02780,2026-03-09,Senin,08:30,Umum,Akun/Login,Sedang,Form Online,63,2.4,1,Tidak,Sesuai SLA,4
TIK02781,2026-03-09,Senin,09:05,Perpustakaan,Internet/WiFi,Sedang,Form Online,57,7.1,2,Tidak,Sesuai SLA,4
TIK02782,2026-03-09,Senin,09:25,Laboratorium,Internet/WiFi,Sedang,Form Online,48,15.3,2,Ya,Lewat SLA,3
TIK02783,2026-03-09,Senin,10:00,Program Studi,Printer,Sedang,Datang Langsung,19,2.8,1,Tidak,Sesuai SLA,5
TIK02784,2026-03-09,Senin,10:05,Keuangan,Sistem Akademik,Rendah,Form Online,53,12.2,2,Tidak,Sesuai SLA,3
TIK02785,2026-03-09,Senin,10:05,Kemahasiswaan,Sistem Akademik,Rendah,Email,124,13.3,2,Ya,Sesuai SLA,3
TIK02786,2026-03-09,Senin,10:20,Kemahasiswaan,Internet/WiFi,Sedang,WhatsApp,91,8.4,1,Ya,Sesuai SLA,3
TIK02787,2026-03-09,Senin,10:20,Perpustakaan,Printer,Tinggi,Form Online,43,9.4,2,Ya,Lewat SLA,4
TIK02788,2026-03-09,Senin,10:35,Akademik,Sistem Akademik,Sedang,WhatsApp,20,13.1,1,Tidak,Lewat SLA,3
TIK02789,2026-03-09,Senin,10:35,Akademik,Internet/WiFi,Sedang,Form Online,54,8.8,1,Ya,Sesuai SLA,4
TIK02790,2026-03-09,Senin,10:35,Akademik,Komputer/Laptop,Sedang,Form Online,41,9.1,2,Ya,Sesuai SLA,5
TIK02791,2026-03-09,Senin,11:00,Laboratorium,Sistem Akademik,Sedang,WhatsApp,21,9.4,1,Tidak,Sesuai SLA,3
TIK02792,2026-03-09,Senin,11:00,Akademik,Akun/Login,Rendah,Form Online,74,5.7,1,Ya,Sesuai SLA,4
TIK02793,2026-03-09,Senin,11:10,Keuangan,Sistem Akademik,Tinggi,Email,59,13.0,2,Tidak,Lewat SLA,3
TIK02794,2026-03-09,Senin,11:15,Laboratorium,Internet/WiFi,Tinggi,Datang Langsung,12,8.4,2,Tidak,Lewat SLA,3
TIK02795,2026-03-09,Senin,11:40,Laboratorium,Sistem Akademik,Rendah,WhatsApp,41,13.6,1,Ya,Sesuai SLA,5
TIK02796,2026-03-09,Senin,11:45,Keuangan,Komputer/Laptop,Rendah,Email,85,7.2,1,Tidak,Sesuai SLA,4
TIK02797,2026-03-09,Senin,11:45,Keuangan,Sistem Akademik,Rendah,WhatsApp,57,11.4,1,Tidak,Sesuai SLA,3
TIK02798,2026-03-09,Senin,11:50,Umum,Sistem Akademik,Sedang,WhatsApp,20,12.8,2,Ya,Lewat SLA,4
TIK02799,2026-03-09,Senin,12:00,Kemahasiswaan,Komputer/Laptop,Rendah,Form Online,60,4.7,1,Tidak,Sesuai SLA,4
TIK02800,2026-03-09,Senin,12:05,Umum,Internet/WiFi,Rendah,Datang Langsung,66,6.5,1,Tidak,Sesuai SLA,4
TIK02801,2026-03-09,Senin,12:20,Perpustakaan,Sistem Akademik,Rendah,Form Online,92,8.7,1,Tidak,Sesuai SLA,4
TIK02802,2026-03-09,Senin,12:25,Laboratorium,Internet/WiFi,Sedang,Email,64,10.8,1,Ya,Lewat SLA,4
TIK02803,2026-03-09,Senin,12:30,Keuangan,Printer,Sedang,Form Online,51,2.7,1,Tidak,Sesuai SLA,4
TIK02804,2026-03-09,Senin,12:30,Akademik,Sistem Akademik,Rendah,WhatsApp,52,8.6,1,Tidak,Sesuai SLA,4
TIK02805,2026-03-09,Senin,12:30,Laboratorium,Internet/WiFi,Tinggi,WhatsApp,29,8.4,2,Tidak,Lewat SLA,4
TIK02806,2026-03-09,Senin,12:35,Program Studi,Sistem Akademik,Sedang,Form Online,50,10.3,1,Tidak,Lewat SLA,3
TIK02807,2026-03-09,Senin,12:50,Akademik,Akun/Login,Sedang,WhatsApp,33,5.2,1,Tidak,Sesuai SLA,5
TIK02808,2026-03-09,Senin,13:20,Keuangan,Sistem Akademik,Sedang,WhatsApp,22,11.7,2,Tidak,Lewat SLA,4
TIK02809,2026-03-09,Senin,13:30,Program Studi,Akun/Login,Rendah,Email,78,3.6,1,Tidak,Sesuai SLA,4
TIK02810,2026-03-09,Senin,14:25,Laboratorium,Printer,Rendah,Email,91,5.7,2,Tidak,Sesuai SLA,4
TIK02811,2026-03-09,Senin,14:50,Kemahasiswaan,Printer,Sedang,WhatsApp,29,3.9,1,Tidak,Sesuai SLA,5
TIK02812,2026-03-09,Senin,16:05,Perpustakaan,Sistem Akademik,Tinggi,WhatsApp,17,14.1,2,Ya,Lewat SLA,3
TIK02813,2026-03-10,Selasa,07:05,Umum,Internet/WiFi,Sedang,Email,73,8.5,1,Tidak,Sesuai SLA,5
TIK02814,2026-03-10,Selasa,07:35,Kemahasiswaan,Sistem Akademik,Sedang,Form Online,51,12.1,2,Tidak,Lewat SLA,3
TIK02815,2026-03-10,Selasa,07:40,Umum,Internet/WiFi,Sedang,Form Online,59,6.0,1,Tidak,Sesuai SLA,4
TIK02816,2026-03-10,Selasa,07:50,Umum,Akun/Login,Sedang,WhatsApp,74,5.2,1,Tidak,Sesuai SLA,4
TIK02817,2026-03-10,Selasa,07:55,Laboratorium,Komputer/Laptop,Sedang,Form Online,60,9.2,2,Tidak,Sesuai SLA,4
TIK02818,2026-03-10,Selasa,08:00,Program Studi,Printer,Rendah,Datang Langsung,30,3.6,1,Tidak,Sesuai SLA,4
TIK02819,2026-03-10,Selasa,08:05,Keuangan,Internet/WiFi,Sedang,Email,105,13.9,1,Ya,Lewat SLA,2
TIK02820,2026-03-10,Selasa,08:30,Perpustakaan,Akun/Login,Rendah,Form Online,53,3.3,1,Tidak,Sesuai SLA,4
TIK02821,2026-03-10,Selasa,08:35,Keuangan,Internet/WiFi,Tinggi,Form Online,44,10.9,2,Ya,Lewat SLA,2
TIK02822,2026-03-10,Selasa,08:35,Program Studi,Internet/WiFi,Tinggi,Email,67,11.5,2,Tidak,Lewat SLA,2
TIK02823,2026-03-10,Selasa,08:45,Akademik,Printer,Tinggi,WhatsApp,35,8.0,3,Ya,Lewat SLA,3
TIK02824,2026-03-10,Selasa,09:00,Keuangan,Sistem Akademik,Tinggi,Datang Langsung,36,11.7,1,Ya,Lewat SLA,3
TIK02825,2026-03-10,Selasa,09:20,Program Studi,Komputer/Laptop,Tinggi,WhatsApp,22,9.7,1,Tidak,Lewat SLA,2
TIK02826,2026-03-10,Selasa,09:45,Akademik,Internet/WiFi,Tinggi,WhatsApp,18,8.9,1,Tidak,Lewat SLA,3
TIK02827,2026-03-10,Selasa,09:45,Program Studi,Printer,Rendah,WhatsApp,40,8.5,2,Tidak,Sesuai SLA,4
TIK02828,2026-03-10,Selasa,09:50,Keuangan,Akun/Login,Rendah,WhatsApp,39,3.1,2,Tidak,Sesuai SLA,4
TIK02829,2026-03-10,Selasa,10:15,Keuangan,Internet/WiFi,Sedang,Form Online,61,6.0,1,Tidak,Sesuai SLA,4
TIK02830,2026-03-10,Selasa,10:20,Program Studi,Printer,Rendah,WhatsApp,38,2.4,2,Tidak,Sesuai SLA,4
TIK02831,2026-03-10,Selasa,10:35,Akademik,Printer,Rendah,WhatsApp,55,5.8,1,Tidak,Sesuai SLA,3
TIK02832,2026-03-10,Selasa,10:45,Akademik,Sistem Akademik,Rendah,WhatsApp,51,19.5,2,Tidak,Lewat SLA,3
TIK02833,2026-03-10,Selasa,10:50,Akademik,Internet/WiFi,Tinggi,Email,59,12.2,1,Ya,Lewat SLA,3
TIK02834,2026-03-10,Selasa,10:50,Keuangan,Sistem Akademik,Rendah,WhatsApp,38,9.8,1,Tidak,Sesuai SLA,4
TIK02835,2026-03-10,Selasa,11:00,Program Studi,Internet/WiFi,Sedang,Email,59,11.2,2,Tidak,Lewat SLA,3
TIK02836,2026-03-10,Selasa,11:00,Laboratorium,Akun/Login,Rendah,Form Online,71,5.7,1,Tidak,Sesuai SLA,4
TIK02837,2026-03-10,Selasa,11:15,Program Studi,Printer,Rendah,Email,76,6.6,1,Tidak,Sesuai SLA,3
TIK02838,2026-03-10,Selasa,11:25,Akademik,Akun/Login,Rendah,Form Online,88,1.5,1,Tidak,Sesuai SLA,5
TIK02839,2026-03-10,Selasa,11:25,Umum,Sistem Akademik,Tinggi,WhatsApp,17,13.7,1,Tidak,Lewat SLA,3
TIK02840,2026-03-10,Selasa,11:35,Laboratorium,Komputer/Laptop,Rendah,Email,95,6.9,1,Tidak,Sesuai SLA,4
TIK02841,2026-03-10,Selasa,11:40,Program Studi,Komputer/Laptop,Sedang,Form Online,44,5.5,1,Tidak,Sesuai SLA,4
TIK02842,2026-03-10,Selasa,12:10,Keuangan,Sistem Akademik,Sedang,WhatsApp,36,12.4,1,Ya,Lewat SLA,4
TIK02843,2026-03-10,Selasa,12:15,Kemahasiswaan,Akun/Login,Rendah,Email,167,4.2,1,Tidak,Sesuai SLA,4
TIK02844,2026-03-10,Selasa,12:15,Akademik,Printer,Rendah,WhatsApp,41,2.7,2,Tidak,Sesuai SLA,5
TIK02845,2026-03-10,Selasa,12:35,Kemahasiswaan,Komputer/Laptop,Sedang,Form Online,43,6.4,1,Tidak,Sesuai SLA,5
TIK02846,2026-03-10,Selasa,12:35,Program Studi,Internet/WiFi,Sedang,WhatsApp,23,10.1,1,Ya,Lewat SLA,3
TIK02847,2026-03-10,Selasa,12:55,Program Studi,Akun/Login,Rendah,WhatsApp,46,5.5,2,Tidak,Sesuai SLA,5
TIK02848,2026-03-10,Selasa,13:10,Program Studi,Printer,Tinggi,WhatsApp,34,4.3,3,Tidak,Sesuai SLA,5
TIK02849,2026-03-10,Selasa,13:20,Kemahasiswaan,Komputer/Laptop,Rendah,WhatsApp,38,7.9,1,Tidak,Sesuai SLA,4
TIK02850,2026-03-10,Selasa,13:25,Akademik,Komputer/Laptop,Sedang,WhatsApp,36,5.0,2,Tidak,Sesuai SLA,5
TIK02851,2026-03-10,Selasa,13:25,Program Studi,Internet/WiFi,Rendah,Form Online,75,9.0,1,Ya,Sesuai SLA,5
TIK02852,2026-03-10,Selasa,13:35,Kemahasiswaan,Sistem Akademik,Rendah,Datang Langsung,27,11.2,2,Ya,Sesuai SLA,4
TIK02853,2026-03-10,Selasa,13:40,Perpustakaan,Komputer/Laptop,Rendah,Datang Langsung,58,5.8,2,Tidak,Sesuai SLA,5
TIK02854,2026-03-10,Selasa,13:45,Keuangan,Akun/Login,Rendah,Email,76,4.2,1,Tidak,Sesuai SLA,4
TIK02855,2026-03-10,Selasa,13:50,Perpustakaan,Proyektor,Rendah,Email,85,7.5,2,Tidak,Sesuai SLA,4
TIK02856,2026-03-10,Selasa,14:25,Kemahasiswaan,Akun/Login,Rendah,WhatsApp,72,1.8,1,Tidak,Sesuai SLA,4
TIK02857,2026-03-10,Selasa,17:25,Akademik,Proyektor,Rendah,Email,97,7.6,1,Ya,Sesuai SLA,4
TIK02858,2026-03-11,Rabu,07:30,Laboratorium,Proyektor,Rendah,WhatsApp,84,2.2,1,Tidak,Sesuai SLA,3
TIK02859,2026-03-11,Rabu,07:50,Laboratorium,Proyektor,Rendah,Email,84,4.3,1,Tidak,Sesuai SLA,2
TIK02860,2026-03-11,Rabu,08:00,Laboratorium,Internet/WiFi,Sedang,WhatsApp,46,6.3,2,Tidak,Sesuai SLA,5
TIK02861,2026-03-11,Rabu,08:00,Program Studi,Sistem Akademik,Rendah,Form Online,54,7.7,1,Tidak,Sesuai SLA,5
TIK02862,2026-03-11,Rabu,08:00,Program Studi,Akun/Login,Rendah,Datang Langsung,30,0.6,1,Tidak,Sesuai SLA,5
TIK02863,2026-03-11,Rabu,08:20,Keuangan,Komputer/Laptop,Rendah,WhatsApp,38,4.5,1,Tidak,Sesuai SLA,4
TIK02864,2026-03-11,Rabu,08:40,Kemahasiswaan,Printer,Rendah,Email,78,8.9,1,Tidak,Sesuai SLA,3
TIK02865,2026-03-11,Rabu,08:40,Program Studi,Sistem Akademik,Sedang,WhatsApp,24,7.3,1,Tidak,Sesuai SLA,4
TIK02866,2026-03-11,Rabu,08:50,Kemahasiswaan,Sistem Akademik,Sedang,Datang Langsung,22,10.3,2,Tidak,Lewat SLA,3
TIK02867,2026-03-11,Rabu,08:55,Program Studi,Sistem Akademik,Rendah,Email,90,8.7,1,Tidak,Sesuai SLA,4
TIK02868,2026-03-11,Rabu,09:10,Akademik,Internet/WiFi,Sedang,WhatsApp,33,7.5,1,Tidak,Sesuai SLA,4
TIK02869,2026-03-11,Rabu,09:20,Program Studi,Sistem Akademik,Rendah,Email,78,12.4,1,Ya,Sesuai SLA,3
TIK02870,2026-03-11,Rabu,09:20,Perpustakaan,Komputer/Laptop,Sedang,Email,67,7.3,1,Tidak,Sesuai SLA,4
TIK02871,2026-03-11,Rabu,09:25,Program Studi,Komputer/Laptop,Tinggi,Datang Langsung,23,6.8,2,Tidak,Lewat SLA,4
TIK02872,2026-03-11,Rabu,09:30,Akademik,Sistem Akademik,Rendah,Form Online,52,9.1,1,Ya,Sesuai SLA,3
TIK02873,2026-03-11,Rabu,09:35,Keuangan,Internet/WiFi,Tinggi,Form Online,65,7.5,1,Tidak,Lewat SLA,2
TIK02874,2026-03-11,Rabu,09:40,Laboratorium,Komputer/Laptop,Tinggi,Form Online,40,8.0,1,Tidak,Lewat SLA,4
TIK02875,2026-03-11,Rabu,09:40,Program Studi,Sistem Akademik,Rendah,Form Online,56,8.6,1,Tidak,Sesuai SLA,4
TIK02876,2026-03-11,Rabu,09:40,Program Studi,Komputer/Laptop,Rendah,WhatsApp,69,4.4,2,Tidak,Sesuai SLA,4
TIK02877,2026-03-11,Rabu,10:00,Laboratorium,Sistem Akademik,Rendah,Email,69,11.1,1,Ya,Sesuai SLA,3
TIK02878,2026-03-11,Rabu,10:20,Keuangan,Akun/Login,Rendah,WhatsApp,37,1.3,1,Tidak,Sesuai SLA,5
TIK02879,2026-03-11,Rabu,10:45,Laboratorium,Printer,Sedang,Datang Langsung,61,5.7,1,Tidak,Sesuai SLA,5
TIK02880,2026-03-11,Rabu,11:00,Laboratorium,Proyektor,Sedang,Email,83,4.6,1,Tidak,Sesuai SLA,5
TIK02881,2026-03-11,Rabu,11:05,Laboratorium,Printer,Rendah,Email,97,5.2,1,Tidak,Sesuai SLA,4
TIK02882,2026-03-11,Rabu,11:15,Laboratorium,Internet/WiFi,Tinggi,Email,61,9.4,2,Tidak,Lewat SLA,3
TIK02883,2026-03-11,Rabu,11:30,Keuangan,Akun/Login,Rendah,Datang Langsung,48,1.2,1,Tidak,Sesuai SLA,5
TIK02884,2026-03-11,Rabu,11:50,Laboratorium,Komputer/Laptop,Tinggi,Email,59,7.6,3,Tidak,Lewat SLA,3
TIK02885,2026-03-11,Rabu,12:00,Keuangan,Internet/WiFi,Rendah,Datang Langsung,36,11.4,1,Ya,Sesuai SLA,4
TIK02886,2026-03-11,Rabu,12:55,Program Studi,Printer,Rendah,WhatsApp,67,5.3,1,Tidak,Sesuai SLA,3
TIK02887,2026-03-11,Rabu,13:00,Umum,Komputer/Laptop,Rendah,Email,79,9.3,1,Tidak,Sesuai SLA,4
TIK02888,2026-03-11,Rabu,13:15,Akademik,Komputer/Laptop,Rendah,WhatsApp,54,4.8,2,Tidak,Sesuai SLA,5
TIK02889,2026-03-11,Rabu,13:30,Laboratorium,Akun/Login,Sedang,WhatsApp,38,3.4,2,Tidak,Sesuai SLA,5
TIK02890,2026-03-11,Rabu,13:35,Perpustakaan,Sistem Akademik,Sedang,WhatsApp,34,12.7,1,Tidak,Lewat SLA,3
TIK02891,2026-03-11,Rabu,13:45,Perpustakaan,Sistem Akademik,Sedang,WhatsApp,23,7.4,1,Tidak,Sesuai SLA,4
TIK02892,2026-03-11,Rabu,13:55,Program Studi,Sistem Akademik,Tinggi,Email,58,12.8,2,Ya,Lewat SLA,3
TIK02893,2026-03-11,Rabu,13:55,Program Studi,Komputer/Laptop,Rendah,WhatsApp,43,4.7,1,Tidak,Sesuai SLA,4
TIK02894,2026-03-11,Rabu,13:55,Program Studi,Internet/WiFi,Rendah,WhatsApp,39,8.7,1,Tidak,Sesuai SLA,5
TIK02895,2026-03-11,Rabu,13:55,Umum,Sistem Akademik,Sedang,WhatsApp,50,11.8,1,Ya,Lewat SLA,3
TIK02896,2026-03-11,Rabu,14:00,Umum,Akun/Login,Rendah,Form Online,88,2.2,1,Tidak,Sesuai SLA,5
TIK02897,2026-03-11,Rabu,14:15,Program Studi,Akun/Login,Rendah,WhatsApp,43,4.5,2,Tidak,Sesuai SLA,5
TIK02898,2026-03-11,Rabu,14:50,Program Studi,Internet/WiFi,Sedang,WhatsApp,50,8.1,2,Tidak,Sesuai SLA,5
TIK02899,2026-03-11,Rabu,15:25,Program Studi,Printer,Sedang,Datang Langsung,31,6.1,1,Ya,Sesuai SLA,4
TIK02900,2026-03-11,Rabu,15:40,Keuangan,Sistem Akademik,Sedang,Form Online,69,8.7,1,Tidak,Sesuai SLA,4
TIK02901,2026-03-11,Rabu,16:15,Akademik,Akun/Login,Rendah,Datang Langsung,87,4.1,2,Tidak,Sesuai SLA,5
TIK02902,2026-03-11,Rabu,16:25,Laboratorium,Akun/Login,Rendah,Email,69,4.0,1,Tidak,Sesuai SLA,4
TIK02903,2026-03-12,Kamis,07:45,Kemahasiswaan,Akun/Login,Rendah,Form Online,69,1.9,1,Tidak,Sesuai SLA,4
TIK02904,2026-03-12,Kamis,08:35,Kemahasiswaan,Sistem Akademik,Tinggi,WhatsApp,40,13.5,3,Ya,Lewat SLA,3
TIK02905,2026-03-12,Kamis,08:55,Program Studi,Akun/Login,Sedang,Form Online,53,4.6,2,Tidak,Sesuai SLA,5
TIK02906,2026-03-12,Kamis,09:15,Akademik,Sistem Akademik,Rendah,Email,107,13.6,2,Ya,Sesuai SLA,3
TIK02907,2026-03-12,Kamis,09:30,Perpustakaan,Printer,Rendah,Email,68,9.9,2,Tidak,Sesuai SLA,5
TIK02908,2026-03-12,Kamis,09:35,Kemahasiswaan,Akun/Login,Rendah,WhatsApp,45,2.5,1,Tidak,Sesuai SLA,5
TIK02909,2026-03-12,Kamis,09:45,Laboratorium,Printer,Sedang,Form Online,55,2.9,2,Tidak,Sesuai SLA,4
TIK02910,2026-03-12,Kamis,09:55,Akademik,Sistem Akademik,Rendah,Email,75,9.6,1,Tidak,Sesuai SLA,4
TIK02911,2026-03-12,Kamis,09:55,Laboratorium,Sistem Akademik,Sedang,Form Online,49,8.5,2,Tidak,Sesuai SLA,4
TIK02912,2026-03-12,Kamis,10:05,Kemahasiswaan,Printer,Rendah,Email,83,9.1,1,Tidak,Sesuai SLA,5
TIK02913,2026-03-12,Kamis,10:05,Laboratorium,Sistem Akademik,Rendah,WhatsApp,34,13.7,1,Ya,Sesuai SLA,3
TIK02914,2026-03-12,Kamis,10:10,Kemahasiswaan,Printer,Rendah,Form Online,53,2.8,1,Tidak,Sesuai SLA,5
TIK02915,2026-03-12,Kamis,10:15,Akademik,Sistem Akademik,Rendah,Form Online,78,13.7,1,Ya,Sesuai SLA,3
TIK02916,2026-03-12,Kamis,10:30,Laboratorium,Akun/Login,Rendah,Email,92,3.5,1,Tidak,Sesuai SLA,5
TIK02917,2026-03-12,Kamis,10:35,Perpustakaan,Proyektor,Rendah,WhatsApp,37,3.0,1,Tidak,Sesuai SLA,4
TIK02918,2026-03-12,Kamis,10:35,Perpustakaan,Komputer/Laptop,Rendah,WhatsApp,74,7.2,1,Tidak,Sesuai SLA,4
TIK02919,2026-03-12,Kamis,10:40,Laboratorium,Internet/WiFi,Rendah,WhatsApp,51,7.3,1,Tidak,Sesuai SLA,3
TIK02920,2026-03-12,Kamis,10:45,Akademik,Komputer/Laptop,Rendah,Datang Langsung,28,4.2,1,Tidak,Sesuai SLA,4
TIK02921,2026-03-12,Kamis,11:15,Laboratorium,Komputer/Laptop,Sedang,WhatsApp,60,6.7,1,Ya,Sesuai SLA,3
TIK02922,2026-03-12,Kamis,11:30,Akademik,Akun/Login,Rendah,WhatsApp,52,3.1,1,Tidak,Sesuai SLA,5
TIK02923,2026-03-12,Kamis,11:40,Laboratorium,Proyektor,Rendah,WhatsApp,50,2.2,2,Tidak,Sesuai SLA,4
TIK02924,2026-03-12,Kamis,11:45,Program Studi,Internet/WiFi,Tinggi,WhatsApp,21,9.1,2,Tidak,Lewat SLA,3
TIK02925,2026-03-12,Kamis,12:20,Akademik,Komputer/Laptop,Rendah,WhatsApp,52,5.2,1,Tidak,Sesuai SLA,4
TIK02926,2026-03-12,Kamis,12:30,Laboratorium,Printer,Rendah,WhatsApp,51,6.8,1,Tidak,Sesuai SLA,5
TIK02927,2026-03-12,Kamis,12:35,Laboratorium,Printer,Sedang,Form Online,49,6.2,1,Tidak,Sesuai SLA,5
TIK02928,2026-03-12,Kamis,12:40,Keuangan,Akun/Login,Sedang,Email,59,6.1,2,Ya,Sesuai SLA,4
TIK02929,2026-03-12,Kamis,12:45,Laboratorium,Internet/WiFi,Sedang,Form Online,45,11.0,1,Tidak,Lewat SLA,4
TIK02930,2026-03-12,Kamis,12:55,Akademik,Printer,Sedang,Form Online,40,3.3,1,Tidak,Sesuai SLA,5
TIK02931,2026-03-12,Kamis,13:15,Akademik,Akun/Login,Rendah,Form Online,71,2.5,1,Tidak,Sesuai SLA,4
TIK02932,2026-03-12,Kamis,13:35,Keuangan,Internet/WiFi,Rendah,Form Online,69,6.8,2,Tidak,Sesuai SLA,4
TIK02933,2026-03-12,Kamis,15:05,Program Studi,Internet/WiFi,Rendah,Email,73,7.4,1,Tidak,Sesuai SLA,4
TIK02934,2026-03-12,Kamis,15:25,Perpustakaan,Akun/Login,Rendah,Form Online,66,3.7,1,Tidak,Sesuai SLA,5
TIK02935,2026-03-12,Kamis,17:55,Kemahasiswaan,Internet/WiFi,Rendah,WhatsApp,43,5.9,1,Tidak,Sesuai SLA,4
TIK02936,2026-03-13,Jumat,07:50,Perpustakaan,Komputer/Laptop,Rendah,WhatsApp,32,5.2,1,Tidak,Sesuai SLA,4
TIK02937,2026-03-13,Jumat,07:50,Akademik,Komputer/Laptop,Rendah,Email,82,5.6,1,Tidak,Sesuai SLA,4
TIK02938,2026-03-13,Jumat,08:40,Akademik,Internet/WiFi,Rendah,Form Online,71,7.1,1,Tidak,Sesuai SLA,3
TIK02939,2026-03-13,Jumat,09:20,Perpustakaan,Akun/Login,Sedang,Datang Langsung,23,1.3,1,Tidak,Sesuai SLA,5
TIK02940,2026-03-13,Jumat,09:30,Keuangan,Komputer/Laptop,Sedang,WhatsApp,60,8.2,1,Ya,Sesuai SLA,4
TIK02941,2026-03-13,Jumat,09:30,Akademik,Sistem Akademik,Rendah,WhatsApp,51,7.6,1,Tidak,Sesuai SLA,5
TIK02942,2026-03-13,Jumat,09:55,Akademik,Akun/Login,Sedang,Form Online,51,3.3,1,Tidak,Sesuai SLA,5
TIK02943,2026-03-13,Jumat,10:00,Keuangan,Sistem Akademik,Sedang,Email,56,10.6,1,Tidak,Lewat SLA,3
TIK02944,2026-03-13,Jumat,10:05,Kemahasiswaan,Internet/WiFi,Sedang,Email,58,11.6,1,Ya,Lewat SLA,2
TIK02945,2026-03-13,Jumat,10:35,Kemahasiswaan,Komputer/Laptop,Rendah,WhatsApp,49,9.8,1,Tidak,Sesuai SLA,4
TIK02946,2026-03-13,Jumat,10:35,Akademik,Printer,Sedang,Email,70,7.6,2,Tidak,Sesuai SLA,4
TIK02947,2026-03-13,Jumat,10:35,Keuangan,Printer,Rendah,WhatsApp,36,4.2,1,Tidak,Sesuai SLA,5
TIK02948,2026-03-13,Jumat,11:05,Laboratorium,Sistem Akademik,Rendah,WhatsApp,40,10.8,1,Ya,Sesuai SLA,4
TIK02949,2026-03-13,Jumat,11:10,Kemahasiswaan,Internet/WiFi,Rendah,WhatsApp,44,6.5,1,Tidak,Sesuai SLA,5
TIK02950,2026-03-13,Jumat,11:25,Keuangan,Printer,Rendah,WhatsApp,77,2.9,1,Tidak,Sesuai SLA,4
TIK02951,2026-03-13,Jumat,11:30,Laboratorium,Internet/WiFi,Sedang,Datang Langsung,19,6.5,1,Tidak,Sesuai SLA,5
TIK02952,2026-03-13,Jumat,11:35,Umum,Sistem Akademik,Rendah,Form Online,49,7.8,1,Tidak,Sesuai SLA,4
TIK02953,2026-03-13,Jumat,11:35,Keuangan,Sistem Akademik,Rendah,Email,69,8.1,1,Tidak,Sesuai SLA,4
TIK02954,2026-03-13,Jumat,11:40,Akademik,Sistem Akademik,Sedang,WhatsApp,35,7.8,1,Tidak,Sesuai SLA,4
TIK02955,2026-03-13,Jumat,11:50,Keuangan,Sistem Akademik,Rendah,Email,95,13.2,1,Ya,Sesuai SLA,3
TIK02956,2026-03-13,Jumat,12:05,Laboratorium,Komputer/Laptop,Tinggi,Form Online,31,6.4,3,Tidak,Lewat SLA,4
TIK02957,2026-03-13,Jumat,12:10,Umum,Sistem Akademik,Sedang,Email,93,11.1,2,Ya,Lewat SLA,3
TIK02958,2026-03-13,Jumat,12:10,Kemahasiswaan,Internet/WiFi,Tinggi,WhatsApp,43,10.0,3,Ya,Lewat SLA,2
TIK02959,2026-03-13,Jumat,12:20,Laboratorium,Internet/WiFi,Sedang,WhatsApp,74,6.8,2,Tidak,Sesuai SLA,3
TIK02960,2026-03-13,Jumat,12:45,Perpustakaan,Printer,Rendah,WhatsApp,53,5.1,1,Tidak,Sesuai SLA,4
TIK02961,2026-03-13,Jumat,12:45,Kemahasiswaan,Komputer/Laptop,Sedang,Datang Langsung,19,4.3,1,Tidak,Sesuai SLA,5
TIK02962,2026-03-13,Jumat,12:45,Laboratorium,Internet/WiFi,Tinggi,Form Online,56,7.5,1,Tidak,Lewat SLA,3
TIK02963,2026-03-13,Jumat,12:50,Keuangan,Sistem Akademik,Sedang,Form Online,48,10.4,1,Ya,Lewat SLA,3
TIK02964,2026-03-13,Jumat,12:55,Akademik,Printer,Sedang,Form Online,55,3.2,2,Tidak,Sesuai SLA,4
TIK02965,2026-03-13,Jumat,13:00,Laboratorium,Akun/Login,Sedang,Form Online,44,4.4,1,Tidak,Sesuai SLA,5
TIK02966,2026-03-13,Jumat,13:05,Kemahasiswaan,Internet/WiFi,Rendah,Form Online,66,5.9,1,Tidak,Sesuai SLA,4
TIK02967,2026-03-13,Jumat,13:15,Perpustakaan,Printer,Tinggi,WhatsApp,15,4.0,2,Tidak,Sesuai SLA,5
TIK02968,2026-03-13,Jumat,13:40,Keuangan,Proyektor,Rendah,WhatsApp,42,3.2,1,Tidak,Sesuai SLA,5
TIK02969,2026-03-13,Jumat,13:45,Umum,Komputer/Laptop,Tinggi,Form Online,48,7.5,2,Tidak,Lewat SLA,2
TIK02970,2026-03-13,Jumat,14:20,Program Studi,Internet/WiFi,Sedang,Form Online,53,8.3,1,Tidak,Sesuai SLA,4
TIK02971,2026-03-13,Jumat,14:55,Kemahasiswaan,Komputer/Laptop,Rendah,Email,85,9.1,1,Tidak,Sesuai SLA,4
TIK02972,2026-03-13,Jumat,15:10,Laboratorium,Sistem Akademik,Sedang,Datang Langsung,62,11.9,2,Ya,Lewat SLA,2
TIK02973,2026-03-13,Jumat,15:30,Akademik,Printer,Rendah,WhatsApp,31,7.7,1,Ya,Sesuai SLA,5
TIK02974,2026-03-13,Jumat,15:45,Akademik,Internet/WiFi,Sedang,Form Online,68,10.5,1,Ya,Lewat SLA,3
TIK02975,2026-03-13,Jumat,17:45,Keuangan,Komputer/Laptop,Rendah,Email,88,6.3,1,Tidak,Sesuai SLA,4
TIK02976,2026-03-14,Sabtu,07:00,Umum,Proyektor,Sedang,Form Online,57,2.7,1,Tidak,Sesuai SLA,5
TIK02977,2026-03-14,Sabtu,07:05,Akademik,Sistem Akademik,Sedang,WhatsApp,35,9.5,1,Ya,Sesuai SLA,4
TIK02978,2026-03-14,Sabtu,07:05,Keuangan,Internet/WiFi,Tinggi,WhatsApp,24,10.2,1,Ya,Lewat SLA,3
TIK02979,2026-03-14,Sabtu,07:25,Akademik,Internet/WiFi,Tinggi,Form Online,42,9.2,2,Tidak,Lewat SLA,3
TIK02980,2026-03-14,Sabtu,07:35,Program Studi,Sistem Akademik,Rendah,WhatsApp,45,10.8,1,Ya,Sesuai SLA,5
TIK02981,2026-03-14,Sabtu,07:40,Laboratorium,Sistem Akademik,Tinggi,Form Online,53,13.2,2,Ya,Lewat SLA,3
TIK02982,2026-03-14,Sabtu,08:00,Akademik,Sistem Akademik,Tinggi,Email,53,12.9,1,Ya,Lewat SLA,1
TIK02983,2026-03-14,Sabtu,08:00,Umum,Akun/Login,Rendah,Form Online,76,3.3,2,Tidak,Sesuai SLA,4
TIK02984,2026-03-14,Sabtu,08:10,Kemahasiswaan,Sistem Akademik,Rendah,Datang Langsung,64,11.3,2,Ya,Sesuai SLA,3
TIK02985,2026-03-14,Sabtu,08:15,Keuangan,Internet/WiFi,Rendah,WhatsApp,62,7.8,2,Tidak,Sesuai SLA,5
TIK02986,2026-03-14,Sabtu,08:40,Program Studi,Sistem Akademik,Sedang,Form Online,47,11.2,2,Tidak,Lewat SLA,4
TIK02987,2026-03-14,Sabtu,09:20,Laboratorium,Printer,Tinggi,Form Online,52,5.2,1,Tidak,Sesuai SLA,4
TIK02988,2026-03-14,Sabtu,09:25,Keuangan,Akun/Login,Rendah,Email,88,4.1,1,Tidak,Sesuai SLA,4
TIK02989,2026-03-14,Sabtu,09:55,Akademik,Internet/WiFi,Rendah,WhatsApp,55,5.5,1,Tidak,Sesuai SLA,5
TIK02990,2026-03-14,Sabtu,10:00,Akademik,Printer,Rendah,Email,108,3.6,2,Tidak,Sesuai SLA,4
TIK02991,2026-03-14,Sabtu,10:35,Program Studi,Sistem Akademik,Sedang,Form Online,72,9.9,1,Ya,Sesuai SLA,3
TIK02992,2026-03-14,Sabtu,10:35,Umum,Internet/WiFi,Tinggi,Form Online,64,13.7,1,Tidak,Lewat SLA,3
TIK02993,2026-03-14,Sabtu,10:50,Program Studi,Printer,Rendah,Form Online,55,2.7,1,Tidak,Sesuai SLA,4
TIK02994,2026-03-14,Sabtu,10:55,Umum,Komputer/Laptop,Tinggi,Form Online,49,7.2,2,Tidak,Lewat SLA,4
TIK02995,2026-03-14,Sabtu,10:55,Laboratorium,Sistem Akademik,Tinggi,Form Online,63,9.4,2,Tidak,Lewat SLA,2
TIK02996,2026-03-14,Sabtu,11:05,Keuangan,Internet/WiFi,Sedang,WhatsApp,25,9.7,1,Tidak,Sesuai SLA,4
TIK02997,2026-03-14,Sabtu,11:15,Kemahasiswaan,Internet/WiFi,Rendah,Datang Langsung,50,5.8,1,Tidak,Sesuai SLA,4
TIK02998,2026-03-14,Sabtu,11:25,Keuangan,Sistem Akademik,Sedang,Form Online,44,7.2,1,Tidak,Sesuai SLA,4
TIK02999,2026-03-14,Sabtu,11:35,Kemahasiswaan,Komputer/Laptop,Rendah,Form Online,85,7.8,2,Tidak,Sesuai SLA,4
TIK03000,2026-03-14,Sabtu,11:40,Perpustakaan,Akun/Login,Sedang,Email,73,6.0,1,Tidak,Sesuai SLA,4
TIK03001,2026-03-14,Sabtu,11:50,Program Studi,Internet/WiFi,Sedang,WhatsApp,54,8.4,1,Tidak,Sesuai SLA,4
TIK03002,2026-03-14,Sabtu,11:50,Keuangan,Sistem Akademik,Rendah,Email,77,8.0,2,Tidak,Sesuai SLA,4
TIK03003,2026-03-14,Sabtu,11:50,Laboratorium,Printer,Sedang,Email,63,5.1,1,Tidak,Sesuai SLA,5
TIK03004,2026-03-14,Sabtu,11:50,Akademik,Akun/Login,Rendah,Form Online,55,5.5,2,Tidak,Sesuai SLA,5
TIK03005,2026-03-14,Sabtu,11:55,Umum,Proyektor,Rendah,WhatsApp,69,2.3,1,Tidak,Sesuai SLA,5
TIK03006,2026-03-14,Sabtu,11:55,Akademik,Komputer/Laptop,Rendah,Form Online,86,6.2,1,Tidak,Sesuai SLA,4
TIK03007,2026-03-14,Sabtu,12:00,Laboratorium,Sistem Akademik,Rendah,WhatsApp,61,11.1,2,Ya,Sesuai SLA,4
TIK03008,2026-03-14,Sabtu,12:20,Akademik,Sistem Akademik,Rendah,WhatsApp,34,14.6,1,Ya,Sesuai SLA,4
TIK03009,2026-03-14,Sabtu,12:25,Laboratorium,Sistem Akademik,Sedang,WhatsApp,50,12.8,1,Ya,Lewat SLA,3
TIK03010,2026-03-14,Sabtu,12:35,Akademik,Akun/Login,Sedang,WhatsApp,39,3.7,2,Tidak,Sesuai SLA,5
TIK03011,2026-03-14,Sabtu,12:45,Program Studi,Internet/WiFi,Sedang,Form Online,40,11.0,1,Ya,Lewat SLA,3
TIK03012,2026-03-14,Sabtu,12:50,Laboratorium,Proyektor,Sedang,WhatsApp,42,2.6,1,Tidak,Sesuai SLA,5
TIK03013,2026-03-14,Sabtu,12:50,Akademik,Komputer/Laptop,Rendah,WhatsApp,57,5.9,2,Tidak,Sesuai SLA,4
TIK03014,2026-03-14,Sabtu,13:25,Program Studi,Proyektor,Sedang,WhatsApp,28,2.8,1,Tidak,Sesuai SLA,5
TIK03015,2026-03-14,Sabtu,13:35,Laboratorium,Sistem Akademik,Sedang,Form Online,60,10.9,1,Ya,Lewat SLA,3
TIK03016,2026-03-14,Sabtu,13:35,Akademik,Komputer/Laptop,Rendah,Form Online,95,5.6,1,Tidak,Sesuai SLA,3
TIK03017,2026-03-14,Sabtu,13:40,Akademik,Komputer/Laptop,Sedang,WhatsApp,33,7.7,1,Tidak,Sesuai SLA,5
TIK03018,2026-03-14,Sabtu,13:45,Akademik,Komputer/Laptop,Sedang,Form Online,42,5.8,2,Tidak,Sesuai SLA,4
TIK03019,2026-03-14,Sabtu,13:55,Keuangan,Akun/Login,Rendah,WhatsApp,34,3.6,2,Tidak,Sesuai SLA,4
TIK03020,2026-03-14,Sabtu,15:50,Kemahasiswaan,Internet/WiFi,Sedang,Form Online,42,10.8,1,Ya,Lewat SLA,3
TIK03021,2026-03-14,Sabtu,16:30,Keuangan,Internet/WiFi,Sedang,WhatsApp,46,5.8,1,Tidak,Sesuai SLA,4
TIK03022,2026-03-15,Minggu,07:05,Akademik,Akun/Login,Sedang,WhatsApp,31,2.3,1,Tidak,Sesuai SLA,4
TIK03023,2026-03-15,Minggu,07:10,Akademik,Komputer/Laptop,Sedang,Email,75,7.3,1,Tidak,Sesuai SLA,5
TIK03024,2026-03-15,Minggu,07:10,Program Studi,Akun/Login,Rendah,Form Online,59,4.5,1,Ya,Sesuai SLA,5
TIK03025,2026-03-15,Minggu,07:20,Laboratorium,Akun/Login,Sedang,WhatsApp,27,4.4,2,Tidak,Sesuai SLA,5
TIK03026,2026-03-15,Minggu,07:25,Kemahasiswaan,Sistem Akademik,Rendah,Form Online,79,10.4,1,Tidak,Sesuai SLA,4
TIK03027,2026-03-15,Minggu,07:25,Akademik,Komputer/Laptop,Rendah,Form Online,95,11.3,2,Ya,Sesuai SLA,3
TIK03028,2026-03-15,Minggu,08:00,Program Studi,Sistem Akademik,Sedang,WhatsApp,30,9.9,1,Ya,Sesuai SLA,4
TIK03029,2026-03-15,Minggu,08:00,Program Studi,Sistem Akademik,Rendah,Form Online,51,6.9,1,Tidak,Sesuai SLA,4
TIK03030,2026-03-15,Minggu,08:05,Perpustakaan,Sistem Akademik,Sedang,WhatsApp,75,10.0,2,Tidak,Sesuai SLA,4
TIK03031,2026-03-15,Minggu,08:35,Program Studi,Internet/WiFi,Rendah,WhatsApp,46,6.0,1,Tidak,Sesuai SLA,4
TIK03032,2026-03-15,Minggu,09:00,Akademik,Akun/Login,Rendah,Email,89,8.5,1,Tidak,Sesuai SLA,4
TIK03033,2026-03-15,Minggu,09:10,Perpustakaan,Internet/WiFi,Rendah,Datang Langsung,45,7.2,2,Tidak,Sesuai SLA,4
TIK03034,2026-03-15,Minggu,09:25,Kemahasiswaan,Proyektor,Rendah,Form Online,61,10.2,1,Ya,Sesuai SLA,4
TIK03035,2026-03-15,Minggu,09:35,Program Studi,Akun/Login,Rendah,WhatsApp,58,5.6,2,Ya,Sesuai SLA,4
TIK03036,2026-03-15,Minggu,09:45,Umum,Sistem Akademik,Rendah,Form Online,57,7.9,1,Tidak,Sesuai SLA,4
TIK03037,2026-03-15,Minggu,09:45,Akademik,Internet/WiFi,Rendah,WhatsApp,61,6.2,2,Tidak,Sesuai SLA,5
TIK03038,2026-03-15,Minggu,09:45,Umum,Sistem Akademik,Sedang,Email,72,14.9,2,Ya,Lewat SLA,3
TIK03039,2026-03-15,Minggu,09:50,Kemahasiswaan,Sistem Akademik,Sedang,Form Online,80,8.9,1,Tidak,Sesuai SLA,3
TIK03040,2026-03-15,Minggu,10:20,Keuangan,Internet/WiFi,Sedang,Email,63,14.0,1,Ya,Lewat SLA,3
TIK03041,2026-03-15,Minggu,10:30,Kemahasiswaan,Sistem Akademik,Rendah,Form Online,59,13.9,2,Tidak,Sesuai SLA,4
TIK03042,2026-03-15,Minggu,10:35,Program Studi,Akun/Login,Rendah,WhatsApp,40,4.5,2,Tidak,Sesuai SLA,5
TIK03043,2026-03-15,Minggu,10:50,Program Studi,Sistem Akademik,Tinggi,WhatsApp,30,10.2,1,Tidak,Lewat SLA,4
TIK03044,2026-03-15,Minggu,10:55,Kemahasiswaan,Komputer/Laptop,Rendah,WhatsApp,37,5.7,1,Tidak,Sesuai SLA,5
TIK03045,2026-03-15,Minggu,11:05,Kemahasiswaan,Akun/Login,Rendah,Email,90,5.4,1,Tidak,Sesuai SLA,3
TIK03046,2026-03-15,Minggu,11:25,Program Studi,Proyektor,Rendah,Datang Langsung,63,3.6,1,Ya,Sesuai SLA,4
TIK03047,2026-03-15,Minggu,11:30,Perpustakaan,Sistem Akademik,Rendah,WhatsApp,38,9.0,1,Tidak,Sesuai SLA,5
TIK03048,2026-03-15,Minggu,11:50,Akademik,Akun/Login,Rendah,Email,72,4.0,1,Tidak,Sesuai SLA,5
TIK03049,2026-03-15,Minggu,12:25,Kemahasiswaan,Komputer/Laptop,Sedang,WhatsApp,20,9.0,1,Tidak,Sesuai SLA,4
TIK03050,2026-03-15,Minggu,12:30,Umum,Akun/Login,Sedang,Form Online,51,3.1,1,Tidak,Sesuai SLA,4
TIK03051,2026-03-15,Minggu,12:35,Program Studi,Internet/WiFi,Sedang,Email,71,10.0,1,Ya,Sesuai SLA,3
TIK03052,2026-03-15,Minggu,12:35,Program Studi,Sistem Akademik,Rendah,WhatsApp,35,9.1,1,Ya,Sesuai SLA,4
TIK03053,2026-03-15,Minggu,12:50,Laboratorium,Akun/Login,Sedang,Email,78,3.7,1,Tidak,Sesuai SLA,4
TIK03054,2026-03-15,Minggu,13:00,Program Studi,Proyektor,Rendah,Datang Langsung,24,1.5,2,Tidak,Sesuai SLA,5
TIK03055,2026-03-15,Minggu,13:05,Keuangan,Akun/Login,Sedang,Email,66,3.7,1,Tidak,Sesuai SLA,5
TIK03056,2026-03-15,Minggu,13:20,Akademik,Internet/WiFi,Rendah,Form Online,55,7.0,2,Tidak,Sesuai SLA,4
TIK03057,2026-03-15,Minggu,14:15,Kemahasiswaan,Sistem Akademik,Rendah,WhatsApp,50,7.2,1,Tidak,Sesuai SLA,4
TIK03058,2026-03-15,Minggu,14:25,Laboratorium,Internet/WiFi,Sedang,Form Online,58,9.7,1,Tidak,Sesuai SLA,4
TIK03059,2026-03-15,Minggu,16:35,Laboratorium,Komputer/Laptop,Sedang,Datang Langsung,22,4.0,2,Tidak,Sesuai SLA,4
TIK03060,2026-03-15,Minggu,16:40,Laboratorium,Komputer/Laptop,Sedang,Email,61,6.5,2,Tidak,Sesuai SLA,5
TIK03061,2026-03-16,Senin,07:05,Akademik,Sistem Akademik,Sedang,WhatsApp,45,7.9,1,Tidak,Sesuai SLA,4
TIK03062,2026-03-16,Senin,07:30,Kemahasiswaan,Akun/Login,Rendah,Email,92,2.5,1,Tidak,Sesuai SLA,4
TIK03063,2026-03-16,Senin,07:35,Umum,Internet/WiFi,Sedang,Form Online,58,9.6,1,Tidak,Sesuai SLA,3
TIK03064,2026-03-16,Senin,07:40,Laboratorium,Printer,Rendah,Form Online,56,2.5,1,Tidak,Sesuai SLA,4
TIK03065,2026-03-16,Senin,07:40,Perpustakaan,Komputer/Laptop,Rendah,WhatsApp,42,5.8,1,Tidak,Sesuai SLA,5
TIK03066,2026-03-16,Senin,07:45,Laboratorium,Akun/Login,Rendah,Email,106,2.1,1,Tidak,Sesuai SLA,5
TIK03067,2026-03-16,Senin,07:45,Akademik,Akun/Login,Rendah,WhatsApp,37,2.7,2,Tidak,Sesuai SLA,5
TIK03068,2026-03-16,Senin,07:55,Keuangan,Akun/Login,Rendah,Datang Langsung,31,1.3,1,Tidak,Sesuai SLA,4
TIK03069,2026-03-16,Senin,08:25,Program Studi,Sistem Akademik,Sedang,Email,79,12.2,1,Ya,Lewat SLA,2
TIK03070,2026-03-16,Senin,08:25,Program Studi,Komputer/Laptop,Rendah,Form Online,49,5.4,2,Tidak,Sesuai SLA,4
TIK03071,2026-03-16,Senin,08:25,Laboratorium,Internet/WiFi,Rendah,WhatsApp,53,11.8,2,Ya,Sesuai SLA,3
TIK03072,2026-03-16,Senin,08:40,Laboratorium,Internet/WiFi,Rendah,Form Online,62,8.1,2,Tidak,Sesuai SLA,4
TIK03073,2026-03-16,Senin,09:00,Program Studi,Proyektor,Sedang,Email,84,11.7,1,Tidak,Lewat SLA,3
TIK03074,2026-03-16,Senin,09:15,Akademik,Internet/WiFi,Rendah,WhatsApp,50,11.3,1,Ya,Sesuai SLA,4
TIK03075,2026-03-16,Senin,09:35,Perpustakaan,Komputer/Laptop,Rendah,Email,90,6.4,1,Tidak,Sesuai SLA,4
TIK03076,2026-03-16,Senin,09:55,Keuangan,Proyektor,Sedang,WhatsApp,50,2.1,1,Tidak,Sesuai SLA,5
TIK03077,2026-03-16,Senin,10:05,Program Studi,Akun/Login,Rendah,Datang Langsung,57,3.9,2,Tidak,Sesuai SLA,5
TIK03078,2026-03-16,Senin,10:20,Akademik,Proyektor,Rendah,Form Online,56,4.4,1,Tidak,Sesuai SLA,5
TIK03079,2026-03-16,Senin,10:55,Laboratorium,Sistem Akademik,Sedang,WhatsApp,38,8.2,2,Tidak,Sesuai SLA,4
TIK03080,2026-03-16,Senin,11:10,Akademik,Akun/Login,Sedang,WhatsApp,28,5.6,1,Tidak,Sesuai SLA,4
TIK03081,2026-03-16,Senin,11:35,Laboratorium,Internet/WiFi,Rendah,WhatsApp,77,7.3,1,Ya,Sesuai SLA,4
TIK03082,2026-03-16,Senin,11:50,Laboratorium,Akun/Login,Rendah,WhatsApp,35,2.3,1,Tidak,Sesuai SLA,4
TIK03083,2026-03-16,Senin,11:55,Kemahasiswaan,Sistem Akademik,Tinggi,Email,67,12.5,2,Tidak,Lewat SLA,4
TIK03084,2026-03-16,Senin,11:55,Perpustakaan,Proyektor,Rendah,WhatsApp,54,9.0,1,Tidak,Sesuai SLA,4
TIK03085,2026-03-16,Senin,12:00,Akademik,Akun/Login,Rendah,Form Online,83,1.3,1,Tidak,Sesuai SLA,5
TIK03086,2026-03-16,Senin,12:20,Akademik,Komputer/Laptop,Sedang,Form Online,46,10.1,1,Tidak,Lewat SLA,3
TIK03087,2026-03-16,Senin,12:55,Akademik,Printer,Rendah,WhatsApp,57,4.6,1,Tidak,Sesuai SLA,4
TIK03088,2026-03-16,Senin,13:05,Laboratorium,Printer,Sedang,WhatsApp,60,2.8,1,Tidak,Sesuai SLA,3
TIK03089,2026-03-16,Senin,13:15,Perpustakaan,Internet/WiFi,Rendah,Email,88,13.6,1,Ya,Sesuai SLA,4
TIK03090,2026-03-16,Senin,13:20,Kemahasiswaan,Internet/WiFi,Tinggi,Datang Langsung,15,7.9,2,Tidak,Lewat SLA,5
TIK03091,2026-03-16,Senin,13:50,Laboratorium,Sistem Akademik,Rendah,WhatsApp,35,9.0,1,Ya,Sesuai SLA,4
TIK03092,2026-03-16,Senin,13:50,Akademik,Akun/Login,Rendah,WhatsApp,45,5.9,2,Tidak,Sesuai SLA,3
TIK03093,2026-03-16,Senin,13:55,Perpustakaan,Internet/WiFi,Sedang,Email,72,10.0,1,Ya,Sesuai SLA,4
TIK03094,2026-03-16,Senin,13:55,Kemahasiswaan,Printer,Rendah,WhatsApp,49,7.8,1,Tidak,Sesuai SLA,5
TIK03095,2026-03-16,Senin,14:00,Program Studi,Sistem Akademik,Tinggi,WhatsApp,16,12.0,2,Ya,Lewat SLA,3
TIK03096,2026-03-16,Senin,15:20,Laboratorium,Akun/Login,Sedang,Email,127,5.1,1,Tidak,Sesuai SLA,4
TIK03097,2026-03-16,Senin,15:35,Kemahasiswaan,Sistem Akademik,Sedang,WhatsApp,39,10.9,1,Ya,Lewat SLA,4
TIK03098,2026-03-16,Senin,15:45,Kemahasiswaan,Akun/Login,Tinggi,WhatsApp,43,5.5,2,Tidak,Sesuai SLA,4
TIK03099,2026-03-16,Senin,17:55,Akademik,Akun/Login,Rendah,WhatsApp,72,2.5,2,Tidak,Sesuai SLA,4
TIK03100,2026-03-17,Selasa,07:00,Laboratorium,Internet/WiFi,Rendah,WhatsApp,47,10.8,1,Ya,Sesuai SLA,4
TIK03101,2026-03-17,Selasa,07:00,Umum,Komputer/Laptop,Rendah,Form Online,50,4.2,1,Tidak,Sesuai SLA,4
TIK03102,2026-03-17,Selasa,07:05,Akademik,Internet/WiFi,Tinggi,Form Online,47,9.7,1,Tidak,Lewat SLA,2
TIK03103,2026-03-17,Selasa,07:10,Akademik,Komputer/Laptop,Rendah,WhatsApp,44,6.0,1,Tidak,Sesuai SLA,3
TIK03104,2026-03-17,Selasa,07:10,Umum,Sistem Akademik,Rendah,WhatsApp,34,10.4,2,Tidak,Sesuai SLA,3
TIK03105,2026-03-17,Selasa,07:20,Kemahasiswaan,Komputer/Laptop,Sedang,Form Online,83,6.3,1,Tidak,Sesuai SLA,5
TIK03106,2026-03-17,Selasa,07:25,Akademik,Akun/Login,Tinggi,Email,54,6.3,2,Tidak,Lewat SLA,4
TIK03107,2026-03-17,Selasa,07:25,Perpustakaan,Printer,Rendah,Form Online,77,3.4,2,Tidak,Sesuai SLA,4
TIK03108,2026-03-17,Selasa,07:35,Keuangan,Internet/WiFi,Sedang,Form Online,46,6.9,1,Tidak,Sesuai SLA,4
TIK03109,2026-03-17,Selasa,07:40,Program Studi,Internet/WiFi,Rendah,Form Online,62,7.2,1,Tidak,Sesuai SLA,4
TIK03110,2026-03-17,Selasa,07:55,Program Studi,Komputer/Laptop,Sedang,Email,100,7.4,1,Tidak,Sesuai SLA,3
TIK03111,2026-03-17,Selasa,07:55,Kemahasiswaan,Internet/WiFi,Sedang,Email,85,8.9,1,Tidak,Sesuai SLA,5
TIK03112,2026-03-17,Selasa,08:05,Kemahasiswaan,Internet/WiFi,Tinggi,WhatsApp,43,11.4,3,Ya,Lewat SLA,3
TIK03113,2026-03-17,Selasa,08:20,Laboratorium,Sistem Akademik,Sedang,WhatsApp,47,7.5,1,Tidak,Sesuai SLA,5
TIK03114,2026-03-17,Selasa,08:40,Keuangan,Internet/WiFi,Rendah,Form Online,93,5.6,1,Tidak,Sesuai SLA,4
TIK03115,2026-03-17,Selasa,08:50,Akademik,Komputer/Laptop,Rendah,WhatsApp,66,5.9,1,Tidak,Sesuai SLA,4
TIK03116,2026-03-17,Selasa,09:00,Program Studi,Sistem Akademik,Sedang,WhatsApp,21,13.0,2,Ya,Lewat SLA,3
TIK03117,2026-03-17,Selasa,09:05,Program Studi,Sistem Akademik,Tinggi,Email,55,10.6,1,Tidak,Lewat SLA,4
TIK03118,2026-03-17,Selasa,09:20,Keuangan,Internet/WiFi,Sedang,WhatsApp,32,12.2,1,Tidak,Lewat SLA,3
TIK03119,2026-03-17,Selasa,09:30,Kemahasiswaan,Sistem Akademik,Sedang,Form Online,45,9.7,1,Ya,Sesuai SLA,4
TIK03120,2026-03-17,Selasa,09:50,Program Studi,Proyektor,Sedang,WhatsApp,26,5.3,1,Ya,Sesuai SLA,4
TIK03121,2026-03-17,Selasa,09:50,Perpustakaan,Printer,Rendah,Form Online,72,3.2,1,Tidak,Sesuai SLA,3
TIK03122,2026-03-17,Selasa,09:55,Kemahasiswaan,Printer,Rendah,Datang Langsung,36,3.3,2,Tidak,Sesuai SLA,5
TIK03123,2026-03-17,Selasa,10:00,Kemahasiswaan,Komputer/Laptop,Rendah,Form Online,99,5.1,1,Tidak,Sesuai SLA,5
TIK03124,2026-03-17,Selasa,10:30,Program Studi,Akun/Login,Sedang,WhatsApp,44,2.6,2,Tidak,Sesuai SLA,5
TIK03125,2026-03-17,Selasa,10:30,Kemahasiswaan,Sistem Akademik,Rendah,Email,74,13.0,1,Ya,Sesuai SLA,3
TIK03126,2026-03-17,Selasa,10:30,Laboratorium,Sistem Akademik,Rendah,Datang Langsung,33,7.9,1,Tidak,Sesuai SLA,4
TIK03127,2026-03-17,Selasa,10:50,Program Studi,Printer,Rendah,Form Online,56,8.2,1,Tidak,Sesuai SLA,4
TIK03128,2026-03-17,Selasa,11:05,Laboratorium,Akun/Login,Rendah,Form Online,54,1.7,2,Tidak,Sesuai SLA,5
TIK03129,2026-03-17,Selasa,11:10,Keuangan,Printer,Tinggi,WhatsApp,39,5.7,2,Tidak,Sesuai SLA,4
TIK03130,2026-03-17,Selasa,11:25,Kemahasiswaan,Komputer/Laptop,Rendah,WhatsApp,49,4.5,1,Tidak,Sesuai SLA,4
TIK03131,2026-03-17,Selasa,11:30,Umum,Internet/WiFi,Rendah,WhatsApp,81,6.2,1,Tidak,Sesuai SLA,4
TIK03132,2026-03-17,Selasa,12:10,Laboratorium,Internet/WiFi,Sedang,Form Online,55,6.6,1,Tidak,Sesuai SLA,5
TIK03133,2026-03-17,Selasa,12:25,Keuangan,Akun/Login,Rendah,Form Online,63,1.7,1,Tidak,Sesuai SLA,5
TIK03134,2026-03-17,Selasa,12:30,Akademik,Sistem Akademik,Sedang,Datang Langsung,34,10.3,1,Ya,Lewat SLA,4
TIK03135,2026-03-17,Selasa,13:15,Laboratorium,Internet/WiFi,Tinggi,WhatsApp,46,11.4,2,Ya,Lewat SLA,4
TIK03136,2026-03-17,Selasa,13:50,Akademik,Printer,Rendah,Email,102,5.3,2,Tidak,Sesuai SLA,4
TIK03137,2026-03-17,Selasa,14:20,Akademik,Akun/Login,Sedang,Form Online,46,3.6,1,Ya,Sesuai SLA,5
TIK03138,2026-03-17,Selasa,14:40,Akademik,Internet/WiFi,Sedang,Form Online,60,12.0,2,Ya,Lewat SLA,3
TIK03139,2026-03-17,Selasa,14:55,Kemahasiswaan,Sistem Akademik,Sedang,Form Online,60,9.1,1,Tidak,Sesuai SLA,4
TIK03140,2026-03-17,Selasa,15:55,Akademik,Internet/WiFi,Sedang,Form Online,60,7.8,1,Tidak,Sesuai SLA,5
TIK03141,2026-03-17,Selasa,16:40,Kemahasiswaan,Printer,Rendah,Datang Langsung,34,1.8,1,Tidak,Sesuai SLA,5
TIK03142,2026-03-18,Rabu,07:10,Kemahasiswaan,Komputer/Laptop,Rendah,WhatsApp,36,4.9,1,Tidak,Sesuai SLA,4
TIK03143,2026-03-18,Rabu,07:25,Laboratorium,Akun/Login,Sedang,WhatsApp,24,2.5,1,Tidak,Sesuai SLA,5
TIK03144,2026-03-18,Rabu,07:30,Program Studi,Sistem Akademik,Sedang,WhatsApp,24,8.8,1,Tidak,Sesuai SLA,4
TIK03145,2026-03-18,Rabu,07:35,Akademik,Akun/Login,Rendah,Form Online,104,5.8,1,Tidak,Sesuai SLA,2
TIK03146,2026-03-18,Rabu,07:40,Kemahasiswaan,Internet/WiFi,Sedang,WhatsApp,28,8.5,2,Tidak,Sesuai SLA,4
TIK03147,2026-03-18,Rabu,07:50,Laboratorium,Akun/Login,Sedang,Form Online,58,2.9,2,Tidak,Sesuai SLA,4
TIK03148,2026-03-18,Rabu,08:10,Keuangan,Komputer/Laptop,Rendah,WhatsApp,55,6.1,1,Tidak,Sesuai SLA,5
TIK03149,2026-03-18,Rabu,09:10,Laboratorium,Akun/Login,Sedang,Datang Langsung,20,4.8,1,Ya,Sesuai SLA,5
TIK03150,2026-03-18,Rabu,09:20,Akademik,Printer,Rendah,Form Online,60,5.8,1,Tidak,Sesuai SLA,4
TIK03151,2026-03-18,Rabu,09:25,Laboratorium,Proyektor,Sedang,Datang Langsung,38,1.4,1,Tidak,Sesuai SLA,5
TIK03152,2026-03-18,Rabu,09:45,Laboratorium,Akun/Login,Sedang,Form Online,44,2.9,2,Tidak,Sesuai SLA,4
TIK03153,2026-03-18,Rabu,09:50,Akademik,Internet/WiFi,Rendah,WhatsApp,52,6.3,1,Tidak,Sesuai SLA,4
TIK03154,2026-03-18,Rabu,09:50,Kemahasiswaan,Sistem Akademik,Rendah,WhatsApp,98,7.6,1,Tidak,Sesuai SLA,4
TIK03155,2026-03-18,Rabu,10:10,Kemahasiswaan,Sistem Akademik,Sedang,WhatsApp,32,13.8,1,Tidak,Lewat SLA,3
TIK03156,2026-03-18,Rabu,10:10,Akademik,Akun/Login,Rendah,WhatsApp,55,5.2,1,Tidak,Sesuai SLA,4
TIK03157,2026-03-18,Rabu,10:10,Keuangan,Internet/WiFi,Tinggi,Email,83,10.1,2,Tidak,Lewat SLA,3
TIK03158,2026-03-18,Rabu,10:45,Program Studi,Internet/WiFi,Sedang,Form Online,54,7.5,2,Tidak,Sesuai SLA,3
TIK03159,2026-03-18,Rabu,10:50,Laboratorium,Internet/WiFi,Sedang,Form Online,60,6.1,1,Tidak,Sesuai SLA,5
TIK03160,2026-03-18,Rabu,11:00,Kemahasiswaan,Internet/WiFi,Rendah,WhatsApp,47,6.6,1,Tidak,Sesuai SLA,4
TIK03161,2026-03-18,Rabu,11:00,Keuangan,Proyektor,Tinggi,WhatsApp,46,4.3,1,Tidak,Sesuai SLA,4
TIK03162,2026-03-18,Rabu,11:10,Akademik,Akun/Login,Rendah,Form Online,57,1.4,1,Tidak,Sesuai SLA,4
TIK03163,2026-03-18,Rabu,11:10,Program Studi,Sistem Akademik,Tinggi,Datang Langsung,21,13.7,1,Ya,Lewat SLA,3
TIK03164,2026-03-18,Rabu,11:15,Keuangan,Internet/WiFi,Rendah,WhatsApp,57,8.8,1,Ya,Sesuai SLA,4
TIK03165,2026-03-18,Rabu,11:30,Akademik,Sistem Akademik,Sedang,WhatsApp,46,9.6,1,Ya,Sesuai SLA,4
TIK03166,2026-03-18,Rabu,11:50,Laboratorium,Sistem Akademik,Rendah,WhatsApp,48,12.9,1,Ya,Sesuai SLA,4
TIK03167,2026-03-18,Rabu,11:50,Program Studi,Printer,Rendah,WhatsApp,39,4.0,2,Tidak,Sesuai SLA,5
TIK03168,2026-03-18,Rabu,11:55,Umum,Sistem Akademik,Sedang,WhatsApp,30,12.6,1,Ya,Lewat SLA,5
TIK03169,2026-03-18,Rabu,12:00,Keuangan,Sistem Akademik,Rendah,Email,74,7.6,1,Tidak,Sesuai SLA,5
TIK03170,2026-03-18,Rabu,12:15,Program Studi,Printer,Tinggi,Datang Langsung,27,6.7,2,Ya,Lewat SLA,4
TIK03171,2026-03-18,Rabu,12:15,Program Studi,Komputer/Laptop,Tinggi,Email,64,7.8,1,Tidak,Lewat SLA,3
TIK03172,2026-03-18,Rabu,12:20,Keuangan,Komputer/Laptop,Rendah,Datang Langsung,29,5.7,1,Tidak,Sesuai SLA,5
TIK03173,2026-03-18,Rabu,12:35,Kemahasiswaan,Akun/Login,Sedang,Email,70,4.2,2,Tidak,Sesuai SLA,5
TIK03174,2026-03-18,Rabu,12:40,Akademik,Internet/WiFi,Sedang,WhatsApp,25,7.4,1,Tidak,Sesuai SLA,3
TIK03175,2026-03-18,Rabu,13:00,Umum,Komputer/Laptop,Rendah,Email,78,7.8,1,Ya,Sesuai SLA,4
TIK03176,2026-03-18,Rabu,13:00,Umum,Akun/Login,Tinggi,WhatsApp,19,6.2,2,Ya,Lewat SLA,3
TIK03177,2026-03-18,Rabu,13:35,Akademik,Sistem Akademik,Rendah,Email,76,12.5,1,Tidak,Sesuai SLA,4
TIK03178,2026-03-18,Rabu,13:45,Umum,Sistem Akademik,Rendah,WhatsApp,43,7.7,2,Tidak,Sesuai SLA,5
TIK03179,2026-03-18,Rabu,13:50,Kemahasiswaan,Sistem Akademik,Tinggi,WhatsApp,34,13.5,2,Ya,Lewat SLA,3
TIK03180,2026-03-18,Rabu,14:10,Program Studi,Printer,Rendah,Datang Langsung,27,6.8,1,Tidak,Sesuai SLA,4
TIK03181,2026-03-18,Rabu,14:45,Kemahasiswaan,Internet/WiFi,Sedang,WhatsApp,40,6.4,1,Tidak,Sesuai SLA,5
TIK03182,2026-03-18,Rabu,15:25,Perpustakaan,Akun/Login,Rendah,Email,70,4.6,1,Tidak,Sesuai SLA,4
TIK03183,2026-03-18,Rabu,15:30,Umum,Akun/Login,Sedang,Form Online,71,1.9,1,Tidak,Sesuai SLA,5
TIK03184,2026-03-18,Rabu,16:30,Perpustakaan,Internet/WiFi,Rendah,WhatsApp,33,7.2,1,Tidak,Sesuai SLA,4
TIK03185,2026-03-19,Kamis,07:10,Keuangan,Komputer/Laptop,Tinggi,Form Online,39,8.1,1,Ya,Lewat SLA,3
TIK03186,2026-03-19,Kamis,07:25,Keuangan,Sistem Akademik,Tinggi,Email,87,12.8,1,Tidak,Lewat SLA,3
TIK03187,2026-03-19,Kamis,07:30,Keuangan,Sistem Akademik,Sedang,Form Online,53,7.7,1,Tidak,Sesuai SLA,4
TIK03188,2026-03-19,Kamis,07:40,Keuangan,Sistem Akademik,Rendah,Form Online,51,7.6,1,Tidak,Sesuai SLA,4
TIK03189,2026-03-19,Kamis,07:40,Perpustakaan,Sistem Akademik,Tinggi,Form Online,39,12.6,1,Tidak,Lewat SLA,3
TIK03190,2026-03-19,Kamis,07:50,Kemahasiswaan,Komputer/Laptop,Rendah,Form Online,69,6.5,1,Tidak,Sesuai SLA,3
TIK03191,2026-03-19,Kamis,08:00,Akademik,Akun/Login,Sedang,Datang Langsung,17,4.4,1,Ya,Sesuai SLA,5
TIK03192,2026-03-19,Kamis,08:25,Kemahasiswaan,Printer,Rendah,Email,108,5.9,2,Tidak,Sesuai SLA,5
TIK03193,2026-03-19,Kamis,09:00,Akademik,Komputer/Laptop,Sedang,WhatsApp,31,6.3,1,Tidak,Sesuai SLA,4
TIK03194,2026-03-19,Kamis,09:00,Program Studi,Akun/Login,Sedang,WhatsApp,60,3.8,2,Tidak,Sesuai SLA,5
TIK03195,2026-03-19,Kamis,09:05,Umum,Akun/Login,Sedang,WhatsApp,32,4.0,1,Tidak,Sesuai SLA,4
TIK03196,2026-03-19,Kamis,09:20,Program Studi,Akun/Login,Rendah,WhatsApp,47,2.5,1,Tidak,Sesuai SLA,5
TIK03197,2026-03-19,Kamis,09:20,Program Studi,Sistem Akademik,Rendah,Form Online,70,12.8,1,Ya,Sesuai SLA,4
TIK03198,2026-03-19,Kamis,09:50,Akademik,Sistem Akademik,Rendah,WhatsApp,58,7.6,1,Tidak,Sesuai SLA,4
TIK03199,2026-03-19,Kamis,09:55,Keuangan,Internet/WiFi,Sedang,Form Online,49,12.8,1,Ya,Lewat SLA,3
TIK03200,2026-03-19,Kamis,10:00,Laboratorium,Akun/Login,Tinggi,Email,49,10.1,3,Ya,Lewat SLA,3
TIK03201,2026-03-19,Kamis,10:20,Perpustakaan,Internet/WiFi,Tinggi,Datang Langsung,45,6.3,2,Tidak,Lewat SLA,3
TIK03202,2026-03-19,Kamis,10:30,Laboratorium,Sistem Akademik,Tinggi,WhatsApp,38,10.0,2,Tidak,Lewat SLA,3
TIK03203,2026-03-19,Kamis,10:40,Akademik,Proyektor,Sedang,Form Online,72,5.8,2,Ya,Sesuai SLA,4
TIK03204,2026-03-19,Kamis,10:55,Laboratorium,Internet/WiFi,Sedang,WhatsApp,50,9.3,2,Tidak,Sesuai SLA,4
TIK03205,2026-03-19,Kamis,11:00,Program Studi,Komputer/Laptop,Rendah,Email,102,10.6,1,Tidak,Sesuai SLA,3
TIK03206,2026-03-19,Kamis,11:05,Program Studi,Komputer/Laptop,Sedang,Datang Langsung,26,9.5,2,Tidak,Sesuai SLA,4
TIK03207,2026-03-19,Kamis,11:10,Akademik,Akun/Login,Sedang,WhatsApp,33,3.8,1,Tidak,Sesuai SLA,4
TIK03208,2026-03-19,Kamis,11:20,Akademik,Komputer/Laptop,Rendah,Email,92,5.4,1,Tidak,Sesuai SLA,4
TIK03209,2026-03-19,Kamis,11:20,Umum,Sistem Akademik,Sedang,WhatsApp,19,8.2,2,Tidak,Sesuai SLA,4
TIK03210,2026-03-19,Kamis,11:25,Laboratorium,Printer,Sedang,Email,80,7.5,2,Tidak,Sesuai SLA,4
TIK03211,2026-03-19,Kamis,11:40,Program Studi,Akun/Login,Rendah,WhatsApp,50,6.5,2,Tidak,Sesuai SLA,5
TIK03212,2026-03-19,Kamis,12:00,Akademik,Proyektor,Rendah,WhatsApp,37,4.1,1,Ya,Sesuai SLA,5
TIK03213,2026-03-19,Kamis,12:25,Umum,Akun/Login,Rendah,Form Online,73,5.3,1,Tidak,Sesuai SLA,5
TIK03214,2026-03-19,Kamis,12:25,Laboratorium,Internet/WiFi,Sedang,WhatsApp,20,8.1,1,Tidak,Sesuai SLA,4
TIK03215,2026-03-19,Kamis,12:40,Perpustakaan,Printer,Tinggi,Email,57,6.4,1,Tidak,Lewat SLA,4
TIK03216,2026-03-19,Kamis,12:45,Umum,Proyektor,Sedang,Form Online,57,3.1,1,Tidak,Sesuai SLA,4
TIK03217,2026-03-19,Kamis,13:00,Program Studi,Komputer/Laptop,Rendah,Datang Langsung,34,6.5,1,Tidak,Sesuai SLA,4
TIK03218,2026-03-19,Kamis,13:05,Laboratorium,Komputer/Laptop,Sedang,Form Online,74,4.6,1,Tidak,Sesuai SLA,4
TIK03219,2026-03-19,Kamis,13:20,Akademik,Komputer/Laptop,Sedang,WhatsApp,57,6.1,1,Tidak,Sesuai SLA,5
TIK03220,2026-03-19,Kamis,13:30,Program Studi,Akun/Login,Sedang,WhatsApp,25,7.9,1,Ya,Sesuai SLA,4
TIK03221,2026-03-19,Kamis,13:40,Umum,Sistem Akademik,Tinggi,WhatsApp,74,11.3,1,Ya,Lewat SLA,2
TIK03222,2026-03-19,Kamis,13:55,Akademik,Komputer/Laptop,Rendah,WhatsApp,48,4.7,1,Tidak,Sesuai SLA,4
TIK03223,2026-03-19,Kamis,14:00,Laboratorium,Printer,Sedang,WhatsApp,29,5.7,1,Tidak,Sesuai SLA,4
TIK03224,2026-03-19,Kamis,14:40,Keuangan,Internet/WiFi,Rendah,WhatsApp,48,6.6,1,Tidak,Sesuai SLA,4
TIK03225,2026-03-19,Kamis,14:40,Keuangan,Akun/Login,Rendah,WhatsApp,36,2.2,1,Tidak,Sesuai SLA,5
TIK03226,2026-03-19,Kamis,15:00,Akademik,Printer,Rendah,WhatsApp,79,6.5,2,Tidak,Sesuai SLA,4
TIK03227,2026-03-19,Kamis,15:00,Perpustakaan,Komputer/Laptop,Rendah,Form Online,54,8.0,1,Tidak,Sesuai SLA,4
TIK03228,2026-03-19,Kamis,15:30,Program Studi,Internet/WiFi,Rendah,WhatsApp,35,8.4,1,Ya,Sesuai SLA,4
TIK03229,2026-03-20,Jumat,07:10,Program Studi,Printer,Tinggi,WhatsApp,19,5.3,1,Tidak,Sesuai SLA,4
TIK03230,2026-03-20,Jumat,07:10,Program Studi,Akun/Login,Rendah,Email,85,6.1,1,Tidak,Sesuai SLA,3
TIK03231,2026-03-20,Jumat,07:45,Laboratorium,Sistem Akademik,Tinggi,Email,66,17.2,1,Ya,Lewat SLA,2
TIK03232,2026-03-20,Jumat,09:20,Akademik,Printer,Rendah,Email,91,5.3,1,Tidak,Sesuai SLA,4
TIK03233,2026-03-20,Jumat,09:20,Akademik,Akun/Login,Rendah,WhatsApp,77,1.9,2,Tidak,Sesuai SLA,4
TIK03234,2026-03-20,Jumat,09:25,Umum,Printer,Rendah,Form Online,109,4.2,2,Tidak,Sesuai SLA,4
TIK03235,2026-03-20,Jumat,10:10,Perpustakaan,Internet/WiFi,Sedang,WhatsApp,34,6.3,1,Tidak,Sesuai SLA,4
TIK03236,2026-03-20,Jumat,10:20,Umum,Sistem Akademik,Sedang,Form Online,38,11.9,1,Tidak,Lewat SLA,4
TIK03237,2026-03-20,Jumat,10:25,Program Studi,Komputer/Laptop,Rendah,Datang Langsung,75,3.9,1,Tidak,Sesuai SLA,5
TIK03238,2026-03-20,Jumat,10:45,Keuangan,Komputer/Laptop,Rendah,Form Online,71,5.2,1,Tidak,Sesuai SLA,5
TIK03239,2026-03-20,Jumat,10:45,Umum,Akun/Login,Sedang,WhatsApp,46,1.5,2,Tidak,Sesuai SLA,4
TIK03240,2026-03-20,Jumat,10:55,Keuangan,Sistem Akademik,Sedang,Form Online,40,14.0,1,Ya,Lewat SLA,2
TIK03241,2026-03-20,Jumat,10:55,Akademik,Komputer/Laptop,Sedang,Datang Langsung,16,5.4,1,Tidak,Sesuai SLA,4
TIK03242,2026-03-20,Jumat,10:55,Akademik,Sistem Akademik,Rendah,WhatsApp,62,6.9,1,Tidak,Sesuai SLA,3
TIK03243,2026-03-20,Jumat,11:00,Umum,Proyektor,Sedang,WhatsApp,28,3.7,1,Tidak,Sesuai SLA,5
TIK03244,2026-03-20,Jumat,11:00,Program Studi,Printer,Rendah,WhatsApp,44,9.3,1,Tidak,Sesuai SLA,3
TIK03245,2026-03-20,Jumat,11:05,Keuangan,Akun/Login,Rendah,Form Online,56,1.8,1,Tidak,Sesuai SLA,3
TIK03246,2026-03-20,Jumat,11:05,Program Studi,Sistem Akademik,Rendah,WhatsApp,38,11.6,1,Ya,Sesuai SLA,4
TIK03247,2026-03-20,Jumat,11:15,Kemahasiswaan,Internet/WiFi,Rendah,Email,89,9.8,1,Ya,Sesuai SLA,3
TIK03248,2026-03-20,Jumat,11:15,Laboratorium,Komputer/Laptop,Rendah,Form Online,62,6.3,2,Tidak,Sesuai SLA,5
TIK03249,2026-03-20,Jumat,11:30,Kemahasiswaan,Akun/Login,Rendah,WhatsApp,43,1.3,1,Tidak,Sesuai SLA,4
TIK03250,2026-03-20,Jumat,11:30,Program Studi,Internet/WiFi,Rendah,Datang Langsung,34,6.9,1,Tidak,Sesuai SLA,4
TIK03251,2026-03-20,Jumat,11:35,Perpustakaan,Internet/WiFi,Sedang,Form Online,54,7.8,1,Tidak,Sesuai SLA,5
TIK03252,2026-03-20,Jumat,11:55,Kemahasiswaan,Komputer/Laptop,Tinggi,Form Online,68,7.0,2,Tidak,Lewat SLA,3
TIK03253,2026-03-20,Jumat,11:55,Akademik,Akun/Login,Rendah,Datang Langsung,36,0.6,1,Tidak,Sesuai SLA,5
TIK03254,2026-03-20,Jumat,12:10,Program Studi,Akun/Login,Rendah,Form Online,50,13.4,1,Ya,Sesuai SLA,3
TIK03255,2026-03-20,Jumat,12:15,Akademik,Internet/WiFi,Sedang,WhatsApp,24,6.7,1,Tidak,Sesuai SLA,4
TIK03256,2026-03-20,Jumat,12:20,Keuangan,Akun/Login,Sedang,Datang Langsung,29,1.6,2,Tidak,Sesuai SLA,4
TIK03257,2026-03-20,Jumat,12:35,Laboratorium,Proyektor,Rendah,Form Online,68,2.9,1,Tidak,Sesuai SLA,4
TIK03258,2026-03-20,Jumat,12:55,Keuangan,Sistem Akademik,Sedang,WhatsApp,37,12.8,1,Ya,Lewat SLA,3
TIK03259,2026-03-20,Jumat,13:25,Akademik,Internet/WiFi,Tinggi,WhatsApp,25,11.6,1,Tidak,Lewat SLA,3
TIK03260,2026-03-20,Jumat,13:25,Akademik,Internet/WiFi,Rendah,Email,91,13.0,1,Ya,Sesuai SLA,4
TIK03261,2026-03-20,Jumat,13:25,Laboratorium,Komputer/Laptop,Rendah,WhatsApp,37,9.2,1,Ya,Sesuai SLA,4
TIK03262,2026-03-20,Jumat,13:35,Keuangan,Akun/Login,Rendah,Email,73,3.2,2,Tidak,Sesuai SLA,4
TIK03263,2026-03-20,Jumat,13:55,Program Studi,Akun/Login,Sedang,WhatsApp,43,4.7,2,Tidak,Sesuai SLA,4
TIK03264,2026-03-20,Jumat,14:30,Program Studi,Akun/Login,Sedang,WhatsApp,24,2.1,2,Tidak,Sesuai SLA,5
TIK03265,2026-03-20,Jumat,14:35,Akademik,Printer,Rendah,WhatsApp,81,3.5,1,Tidak,Sesuai SLA,5
TIK03266,2026-03-20,Jumat,15:25,Program Studi,Komputer/Laptop,Rendah,Form Online,64,11.1,1,Ya,Sesuai SLA,4
TIK03267,2026-03-21,Sabtu,07:05,Perpustakaan,Akun/Login,Sedang,Datang Langsung,34,4.2,1,Tidak,Sesuai SLA,4
TIK03268,2026-03-21,Sabtu,07:15,Perpustakaan,Internet/WiFi,Sedang,WhatsApp,49,10.0,1,Tidak,Sesuai SLA,4
TIK03269,2026-03-21,Sabtu,07:25,Laboratorium,Printer,Sedang,Form Online,47,5.1,1,Ya,Sesuai SLA,5
TIK03270,2026-03-21,Sabtu,07:25,Akademik,Akun/Login,Tinggi,Form Online,32,5.3,3,Tidak,Sesuai SLA,3
TIK03271,2026-03-21,Sabtu,07:55,Kemahasiswaan,Proyektor,Rendah,Email,86,3.4,1,Tidak,Sesuai SLA,4
TIK03272,2026-03-21,Sabtu,08:10,Akademik,Internet/WiFi,Sedang,Email,93,12.9,2,Ya,Lewat SLA,3
TIK03273,2026-03-21,Sabtu,08:25,Kemahasiswaan,Proyektor,Rendah,WhatsApp,34,2.1,1,Tidak,Sesuai SLA,4
TIK03274,2026-03-21,Sabtu,09:10,Laboratorium,Akun/Login,Rendah,WhatsApp,54,2.2,1,Tidak,Sesuai SLA,4
TIK03275,2026-03-21,Sabtu,09:55,Laboratorium,Internet/WiFi,Sedang,Datang Langsung,24,10.1,1,Tidak,Lewat SLA,3
TIK03276,2026-03-21,Sabtu,09:55,Akademik,Komputer/Laptop,Rendah,WhatsApp,37,11.2,2,Ya,Sesuai SLA,4
TIK03277,2026-03-21,Sabtu,10:00,Laboratorium,Akun/Login,Sedang,Datang Langsung,47,4.1,1,Tidak,Sesuai SLA,4
TIK03278,2026-03-21,Sabtu,10:10,Keuangan,Sistem Akademik,Rendah,Form Online,76,12.6,1,Ya,Sesuai SLA,4
TIK03279,2026-03-21,Sabtu,10:20,Kemahasiswaan,Komputer/Laptop,Tinggi,Datang Langsung,29,6.2,3,Tidak,Lewat SLA,4
TIK03280,2026-03-21,Sabtu,10:40,Program Studi,Proyektor,Sedang,WhatsApp,47,3.4,1,Tidak,Sesuai SLA,4
TIK03281,2026-03-21,Sabtu,11:15,Akademik,Akun/Login,Rendah,WhatsApp,58,4.0,2,Tidak,Sesuai SLA,5
TIK03282,2026-03-21,Sabtu,11:35,Program Studi,Internet/WiFi,Sedang,Form Online,52,7.3,1,Tidak,Sesuai SLA,4
TIK03283,2026-03-21,Sabtu,12:00,Akademik,Komputer/Laptop,Sedang,Form Online,65,5.5,2,Tidak,Sesuai SLA,4
TIK03284,2026-03-21,Sabtu,12:10,Laboratorium,Akun/Login,Rendah,Form Online,70,2.7,2,Tidak,Sesuai SLA,5
TIK03285,2026-03-21,Sabtu,12:20,Perpustakaan,Internet/WiFi,Tinggi,Datang Langsung,43,7.0,3,Tidak,Lewat SLA,4
TIK03286,2026-03-21,Sabtu,12:30,Program Studi,Printer,Sedang,WhatsApp,33,5.9,1,Tidak,Sesuai SLA,4
TIK03287,2026-03-21,Sabtu,12:35,Keuangan,Akun/Login,Rendah,Form Online,60,4.7,1,Tidak,Sesuai SLA,5
TIK03288,2026-03-21,Sabtu,12:55,Kemahasiswaan,Akun/Login,Sedang,WhatsApp,40,4.1,1,Tidak,Sesuai SLA,4
TIK03289,2026-03-21,Sabtu,13:05,Kemahasiswaan,Printer,Rendah,Datang Langsung,43,4.7,1,Tidak,Sesuai SLA,4
TIK03290,2026-03-21,Sabtu,13:05,Akademik,Sistem Akademik,Sedang,Form Online,37,7.4,1,Tidak,Sesuai SLA,4
TIK03291,2026-03-21,Sabtu,13:10,Akademik,Komputer/Laptop,Rendah,Form Online,109,10.4,1,Tidak,Sesuai SLA,3
TIK03292,2026-03-21,Sabtu,13:10,Akademik,Akun/Login,Sedang,WhatsApp,37,5.9,1,Tidak,Sesuai SLA,4
TIK03293,2026-03-21,Sabtu,13:25,Umum,Printer,Rendah,Datang Langsung,32,5.7,1,Tidak,Sesuai SLA,3
TIK03294,2026-03-21,Sabtu,13:25,Program Studi,Sistem Akademik,Sedang,Form Online,48,15.6,2,Tidak,Lewat SLA,3
TIK03295,2026-03-21,Sabtu,14:20,Kemahasiswaan,Internet/WiFi,Rendah,Form Online,73,5.6,1,Tidak,Sesuai SLA,5
TIK03296,2026-03-21,Sabtu,14:35,Laboratorium,Sistem Akademik,Sedang,Email,58,8.6,1,Tidak,Sesuai SLA,3
TIK03297,2026-03-21,Sabtu,14:45,Program Studi,Akun/Login,Rendah,Email,89,3.5,1,Tidak,Sesuai SLA,4
TIK03298,2026-03-21,Sabtu,16:15,Kemahasiswaan,Sistem Akademik,Sedang,Email,76,10.7,1,Tidak,Lewat SLA,3
TIK03299,2026-03-21,Sabtu,17:00,Program Studi,Internet/WiFi,Tinggi,Email,69,10.7,1,Tidak,Lewat SLA,4
TIK03300,2026-03-22,Minggu,07:35,Akademik,Akun/Login,Rendah,Email,81,3.7,2,Tidak,Sesuai SLA,3
TIK03301,2026-03-22,Minggu,07:40,Keuangan,Sistem Akademik,Tinggi,WhatsApp,18,13.3,2,Tidak,Lewat SLA,3
TIK03302,2026-03-22,Minggu,07:50,Umum,Akun/Login,Tinggi,Email,87,12.4,2,Ya,Lewat SLA,3
TIK03303,2026-03-22,Minggu,09:10,Keuangan,Komputer/Laptop,Sedang,WhatsApp,25,7.1,1,Tidak,Sesuai SLA,5
TIK03304,2026-03-22,Minggu,09:15,Akademik,Internet/WiFi,Rendah,Form Online,51,6.9,2,Tidak,Sesuai SLA,3
TIK03305,2026-03-22,Minggu,09:20,Umum,Internet/WiFi,Sedang,Form Online,79,7.0,1,Tidak,Sesuai SLA,4
TIK03306,2026-03-22,Minggu,09:25,Umum,Akun/Login,Rendah,Email,73,12.8,1,Ya,Sesuai SLA,4
TIK03307,2026-03-22,Minggu,09:30,Umum,Proyektor,Sedang,Form Online,55,4.7,1,Tidak,Sesuai SLA,5
TIK03308,2026-03-22,Minggu,09:30,Umum,Printer,Rendah,Form Online,52,2.6,1,Tidak,Sesuai SLA,5
TIK03309,2026-03-22,Minggu,09:45,Perpustakaan,Internet/WiFi,Rendah,WhatsApp,61,8.3,1,Ya,Sesuai SLA,4
TIK03310,2026-03-22,Minggu,09:50,Keuangan,Sistem Akademik,Sedang,WhatsApp,39,10.7,2,Ya,Lewat SLA,3
TIK03311,2026-03-22,Minggu,10:00,Akademik,Internet/WiFi,Tinggi,Form Online,38,7.3,3,Tidak,Lewat SLA,3
TIK03312,2026-03-22,Minggu,10:40,Program Studi,Internet/WiFi,Sedang,WhatsApp,31,11.5,2,Ya,Lewat SLA,2
TIK03313,2026-03-22,Minggu,10:40,Keuangan,Akun/Login,Rendah,Datang Langsung,38,1.9,1,Tidak,Sesuai SLA,4
TIK03314,2026-03-22,Minggu,10:45,Laboratorium,Akun/Login,Rendah,WhatsApp,73,5.9,2,Tidak,Sesuai SLA,4
TIK03315,2026-03-22,Minggu,10:45,Keuangan,Sistem Akademik,Rendah,Form Online,58,7.2,1,Tidak,Sesuai SLA,3
TIK03316,2026-03-22,Minggu,10:50,Akademik,Sistem Akademik,Tinggi,Datang Langsung,7,10.0,2,Tidak,Lewat SLA,4
TIK03317,2026-03-22,Minggu,11:00,Akademik,Internet/WiFi,Tinggi,WhatsApp,14,8.4,2,Tidak,Lewat SLA,3
TIK03318,2026-03-22,Minggu,11:00,Laboratorium,Internet/WiFi,Sedang,WhatsApp,52,10.5,1,Ya,Lewat SLA,3
TIK03319,2026-03-22,Minggu,11:05,Umum,Akun/Login,Rendah,WhatsApp,32,7.6,1,Tidak,Sesuai SLA,3
TIK03320,2026-03-22,Minggu,11:05,Perpustakaan,Internet/WiFi,Rendah,Form Online,55,5.9,2,Tidak,Sesuai SLA,4
TIK03321,2026-03-22,Minggu,11:05,Keuangan,Internet/WiFi,Tinggi,Datang Langsung,12,7.0,1,Tidak,Lewat SLA,4
TIK03322,2026-03-22,Minggu,11:10,Perpustakaan,Komputer/Laptop,Rendah,WhatsApp,40,4.8,1,Tidak,Sesuai SLA,4
TIK03323,2026-03-22,Minggu,11:20,Akademik,Akun/Login,Sedang,Datang Langsung,32,3.2,2,Tidak,Sesuai SLA,5
TIK03324,2026-03-22,Minggu,11:20,Umum,Sistem Akademik,Rendah,WhatsApp,51,9.0,1,Ya,Sesuai SLA,4
TIK03325,2026-03-22,Minggu,11:30,Program Studi,Komputer/Laptop,Sedang,WhatsApp,42,5.0,1,Tidak,Sesuai SLA,4
TIK03326,2026-03-22,Minggu,11:30,Akademik,Proyektor,Rendah,Email,101,4.4,2,Tidak,Sesuai SLA,4
TIK03327,2026-03-22,Minggu,11:35,Laboratorium,Internet/WiFi,Rendah,Email,84,6.6,1,Tidak,Sesuai SLA,3
TIK03328,2026-03-22,Minggu,12:00,Laboratorium,Sistem Akademik,Tinggi,Email,84,15.4,1,Ya,Lewat SLA,1
TIK03329,2026-03-22,Minggu,12:10,Laboratorium,Akun/Login,Sedang,Form Online,56,2.2,1,Tidak,Sesuai SLA,5
TIK03330,2026-03-22,Minggu,12:40,Laboratorium,Akun/Login,Sedang,Form Online,55,1.8,1,Tidak,Sesuai SLA,4
TIK03331,2026-03-22,Minggu,12:45,Program Studi,Komputer/Laptop,Sedang,Email,66,5.9,1,Tidak,Sesuai SLA,4
TIK03332,2026-03-22,Minggu,12:50,Program Studi,Akun/Login,Rendah,WhatsApp,49,3.7,1,Tidak,Sesuai SLA,3
TIK03333,2026-03-22,Minggu,12:55,Laboratorium,Proyektor,Rendah,WhatsApp,55,5.4,1,Ya,Sesuai SLA,4
TIK03334,2026-03-22,Minggu,13:30,Perpustakaan,Komputer/Laptop,Rendah,Email,79,7.7,1,Tidak,Sesuai SLA,4
TIK03335,2026-03-22,Minggu,13:35,Akademik,Komputer/Laptop,Rendah,Datang Langsung,43,6.3,2,Ya,Sesuai SLA,4
TIK03336,2026-03-22,Minggu,13:35,Laboratorium,Komputer/Laptop,Sedang,Form Online,72,6.6,1,Ya,Sesuai SLA,5
TIK03337,2026-03-22,Minggu,13:40,Keuangan,Sistem Akademik,Tinggi,Form Online,28,11.0,1,Ya,Lewat SLA,3
TIK03338,2026-03-22,Minggu,13:55,Perpustakaan,Komputer/Laptop,Tinggi,WhatsApp,39,7.0,2,Tidak,Lewat SLA,4
TIK03339,2026-03-22,Minggu,13:55,Laboratorium,Akun/Login,Sedang,Datang Langsung,38,2.8,1,Tidak,Sesuai SLA,4
TIK03340,2026-03-22,Minggu,14:40,Laboratorium,Proyektor,Rendah,Email,71,3.8,1,Tidak,Sesuai SLA,4
TIK03341,2026-03-22,Minggu,14:45,Kemahasiswaan,Proyektor,Tinggi,WhatsApp,42,5.8,2,Tidak,Sesuai SLA,4
TIK03342,2026-03-22,Minggu,14:55,Keuangan,Printer,Sedang,Form Online,58,4.1,1,Tidak,Sesuai SLA,4
TIK03343,2026-03-22,Minggu,15:35,Umum,Komputer/Laptop,Rendah,WhatsApp,54,8.8,1,Tidak,Sesuai SLA,4
TIK03344,2026-03-22,Minggu,16:00,Keuangan,Akun/Login,Rendah,WhatsApp,49,2.3,1,Tidak,Sesuai SLA,5
TIK03345,2026-03-23,Senin,07:00,Keuangan,Komputer/Laptop,Rendah,WhatsApp,47,7.8,2,Tidak,Sesuai SLA,4
TIK03346,2026-03-23,Senin,07:05,Akademik,Sistem Akademik,Sedang,WhatsApp,43,11.4,2,Ya,Lewat SLA,4
TIK03347,2026-03-23,Senin,07:15,Program Studi,Komputer/Laptop,Rendah,Email,79,5.6,1,Tidak,Sesuai SLA,4
TIK03348,2026-03-23,Senin,07:35,Akademik,Printer,Rendah,Form Online,69,2.5,1,Tidak,Sesuai SLA,4
TIK03349,2026-03-23,Senin,08:00,Akademik,Internet/WiFi,Tinggi,Datang Langsung,9,10.9,3,Tidak,Lewat SLA,3
TIK03350,2026-03-23,Senin,08:10,Akademik,Printer,Sedang,WhatsApp,61,8.8,1,Ya,Sesuai SLA,3
TIK03351,2026-03-23,Senin,09:00,Kemahasiswaan,Akun/Login,Sedang,Email,65,9.6,2,Tidak,Sesuai SLA,3
TIK03352,2026-03-23,Senin,09:05,Kemahasiswaan,Proyektor,Rendah,Email,109,5.9,1,Tidak,Sesuai SLA,4
TIK03353,2026-03-23,Senin,09:10,Laboratorium,Akun/Login,Rendah,Datang Langsung,24,6.4,1,Tidak,Sesuai SLA,5
TIK03354,2026-03-23,Senin,09:20,Kemahasiswaan,Akun/Login,Rendah,Form Online,51,4.7,2,Tidak,Sesuai SLA,5
TIK03355,2026-03-23,Senin,09:20,Keuangan,Akun/Login,Rendah,Email,83,10.6,1,Tidak,Sesuai SLA,4
TIK03356,2026-03-23,Senin,09:25,Program Studi,Printer,Tinggi,Email,74,12.8,2,Ya,Lewat SLA,4
TIK03357,2026-03-23,Senin,09:40,Kemahasiswaan,Internet/WiFi,Sedang,Email,92,11.2,2,Tidak,Lewat SLA,3
TIK03358,2026-03-23,Senin,09:55,Keuangan,Printer,Rendah,Form Online,61,2.3,1,Tidak,Sesuai SLA,3
TIK03359,2026-03-23,Senin,09:55,Laboratorium,Printer,Tinggi,Form Online,54,4.3,1,Tidak,Sesuai SLA,3
TIK03360,2026-03-23,Senin,10:00,Perpustakaan,Akun/Login,Rendah,Email,83,6.1,1,Ya,Sesuai SLA,3
TIK03361,2026-03-23,Senin,10:05,Akademik,Internet/WiFi,Sedang,Form Online,59,9.4,1,Tidak,Sesuai SLA,4
TIK03362,2026-03-23,Senin,10:15,Laboratorium,Sistem Akademik,Tinggi,WhatsApp,27,11.7,2,Ya,Lewat SLA,3
TIK03363,2026-03-23,Senin,10:20,Keuangan,Printer,Rendah,WhatsApp,45,3.5,1,Tidak,Sesuai SLA,5
TIK03364,2026-03-23,Senin,10:20,Akademik,Sistem Akademik,Rendah,WhatsApp,53,12.6,2,Ya,Sesuai SLA,4
TIK03365,2026-03-23,Senin,10:40,Akademik,Proyektor,Rendah,Form Online,58,2.9,1,Tidak,Sesuai SLA,5
TIK03366,2026-03-23,Senin,11:05,Kemahasiswaan,Komputer/Laptop,Sedang,WhatsApp,30,8.0,2,Tidak,Sesuai SLA,4
TIK03367,2026-03-23,Senin,11:05,Keuangan,Internet/WiFi,Rendah,Datang Langsung,51,5.5,2,Tidak,Sesuai SLA,4
TIK03368,2026-03-23,Senin,11:10,Akademik,Internet/WiFi,Rendah,WhatsApp,39,7.6,1,Tidak,Sesuai SLA,4
TIK03369,2026-03-23,Senin,11:40,Akademik,Akun/Login,Rendah,WhatsApp,46,1.9,1,Tidak,Sesuai SLA,5
TIK03370,2026-03-23,Senin,11:45,Keuangan,Sistem Akademik,Sedang,WhatsApp,34,10.1,1,Tidak,Lewat SLA,3
TIK03371,2026-03-23,Senin,11:50,Perpustakaan,Komputer/Laptop,Sedang,Form Online,74,8.1,1,Tidak,Sesuai SLA,5
TIK03372,2026-03-23,Senin,12:10,Umum,Akun/Login,Rendah,Email,70,6.0,2,Tidak,Sesuai SLA,4
TIK03373,2026-03-23,Senin,12:15,Laboratorium,Internet/WiFi,Tinggi,WhatsApp,25,9.6,1,Ya,Lewat SLA,3
TIK03374,2026-03-23,Senin,12:20,Akademik,Proyektor,Sedang,WhatsApp,28,2.4,1,Tidak,Sesuai SLA,5
TIK03375,2026-03-23,Senin,12:25,Laboratorium,Sistem Akademik,Sedang,Email,69,13.2,1,Tidak,Lewat SLA,3
TIK03376,2026-03-23,Senin,12:30,Laboratorium,Internet/WiFi,Tinggi,WhatsApp,29,7.0,3,Tidak,Lewat SLA,3
TIK03377,2026-03-23,Senin,12:30,Program Studi,Internet/WiFi,Tinggi,Email,66,11.9,3,Tidak,Lewat SLA,3
TIK03378,2026-03-23,Senin,12:50,Akademik,Sistem Akademik,Sedang,Form Online,47,10.7,2,Tidak,Lewat SLA,4
TIK03379,2026-03-23,Senin,12:50,Program Studi,Sistem Akademik,Tinggi,Form Online,29,12.1,1,Ya,Lewat SLA,3
TIK03380,2026-03-23,Senin,12:55,Kemahasiswaan,Internet/WiFi,Sedang,WhatsApp,42,7.3,1,Tidak,Sesuai SLA,5
TIK03381,2026-03-23,Senin,13:30,Keuangan,Proyektor,Rendah,WhatsApp,57,2.1,1,Tidak,Sesuai SLA,5
TIK03382,2026-03-23,Senin,13:40,Akademik,Printer,Rendah,Email,69,3.6,1,Tidak,Sesuai SLA,5
TIK03383,2026-03-23,Senin,14:20,Laboratorium,Akun/Login,Sedang,WhatsApp,69,3.8,1,Tidak,Sesuai SLA,4
TIK03384,2026-03-23,Senin,14:30,Laboratorium,Akun/Login,Rendah,Email,81,4.9,1,Tidak,Sesuai SLA,4
TIK03385,2026-03-23,Senin,15:10,Akademik,Proyektor,Sedang,WhatsApp,38,4.6,2,Tidak,Sesuai SLA,3
TIK03386,2026-03-23,Senin,16:45,Program Studi,Komputer/Laptop,Sedang,Datang Langsung,27,6.4,1,Tidak,Sesuai SLA,4
TIK03387,2026-03-23,Senin,17:55,Program Studi,Komputer/Laptop,Rendah,WhatsApp,37,5.1,1,Tidak,Sesuai SLA,3
TIK03388,2026-03-24,Selasa,07:00,Akademik,Internet/WiFi,Rendah,Email,69,8.5,2,Tidak,Sesuai SLA,4
TIK03389,2026-03-24,Selasa,07:00,Keuangan,Komputer/Laptop,Rendah,Form Online,57,6.3,1,Tidak,Sesuai SLA,4
TIK03390,2026-03-24,Selasa,07:05,Laboratorium,Akun/Login,Sedang,WhatsApp,22,3.9,1,Tidak,Sesuai SLA,5
TIK03391,2026-03-24,Selasa,09:10,Program Studi,Internet/WiFi,Sedang,Form Online,43,5.8,2,Tidak,Sesuai SLA,5
TIK03392,2026-03-24,Selasa,09:10,Keuangan,Komputer/Laptop,Rendah,Form Online,64,8.3,1,Tidak,Sesuai SLA,3
TIK03393,2026-03-24,Selasa,09:10,Program Studi,Komputer/Laptop,Sedang,WhatsApp,47,6.0,1,Tidak,Sesuai SLA,4
TIK03394,2026-03-24,Selasa,09:35,Laboratorium,Internet/WiFi,Tinggi,Email,81,10.4,2,Tidak,Lewat SLA,3
TIK03395,2026-03-24,Selasa,09:40,Perpustakaan,Akun/Login,Rendah,Form Online,51,2.5,2,Tidak,Sesuai SLA,5
TIK03396,2026-03-24,Selasa,10:10,Akademik,Sistem Akademik,Tinggi,Form Online,53,11.0,2,Tidak,Lewat SLA,4
TIK03397,2026-03-24,Selasa,10:10,Laboratorium,Sistem Akademik,Sedang,Email,72,13.0,2,Tidak,Lewat SLA,3
TIK03398,2026-03-24,Selasa,10:30,Kemahasiswaan,Internet/WiFi,Tinggi,Form Online,32,10.1,2,Tidak,Lewat SLA,4
TIK03399,2026-03-24,Selasa,10:55,Umum,Printer,Rendah,Form Online,78,2.9,1,Tidak,Sesuai SLA,5
TIK03400,2026-03-24,Selasa,11:00,Akademik,Akun/Login,Sedang,Datang Langsung,67,2.8,2,Tidak,Sesuai SLA,4
TIK03401,2026-03-24,Selasa,11:00,Program Studi,Akun/Login,Rendah,Email,72,4.2,1,Tidak,Sesuai SLA,4
TIK03402,2026-03-24,Selasa,11:20,Kemahasiswaan,Proyektor,Sedang,WhatsApp,60,4.4,1,Tidak,Sesuai SLA,3
TIK03403,2026-03-24,Selasa,11:30,Kemahasiswaan,Internet/WiFi,Tinggi,Form Online,35,17.9,1,Ya,Lewat SLA,3
TIK03404,2026-03-24,Selasa,11:30,Laboratorium,Internet/WiFi,Rendah,Form Online,76,7.7,1,Tidak,Sesuai SLA,3
TIK03405,2026-03-24,Selasa,11:30,Perpustakaan,Printer,Rendah,WhatsApp,46,4.4,2,Tidak,Sesuai SLA,5
TIK03406,2026-03-24,Selasa,11:50,Akademik,Akun/Login,Sedang,Form Online,42,1.8,1,Tidak,Sesuai SLA,4
TIK03407,2026-03-24,Selasa,11:55,Program Studi,Proyektor,Sedang,Email,81,4.3,1,Tidak,Sesuai SLA,5
TIK03408,2026-03-24,Selasa,12:15,Umum,Sistem Akademik,Sedang,WhatsApp,22,10.3,2,Ya,Lewat SLA,3
TIK03409,2026-03-24,Selasa,12:20,Laboratorium,Internet/WiFi,Sedang,Datang Langsung,78,10.3,1,Ya,Lewat SLA,3
TIK03410,2026-03-24,Selasa,12:30,Program Studi,Internet/WiFi,Rendah,Email,81,7.6,1,Tidak,Sesuai SLA,4
TIK03411,2026-03-24,Selasa,12:30,Laboratorium,Akun/Login,Sedang,Form Online,68,4.4,1,Tidak,Sesuai SLA,4
TIK03412,2026-03-24,Selasa,12:35,Laboratorium,Akun/Login,Sedang,WhatsApp,33,4.7,1,Tidak,Sesuai SLA,4
TIK03413,2026-03-24,Selasa,12:40,Umum,Internet/WiFi,Rendah,Email,93,11.3,1,Tidak,Sesuai SLA,4
TIK03414,2026-03-24,Selasa,12:55,Keuangan,Sistem Akademik,Tinggi,WhatsApp,29,11.8,1,Tidak,Lewat SLA,2
TIK03415,2026-03-24,Selasa,12:55,Umum,Internet/WiFi,Tinggi,Form Online,29,10.9,1,Tidak,Lewat SLA,3
TIK03416,2026-03-24,Selasa,13:10,Laboratorium,Sistem Akademik,Sedang,WhatsApp,22,10.1,2,Tidak,Lewat SLA,3
TIK03417,2026-03-24,Selasa,14:00,Umum,Sistem Akademik,Rendah,Datang Langsung,58,7.6,2,Tidak,Sesuai SLA,5
TIK03418,2026-03-24,Selasa,14:05,Akademik,Akun/Login,Rendah,Form Online,60,4.3,1,Tidak,Sesuai SLA,4
TIK03419,2026-03-24,Selasa,14:15,Keuangan,Proyektor,Sedang,WhatsApp,29,2.0,1,Tidak,Sesuai SLA,5
TIK03420,2026-03-24,Selasa,15:10,Laboratorium,Sistem Akademik,Tinggi,WhatsApp,23,11.4,1,Tidak,Lewat SLA,3
TIK03421,2026-03-24,Selasa,15:20,Akademik,Akun/Login,Rendah,Email,69,2.8,1,Tidak,Sesuai SLA,4
TIK03422,2026-03-24,Selasa,16:05,Akademik,Komputer/Laptop,Sedang,Form Online,48,8.7,1,Tidak,Sesuai SLA,4
TIK03423,2026-03-25,Rabu,07:05,Program Studi,Internet/WiFi,Sedang,WhatsApp,63,14.5,1,Tidak,Lewat SLA,3
TIK03424,2026-03-25,Rabu,07:05,Akademik,Komputer/Laptop,Rendah,WhatsApp,40,7.5,1,Tidak,Sesuai SLA,4
TIK03425,2026-03-25,Rabu,07:10,Akademik,Akun/Login,Tinggi,Form Online,54,7.0,1,Ya,Lewat SLA,3
TIK03426,2026-03-25,Rabu,07:25,Akademik,Komputer/Laptop,Rendah,Form Online,74,5.9,2,Tidak,Sesuai SLA,3
TIK03427,2026-03-25,Rabu,07:25,Program Studi,Sistem Akademik,Sedang,Datang Langsung,24,8.8,1,Tidak,Sesuai SLA,4
TIK03428,2026-03-25,Rabu,07:25,Laboratorium,Internet/WiFi,Sedang,WhatsApp,31,11.5,1,Tidak,Lewat SLA,4
TIK03429,2026-03-25,Rabu,07:30,Akademik,Sistem Akademik,Rendah,WhatsApp,46,11.6,1,Ya,Sesuai SLA,2
TIK03430,2026-03-25,Rabu,07:35,Umum,Komputer/Laptop,Rendah,WhatsApp,62,4.8,1,Tidak,Sesuai SLA,4
TIK03431,2026-03-25,Rabu,07:45,Laboratorium,Internet/WiFi,Sedang,WhatsApp,29,6.1,1,Tidak,Sesuai SLA,4
TIK03432,2026-03-25,Rabu,07:45,Umum,Akun/Login,Sedang,WhatsApp,34,2.9,1,Tidak,Sesuai SLA,4
TIK03433,2026-03-25,Rabu,07:45,Perpustakaan,Proyektor,Sedang,Email,72,6.3,1,Tidak,Sesuai SLA,4
TIK03434,2026-03-25,Rabu,07:55,Laboratorium,Sistem Akademik,Rendah,Form Online,74,11.6,1,Ya,Sesuai SLA,3
TIK03435,2026-03-25,Rabu,08:05,Kemahasiswaan,Printer,Rendah,Form Online,58,4.1,1,Tidak,Sesuai SLA,5
TIK03436,2026-03-25,Rabu,08:45,Umum,Sistem Akademik,Sedang,WhatsApp,54,7.9,1,Tidak,Sesuai SLA,4
TIK03437,2026-03-25,Rabu,08:45,Program Studi,Akun/Login,Rendah,Email,89,6.7,1,Tidak,Sesuai SLA,4
TIK03438,2026-03-25,Rabu,09:10,Laboratorium,Komputer/Laptop,Sedang,WhatsApp,44,8.6,1,Tidak,Sesuai SLA,4
TIK03439,2026-03-25,Rabu,09:25,Kemahasiswaan,Komputer/Laptop,Rendah,Form Online,86,6.4,1,Tidak,Sesuai SLA,4
TIK03440,2026-03-25,Rabu,09:30,Program Studi,Sistem Akademik,Sedang,Form Online,41,13.5,1,Ya,Lewat SLA,3
TIK03441,2026-03-25,Rabu,09:45,Laboratorium,Internet/WiFi,Rendah,Email,75,7.8,1,Tidak,Sesuai SLA,2
TIK03442,2026-03-25,Rabu,10:05,Akademik,Sistem Akademik,Tinggi,WhatsApp,19,12.1,1,Tidak,Lewat SLA,3
TIK03443,2026-03-25,Rabu,10:10,Kemahasiswaan,Sistem Akademik,Rendah,WhatsApp,43,7.1,1,Tidak,Sesuai SLA,4
TIK03444,2026-03-25,Rabu,10:10,Program Studi,Akun/Login,Rendah,Datang Langsung,102,3.3,2,Tidak,Sesuai SLA,5
TIK03445,2026-03-25,Rabu,10:20,Keuangan,Sistem Akademik,Rendah,WhatsApp,56,8.4,1,Tidak,Sesuai SLA,4
TIK03446,2026-03-25,Rabu,10:20,Laboratorium,Sistem Akademik,Tinggi,WhatsApp,91,11.6,1,Tidak,Lewat SLA,1
TIK03447,2026-03-25,Rabu,10:30,Program Studi,Printer,Sedang,Datang Langsung,15,4.6,2,Tidak,Sesuai SLA,4
TIK03448,2026-03-25,Rabu,10:40,Akademik,Printer,Rendah,Form Online,62,3.8,1,Tidak,Sesuai SLA,5
TIK03449,2026-03-25,Rabu,10:50,Keuangan,Akun/Login,Rendah,Form Online,64,2.9,1,Tidak,Sesuai SLA,5
TIK03450,2026-03-25,Rabu,11:00,Laboratorium,Komputer/Laptop,Sedang,WhatsApp,20,6.8,2,Tidak,Sesuai SLA,5
TIK03451,2026-03-25,Rabu,11:15,Perpustakaan,Proyektor,Rendah,Email,73,6.1,1,Tidak,Sesuai SLA,4
TIK03452,2026-03-25,Rabu,11:15,Akademik,Akun/Login,Rendah,WhatsApp,40,1.3,2,Tidak,Sesuai SLA,5
TIK03453,2026-03-25,Rabu,11:20,Akademik,Akun/Login,Sedang,WhatsApp,27,1.8,2,Tidak,Sesuai SLA,5
TIK03454,2026-03-25,Rabu,11:45,Akademik,Sistem Akademik,Sedang,Email,64,10.1,2,Tidak,Lewat SLA,3
TIK03455,2026-03-25,Rabu,11:50,Akademik,Sistem Akademik,Sedang,WhatsApp,26,9.9,1,Ya,Sesuai SLA,4
TIK03456,2026-03-25,Rabu,11:50,Akademik,Internet/WiFi,Rendah,Datang Langsung,44,6.2,2,Tidak,Sesuai SLA,4
TIK03457,2026-03-25,Rabu,11:55,Laboratorium,Printer,Rendah,Email,70,4.5,1,Tidak,Sesuai SLA,4
TIK03458,2026-03-25,Rabu,11:55,Keuangan,Proyektor,Rendah,WhatsApp,86,2.1,1,Tidak,Sesuai SLA,5
TIK03459,2026-03-25,Rabu,12:30,Keuangan,Komputer/Laptop,Rendah,Form Online,55,5.3,1,Tidak,Sesuai SLA,4
TIK03460,2026-03-25,Rabu,12:30,Program Studi,Komputer/Laptop,Sedang,Datang Langsung,23,4.9,1,Tidak,Sesuai SLA,3
TIK03461,2026-03-25,Rabu,12:40,Laboratorium,Komputer/Laptop,Rendah,WhatsApp,44,4.7,1,Tidak,Sesuai SLA,5
TIK03462,2026-03-25,Rabu,12:50,Laboratorium,Komputer/Laptop,Rendah,Form Online,70,6.1,1,Tidak,Sesuai SLA,5
TIK03463,2026-03-25,Rabu,12:50,Kemahasiswaan,Sistem Akademik,Sedang,Datang Langsung,26,10.1,1,Ya,Lewat SLA,3
TIK03464,2026-03-25,Rabu,12:50,Laboratorium,Proyektor,Rendah,Form Online,70,1.6,1,Tidak,Sesuai SLA,4
TIK03465,2026-03-25,Rabu,12:50,Keuangan,Printer,Rendah,Form Online,91,4.3,2,Tidak,Sesuai SLA,4
TIK03466,2026-03-25,Rabu,13:35,Program Studi,Sistem Akademik,Tinggi,Form Online,44,9.2,2,Tidak,Lewat SLA,3
TIK03467,2026-03-25,Rabu,13:50,Kemahasiswaan,Internet/WiFi,Sedang,Form Online,81,11.5,1,Tidak,Lewat SLA,4
TIK03468,2026-03-25,Rabu,14:35,Program Studi,Internet/WiFi,Rendah,WhatsApp,44,7.7,1,Ya,Sesuai SLA,5
TIK03469,2026-03-25,Rabu,14:45,Laboratorium,Komputer/Laptop,Rendah,Form Online,89,4.5,1,Tidak,Sesuai SLA,4
TIK03470,2026-03-25,Rabu,14:45,Perpustakaan,Printer,Sedang,WhatsApp,81,5.7,2,Tidak,Sesuai SLA,5
TIK03471,2026-03-25,Rabu,15:35,Kemahasiswaan,Internet/WiFi,Rendah,WhatsApp,47,6.2,1,Tidak,Sesuai SLA,3
TIK03472,2026-03-25,Rabu,15:45,Program Studi,Internet/WiFi,Rendah,WhatsApp,62,7.6,1,Tidak,Sesuai SLA,3
TIK03473,2026-03-25,Rabu,15:45,Umum,Sistem Akademik,Tinggi,WhatsApp,18,11.3,1,Ya,Lewat SLA,4
TIK03474,2026-03-26,Kamis,07:00,Laboratorium,Proyektor,Sedang,Form Online,44,4.4,1,Tidak,Sesuai SLA,4
TIK03475,2026-03-26,Kamis,07:10,Akademik,Akun/Login,Sedang,Form Online,39,9.6,2,Tidak,Sesuai SLA,3
TIK03476,2026-03-26,Kamis,07:35,Keuangan,Internet/WiFi,Sedang,Form Online,62,8.9,1,Tidak,Sesuai SLA,4
TIK03477,2026-03-26,Kamis,07:45,Program Studi,Proyektor,Rendah,Form Online,66,1.9,2,Tidak,Sesuai SLA,5
TIK03478,2026-03-26,Kamis,07:55,Program Studi,Sistem Akademik,Rendah,Email,101,9.0,2,Tidak,Sesuai SLA,4
TIK03479,2026-03-26,Kamis,08:15,Keuangan,Sistem Akademik,Rendah,WhatsApp,46,7.7,1,Tidak,Sesuai SLA,5
TIK03480,2026-03-26,Kamis,08:15,Keuangan,Internet/WiFi,Tinggi,Form Online,43,9.0,1,Tidak,Lewat SLA,4
TIK03481,2026-03-26,Kamis,08:45,Keuangan,Printer,Rendah,Datang Langsung,38,3.2,2,Tidak,Sesuai SLA,4
TIK03482,2026-03-26,Kamis,08:55,Program Studi,Sistem Akademik,Sedang,Form Online,36,9.1,1,Tidak,Sesuai SLA,4
TIK03483,2026-03-26,Kamis,09:00,Akademik,Proyektor,Rendah,Form Online,62,4.2,2,Tidak,Sesuai SLA,5
TIK03484,2026-03-26,Kamis,09:05,Laboratorium,Sistem Akademik,Sedang,Email,62,10.3,1,Tidak,Lewat SLA,3
TIK03485,2026-03-26,Kamis,09:20,Program Studi,Komputer/Laptop,Rendah,WhatsApp,36,4.7,2,Tidak,Sesuai SLA,4
TIK03486,2026-03-26,Kamis,09:40,Kemahasiswaan,Printer,Sedang,Form Online,59,3.3,2,Tidak,Sesuai SLA,4
TIK03487,2026-03-26,Kamis,09:50,Laboratorium,Akun/Login,Rendah,Email,93,5.5,1,Tidak,Sesuai SLA,4
TIK03488,2026-03-26,Kamis,09:55,Laboratorium,Proyektor,Sedang,Form Online,51,2.6,2,Tidak,Sesuai SLA,5
TIK03489,2026-03-26,Kamis,09:55,Akademik,Komputer/Laptop,Sedang,WhatsApp,43,5.8,2,Tidak,Sesuai SLA,4
TIK03490,2026-03-26,Kamis,10:20,Keuangan,Proyektor,Rendah,Email,71,4.8,2,Ya,Sesuai SLA,4
TIK03491,2026-03-26,Kamis,10:25,Laboratorium,Printer,Sedang,Email,71,5.6,1,Tidak,Sesuai SLA,4
TIK03492,2026-03-26,Kamis,10:25,Laboratorium,Internet/WiFi,Sedang,Email,79,8.3,1,Tidak,Sesuai SLA,4
TIK03493,2026-03-26,Kamis,10:45,Umum,Sistem Akademik,Sedang,WhatsApp,28,9.4,1,Tidak,Sesuai SLA,3
TIK03494,2026-03-26,Kamis,10:50,Program Studi,Akun/Login,Sedang,WhatsApp,40,5.2,1,Tidak,Sesuai SLA,5
TIK03495,2026-03-26,Kamis,10:50,Laboratorium,Internet/WiFi,Sedang,WhatsApp,25,8.2,1,Tidak,Sesuai SLA,4
TIK03496,2026-03-26,Kamis,10:50,Keuangan,Sistem Akademik,Sedang,Form Online,47,9.1,2,Tidak,Sesuai SLA,3
TIK03497,2026-03-26,Kamis,11:10,Umum,Printer,Rendah,Form Online,54,5.0,1,Tidak,Sesuai SLA,4
TIK03498,2026-03-26,Kamis,11:20,Kemahasiswaan,Internet/WiFi,Tinggi,Datang Langsung,14,7.1,1,Tidak,Lewat SLA,4
TIK03499,2026-03-26,Kamis,11:30,Laboratorium,Internet/WiFi,Tinggi,Form Online,35,10.1,1,Ya,Lewat SLA,3
TIK03500,2026-03-26,Kamis,11:35,Keuangan,Akun/Login,Tinggi,Form Online,41,5.7,2,Tidak,Sesuai SLA,4
TIK03501,2026-03-26,Kamis,11:40,Laboratorium,Sistem Akademik,Tinggi,Form Online,50,10.0,1,Tidak,Lewat SLA,3
TIK03502,2026-03-26,Kamis,11:40,Akademik,Akun/Login,Rendah,WhatsApp,39,2.9,1,Tidak,Sesuai SLA,5
TIK03503,2026-03-26,Kamis,11:50,Akademik,Akun/Login,Rendah,WhatsApp,42,2.0,1,Tidak,Sesuai SLA,4
TIK03504,2026-03-26,Kamis,11:50,Akademik,Sistem Akademik,Rendah,WhatsApp,38,9.1,1,Tidak,Sesuai SLA,4
TIK03505,2026-03-26,Kamis,11:55,Program Studi,Printer,Rendah,WhatsApp,56,4.9,1,Ya,Sesuai SLA,4
TIK03506,2026-03-26,Kamis,12:00,Keuangan,Komputer/Laptop,Rendah,Form Online,86,4.5,2,Tidak,Sesuai SLA,4
TIK03507,2026-03-26,Kamis,12:00,Akademik,Komputer/Laptop,Sedang,WhatsApp,34,5.9,1,Tidak,Sesuai SLA,4
TIK03508,2026-03-26,Kamis,12:10,Keuangan,Internet/WiFi,Tinggi,WhatsApp,35,9.7,1,Tidak,Lewat SLA,4
TIK03509,2026-03-26,Kamis,12:15,Kemahasiswaan,Komputer/Laptop,Rendah,Email,78,6.3,2,Tidak,Sesuai SLA,4
TIK03510,2026-03-26,Kamis,12:20,Program Studi,Komputer/Laptop,Rendah,Datang Langsung,38,6.4,2,Tidak,Sesuai SLA,4
TIK03511,2026-03-26,Kamis,12:30,Perpustakaan,Internet/WiFi,Sedang,Datang Langsung,26,10.7,1,Ya,Lewat SLA,2
TIK03512,2026-03-26,Kamis,12:35,Akademik,Akun/Login,Rendah,Email,71,5.7,1,Tidak,Sesuai SLA,5
TIK03513,2026-03-26,Kamis,12:50,Laboratorium,Akun/Login,Rendah,WhatsApp,36,3.9,2,Tidak,Sesuai SLA,5
TIK03514,2026-03-26,Kamis,12:55,Akademik,Sistem Akademik,Sedang,WhatsApp,31,16.0,1,Ya,Lewat SLA,2
TIK03515,2026-03-26,Kamis,12:55,Akademik,Internet/WiFi,Sedang,WhatsApp,31,12.8,1,Ya,Lewat SLA,3
TIK03516,2026-03-26,Kamis,13:00,Keuangan,Internet/WiFi,Sedang,Form Online,57,9.9,1,Tidak,Sesuai SLA,4
TIK03517,2026-03-26,Kamis,13:20,Umum,Komputer/Laptop,Rendah,WhatsApp,51,5.3,1,Tidak,Sesuai SLA,4
TIK03518,2026-03-26,Kamis,13:25,Akademik,Sistem Akademik,Sedang,Form Online,56,7.6,1,Tidak,Sesuai SLA,4
TIK03519,2026-03-26,Kamis,13:35,Program Studi,Proyektor,Rendah,WhatsApp,58,4.3,1,Tidak,Sesuai SLA,4
TIK03520,2026-03-26,Kamis,13:45,Laboratorium,Proyektor,Rendah,Email,96,4.4,1,Tidak,Sesuai SLA,5
TIK03521,2026-03-26,Kamis,15:00,Akademik,Internet/WiFi,Sedang,Form Online,52,11.4,1,Ya,Lewat SLA,3
TIK03522,2026-03-26,Kamis,15:05,Kemahasiswaan,Printer,Rendah,Form Online,55,3.4,1,Tidak,Sesuai SLA,4
TIK03523,2026-03-26,Kamis,15:50,Kemahasiswaan,Komputer/Laptop,Rendah,Form Online,57,4.3,1,Tidak,Sesuai SLA,4
TIK03524,2026-03-26,Kamis,15:55,Laboratorium,Internet/WiFi,Tinggi,Email,64,10.3,1,Ya,Lewat SLA,3
TIK03525,2026-03-26,Kamis,16:25,Laboratorium,Internet/WiFi,Rendah,Email,94,12.3,2,Ya,Sesuai SLA,3
TIK03526,2026-03-26,Kamis,16:30,Laboratorium,Printer,Rendah,Form Online,55,2.3,2,Tidak,Sesuai SLA,5
TIK03527,2026-03-26,Kamis,16:40,Keuangan,Internet/WiFi,Rendah,Form Online,78,7.6,2,Ya,Sesuai SLA,4
TIK03528,2026-03-26,Kamis,16:55,Program Studi,Akun/Login,Rendah,WhatsApp,52,2.1,1,Tidak,Sesuai SLA,5
TIK03529,2026-03-27,Jumat,07:00,Laboratorium,Komputer/Laptop,Rendah,WhatsApp,35,6.4,1,Tidak,Sesuai SLA,4
TIK03530,2026-03-27,Jumat,07:20,Akademik,Sistem Akademik,Sedang,Email,83,12.5,1,Tidak,Lewat SLA,3
TIK03531,2026-03-27,Jumat,07:20,Program Studi,Internet/WiFi,Sedang,WhatsApp,19,6.9,1,Tidak,Sesuai SLA,4
TIK03532,2026-03-27,Jumat,07:20,Akademik,Printer,Rendah,WhatsApp,48,4.0,2,Tidak,Sesuai SLA,5
TIK03533,2026-03-27,Jumat,07:25,Program Studi,Sistem Akademik,Sedang,Form Online,65,9.8,1,Tidak,Sesuai SLA,4
TIK03534,2026-03-27,Jumat,08:05,Perpustakaan,Sistem Akademik,Tinggi,Datang Langsung,31,7.9,2,Tidak,Lewat SLA,3
TIK03535,2026-03-27,Jumat,08:15,Umum,Sistem Akademik,Rendah,WhatsApp,32,7.2,2,Tidak,Sesuai SLA,4
TIK03536,2026-03-27,Jumat,08:25,Akademik,Internet/WiFi,Rendah,WhatsApp,40,7.3,1,Tidak,Sesuai SLA,4
TIK03537,2026-03-27,Jumat,08:30,Laboratorium,Internet/WiFi,Tinggi,WhatsApp,30,12.2,2,Ya,Lewat SLA,3
TIK03538,2026-03-27,Jumat,08:45,Perpustakaan,Akun/Login,Rendah,Email,74,3.0,1,Tidak,Sesuai SLA,4
TIK03539,2026-03-27,Jumat,08:55,Laboratorium,Sistem Akademik,Sedang,WhatsApp,26,12.7,1,Ya,Lewat SLA,3
TIK03540,2026-03-27,Jumat,09:20,Program Studi,Internet/WiFi,Tinggi,WhatsApp,21,12.2,1,Ya,Lewat SLA,4
TIK03541,2026-03-27,Jumat,09:20,Akademik,Internet/WiFi,Rendah,WhatsApp,37,7.2,1,Tidak,Sesuai SLA,3
TIK03542,2026-03-27,Jumat,09:25,Akademik,Sistem Akademik,Sedang,Email,76,11.4,2,Tidak,Lewat SLA,3
TIK03543,2026-03-27,Jumat,09:25,Akademik,Internet/WiFi,Sedang,WhatsApp,66,5.8,2,Tidak,Sesuai SLA,4
TIK03544,2026-03-27,Jumat,09:30,Perpustakaan,Printer,Sedang,WhatsApp,27,6.6,1,Ya,Sesuai SLA,5
TIK03545,2026-03-27,Jumat,10:05,Kemahasiswaan,Sistem Akademik,Sedang,Email,75,10.3,2,Tidak,Lewat SLA,3
TIK03546,2026-03-27,Jumat,10:25,Perpustakaan,Internet/WiFi,Tinggi,Email,52,10.5,2,Tidak,Lewat SLA,3
TIK03547,2026-03-27,Jumat,10:45,Program Studi,Sistem Akademik,Tinggi,Form Online,37,10.7,2,Tidak,Lewat SLA,3
TIK03548,2026-03-27,Jumat,11:00,Program Studi,Sistem Akademik,Sedang,Email,94,11.0,1,Ya,Lewat SLA,2
TIK03549,2026-03-27,Jumat,11:20,Keuangan,Internet/WiFi,Tinggi,WhatsApp,23,12.4,2,Tidak,Lewat SLA,4
TIK03550,2026-03-27,Jumat,11:20,Kemahasiswaan,Akun/Login,Rendah,WhatsApp,49,4.1,1,Tidak,Sesuai SLA,5
TIK03551,2026-03-27,Jumat,11:25,Laboratorium,Akun/Login,Sedang,WhatsApp,34,3.6,1,Tidak,Sesuai SLA,5
TIK03552,2026-03-27,Jumat,11:45,Perpustakaan,Internet/WiFi,Sedang,Form Online,46,7.8,1,Tidak,Sesuai SLA,5
TIK03553,2026-03-27,Jumat,11:55,Laboratorium,Akun/Login,Tinggi,Email,60,5.5,1,Tidak,Sesuai SLA,4
TIK03554,2026-03-27,Jumat,12:05,Perpustakaan,Internet/WiFi,Tinggi,Form Online,52,15.8,2,Ya,Lewat SLA,2
TIK03555,2026-03-27,Jumat,12:10,Umum,Akun/Login,Rendah,Form Online,87,4.7,2,Tidak,Sesuai SLA,4
TIK03556,2026-03-27,Jumat,12:25,Akademik,Komputer/Laptop,Rendah,WhatsApp,39,5.3,1,Tidak,Sesuai SLA,5
TIK03557,2026-03-27,Jumat,12:40,Program Studi,Printer,Tinggi,Form Online,44,4.8,2,Tidak,Sesuai SLA,4
TIK03558,2026-03-27,Jumat,12:55,Program Studi,Internet/WiFi,Rendah,Email,77,7.3,1,Tidak,Sesuai SLA,5
TIK03559,2026-03-27,Jumat,13:10,Perpustakaan,Sistem Akademik,Sedang,WhatsApp,33,7.2,1,Tidak,Sesuai SLA,5
TIK03560,2026-03-27,Jumat,13:55,Laboratorium,Internet/WiFi,Sedang,Email,78,8.0,1,Tidak,Sesuai SLA,4
TIK03561,2026-03-27,Jumat,16:05,Akademik,Komputer/Laptop,Sedang,Email,58,9.6,1,Tidak,Sesuai SLA,4
TIK03562,2026-03-27,Jumat,16:30,Kemahasiswaan,Sistem Akademik,Sedang,WhatsApp,35,8.1,1,Tidak,Sesuai SLA,4
TIK03563,2026-03-28,Sabtu,07:10,Program Studi,Printer,Rendah,Form Online,64,2.7,1,Tidak,Sesuai SLA,4
TIK03564,2026-03-28,Sabtu,07:15,Program Studi,Internet/WiFi,Sedang,Email,60,12.4,2,Ya,Lewat SLA,1
TIK03565,2026-03-28,Sabtu,07:30,Program Studi,Internet/WiFi,Sedang,Datang Langsung,27,5.5,1,Tidak,Sesuai SLA,3
TIK03566,2026-03-28,Sabtu,07:30,Umum,Printer,Rendah,Email,70,5.2,1,Tidak,Sesuai SLA,4
TIK03567,2026-03-28,Sabtu,07:40,Laboratorium,Akun/Login,Sedang,Datang Langsung,43,1.2,1,Tidak,Sesuai SLA,5
TIK03568,2026-03-28,Sabtu,07:50,Perpustakaan,Internet/WiFi,Rendah,Form Online,61,7.7,1,Tidak,Sesuai SLA,4
TIK03569,2026-03-28,Sabtu,07:55,Akademik,Internet/WiFi,Sedang,Form Online,49,11.3,2,Ya,Lewat SLA,3
TIK03570,2026-03-28,Sabtu,08:05,Akademik,Akun/Login,Tinggi,WhatsApp,49,3.5,3,Tidak,Sesuai SLA,4
TIK03571,2026-03-28,Sabtu,08:25,Program Studi,Internet/WiFi,Rendah,WhatsApp,66,12.3,2,Ya,Sesuai SLA,5
TIK03572,2026-03-28,Sabtu,08:30,Program Studi,Komputer/Laptop,Sedang,Form Online,39,6.2,1,Tidak,Sesuai SLA,4
TIK03573,2026-03-28,Sabtu,09:05,Umum,Sistem Akademik,Rendah,Email,68,8.8,2,Tidak,Sesuai SLA,3
TIK03574,2026-03-28,Sabtu,09:10,Laboratorium,Proyektor,Rendah,Form Online,57,3.8,1,Tidak,Sesuai SLA,4
TIK03575,2026-03-28,Sabtu,09:10,Program Studi,Internet/WiFi,Rendah,WhatsApp,51,10.3,1,Ya,Sesuai SLA,4
TIK03576,2026-03-28,Sabtu,09:20,Laboratorium,Komputer/Laptop,Sedang,Datang Langsung,20,4.4,1,Tidak,Sesuai SLA,5
TIK03577,2026-03-28,Sabtu,09:20,Akademik,Akun/Login,Rendah,Email,84,3.7,1,Tidak,Sesuai SLA,4
TIK03578,2026-03-28,Sabtu,09:25,Perpustakaan,Komputer/Laptop,Sedang,Datang Langsung,45,4.4,2,Tidak,Sesuai SLA,5
TIK03579,2026-03-28,Sabtu,09:35,Akademik,Akun/Login,Rendah,WhatsApp,32,4.3,1,Ya,Sesuai SLA,5
TIK03580,2026-03-28,Sabtu,09:45,Keuangan,Akun/Login,Sedang,Form Online,42,1.5,1,Tidak,Sesuai SLA,4
TIK03581,2026-03-28,Sabtu,10:00,Laboratorium,Komputer/Laptop,Sedang,Form Online,82,7.7,1,Tidak,Sesuai SLA,3
TIK03582,2026-03-28,Sabtu,10:10,Laboratorium,Internet/WiFi,Rendah,Email,71,6.7,1,Tidak,Sesuai SLA,4
TIK03583,2026-03-28,Sabtu,10:10,Keuangan,Akun/Login,Rendah,Datang Langsung,42,0.8,2,Tidak,Sesuai SLA,5
TIK03584,2026-03-28,Sabtu,10:10,Program Studi,Akun/Login,Rendah,Email,94,4.6,1,Tidak,Sesuai SLA,5
TIK03585,2026-03-28,Sabtu,10:10,Program Studi,Sistem Akademik,Rendah,Form Online,55,13.6,1,Tidak,Sesuai SLA,4
TIK03586,2026-03-28,Sabtu,10:15,Laboratorium,Akun/Login,Rendah,Datang Langsung,82,1.9,2,Tidak,Sesuai SLA,5
TIK03587,2026-03-28,Sabtu,10:25,Keuangan,Komputer/Laptop,Tinggi,WhatsApp,22,10.1,3,Ya,Lewat SLA,3
TIK03588,2026-03-28,Sabtu,10:40,Akademik,Komputer/Laptop,Sedang,Form Online,59,7.7,1,Ya,Sesuai SLA,4
TIK03589,2026-03-28,Sabtu,11:05,Keuangan,Komputer/Laptop,Sedang,WhatsApp,36,7.9,2,Tidak,Sesuai SLA,5
TIK03590,2026-03-28,Sabtu,11:05,Laboratorium,Akun/Login,Sedang,WhatsApp,29,3.9,2,Tidak,Sesuai SLA,5
TIK03591,2026-03-28,Sabtu,11:25,Akademik,Proyektor,Rendah,WhatsApp,63,4.8,1,Tidak,Sesuai SLA,3
TIK03592,2026-03-28,Sabtu,11:45,Program Studi,Akun/Login,Sedang,Datang Langsung,19,3.8,1,Ya,Sesuai SLA,4
TIK03593,2026-03-28,Sabtu,11:55,Perpustakaan,Internet/WiFi,Rendah,Email,87,13.0,1,Ya,Sesuai SLA,3
TIK03594,2026-03-28,Sabtu,12:10,Keuangan,Sistem Akademik,Sedang,WhatsApp,40,7.9,1,Tidak,Sesuai SLA,4
TIK03595,2026-03-28,Sabtu,12:10,Perpustakaan,Akun/Login,Rendah,Form Online,67,2.2,1,Tidak,Sesuai SLA,4
TIK03596,2026-03-28,Sabtu,12:15,Kemahasiswaan,Akun/Login,Sedang,WhatsApp,41,4.8,1,Tidak,Sesuai SLA,4
TIK03597,2026-03-28,Sabtu,12:20,Kemahasiswaan,Akun/Login,Sedang,Form Online,60,3.0,1,Tidak,Sesuai SLA,4
TIK03598,2026-03-28,Sabtu,12:25,Akademik,Internet/WiFi,Rendah,Form Online,53,6.1,1,Tidak,Sesuai SLA,4
TIK03599,2026-03-28,Sabtu,12:45,Kemahasiswaan,Printer,Sedang,Email,73,7.7,1,Tidak,Sesuai SLA,4
TIK03600,2026-03-28,Sabtu,12:50,Akademik,Akun/Login,Rendah,Form Online,49,2.5,1,Tidak,Sesuai SLA,4
TIK03601,2026-03-28,Sabtu,13:00,Keuangan,Komputer/Laptop,Sedang,Email,63,8.5,1,Tidak,Sesuai SLA,4
TIK03602,2026-03-28,Sabtu,13:30,Akademik,Printer,Rendah,WhatsApp,42,4.4,2,Tidak,Sesuai SLA,4
TIK03603,2026-03-28,Sabtu,13:50,Akademik,Komputer/Laptop,Rendah,WhatsApp,32,5.9,1,Tidak,Sesuai SLA,4
TIK03604,2026-03-28,Sabtu,13:50,Akademik,Internet/WiFi,Sedang,WhatsApp,23,8.0,1,Tidak,Sesuai SLA,4
TIK03605,2026-03-28,Sabtu,14:20,Program Studi,Akun/Login,Sedang,Email,71,5.2,1,Tidak,Sesuai SLA,5
TIK03606,2026-03-28,Sabtu,14:30,Akademik,Sistem Akademik,Sedang,Form Online,61,10.8,1,Tidak,Lewat SLA,2
TIK03607,2026-03-28,Sabtu,14:55,Umum,Sistem Akademik,Sedang,Email,80,8.7,1,Tidak,Sesuai SLA,4
TIK03608,2026-03-28,Sabtu,15:20,Akademik,Printer,Rendah,WhatsApp,68,3.2,1,Tidak,Sesuai SLA,5
TIK03609,2026-03-28,Sabtu,16:00,Keuangan,Sistem Akademik,Sedang,WhatsApp,37,10.5,1,Ya,Lewat SLA,4
TIK03610,2026-03-28,Sabtu,16:50,Akademik,Sistem Akademik,Rendah,Datang Langsung,35,9.4,1,Ya,Sesuai SLA,4
TIK03611,2026-03-28,Sabtu,17:35,Akademik,Internet/WiFi,Sedang,Email,100,11.6,1,Ya,Lewat SLA,3
TIK03612,2026-03-29,Minggu,07:00,Laboratorium,Sistem Akademik,Tinggi,WhatsApp,20,8.3,1,Tidak,Lewat SLA,3
TIK03613,2026-03-29,Minggu,07:05,Laboratorium,Internet/WiFi,Sedang,WhatsApp,35,6.0,2,Tidak,Sesuai SLA,3
TIK03614,2026-03-29,Minggu,07:15,Akademik,Proyektor,Rendah,WhatsApp,36,2.1,1,Tidak,Sesuai SLA,5
TIK03615,2026-03-29,Minggu,07:25,Umum,Komputer/Laptop,Sedang,WhatsApp,21,8.9,1,Ya,Sesuai SLA,3
TIK03616,2026-03-29,Minggu,07:35,Umum,Akun/Login,Rendah,WhatsApp,61,4.3,1,Tidak,Sesuai SLA,5
TIK03617,2026-03-29,Minggu,07:35,Program Studi,Printer,Rendah,WhatsApp,36,3.2,1,Tidak,Sesuai SLA,4
TIK03618,2026-03-29,Minggu,08:10,Akademik,Sistem Akademik,Tinggi,Email,134,14.1,3,Ya,Lewat SLA,2
TIK03619,2026-03-29,Minggu,08:30,Kemahasiswaan,Komputer/Laptop,Tinggi,WhatsApp,12,6.8,1,Tidak,Lewat SLA,3
TIK03620,2026-03-29,Minggu,08:35,Laboratorium,Sistem Akademik,Rendah,Email,82,14.6,1,Tidak,Sesuai SLA,3
TIK03621,2026-03-29,Minggu,08:40,Perpustakaan,Printer,Rendah,Datang Langsung,35,6.5,1,Tidak,Sesuai SLA,4
TIK03622,2026-03-29,Minggu,08:50,Keuangan,Sistem Akademik,Sedang,Form Online,37,10.6,1,Ya,Lewat SLA,3
TIK03623,2026-03-29,Minggu,09:15,Umum,Internet/WiFi,Sedang,WhatsApp,44,11.1,1,Tidak,Lewat SLA,4
TIK03624,2026-03-29,Minggu,09:15,Laboratorium,Internet/WiFi,Tinggi,Form Online,31,11.3,2,Ya,Lewat SLA,3
TIK03625,2026-03-29,Minggu,09:25,Laboratorium,Komputer/Laptop,Rendah,Datang Langsung,52,5.9,2,Tidak,Sesuai SLA,5
TIK03626,2026-03-29,Minggu,09:30,Perpustakaan,Akun/Login,Sedang,Form Online,55,3.9,1,Tidak,Sesuai SLA,4
TIK03627,2026-03-29,Minggu,09:30,Keuangan,Akun/Login,Rendah,Email,69,2.4,1,Tidak,Sesuai SLA,5
TIK03628,2026-03-29,Minggu,09:40,Program Studi,Printer,Tinggi,Form Online,40,5.0,1,Tidak,Sesuai SLA,4
TIK03629,2026-03-29,Minggu,09:45,Akademik,Internet/WiFi,Sedang,WhatsApp,47,8.3,1,Tidak,Sesuai SLA,4
TIK03630,2026-03-29,Minggu,09:55,Umum,Sistem Akademik,Rendah,Datang Langsung,30,7.9,2,Tidak,Sesuai SLA,4
TIK03631,2026-03-29,Minggu,10:05,Program Studi,Printer,Sedang,Datang Langsung,21,2.4,1,Tidak,Sesuai SLA,5
TIK03632,2026-03-29,Minggu,10:10,Akademik,Internet/WiFi,Sedang,WhatsApp,48,6.7,2,Tidak,Sesuai SLA,5
TIK03633,2026-03-29,Minggu,10:35,Laboratorium,Akun/Login,Tinggi,WhatsApp,26,3.3,2,Tidak,Sesuai SLA,5
TIK03634,2026-03-29,Minggu,10:35,Akademik,Proyektor,Sedang,WhatsApp,50,4.1,1,Tidak,Sesuai SLA,4
TIK03635,2026-03-29,Minggu,10:40,Keuangan,Sistem Akademik,Sedang,Email,70,12.8,2,Ya,Lewat SLA,3
TIK03636,2026-03-29,Minggu,10:50,Laboratorium,Komputer/Laptop,Sedang,Datang Langsung,25,7.1,1,Tidak,Sesuai SLA,5
TIK03637,2026-03-29,Minggu,11:05,Kemahasiswaan,Akun/Login,Rendah,Form Online,71,3.4,1,Tidak,Sesuai SLA,5
TIK03638,2026-03-29,Minggu,11:30,Program Studi,Printer,Sedang,Form Online,40,3.6,2,Tidak,Sesuai SLA,4
TIK03639,2026-03-29,Minggu,11:50,Keuangan,Sistem Akademik,Tinggi,WhatsApp,28,12.4,1,Ya,Lewat SLA,4
TIK03640,2026-03-29,Minggu,11:55,Laboratorium,Akun/Login,Sedang,Email,98,3.5,2,Tidak,Sesuai SLA,4
TIK03641,2026-03-29,Minggu,12:35,Program Studi,Internet/WiFi,Rendah,WhatsApp,48,8.8,1,Ya,Sesuai SLA,4
TIK03642,2026-03-29,Minggu,12:35,Keuangan,Akun/Login,Rendah,WhatsApp,42,1.5,1,Tidak,Sesuai SLA,5
TIK03643,2026-03-29,Minggu,12:40,Keuangan,Internet/WiFi,Rendah,Form Online,66,7.2,2,Tidak,Sesuai SLA,4
TIK03644,2026-03-29,Minggu,12:50,Program Studi,Printer,Sedang,WhatsApp,21,3.2,2,Tidak,Sesuai SLA,5
TIK03645,2026-03-29,Minggu,13:20,Laboratorium,Sistem Akademik,Rendah,Datang Langsung,50,7.5,1,Tidak,Sesuai SLA,5
TIK03646,2026-03-29,Minggu,13:25,Akademik,Akun/Login,Rendah,WhatsApp,61,3.9,1,Tidak,Sesuai SLA,4
TIK03647,2026-03-29,Minggu,13:30,Program Studi,Sistem Akademik,Sedang,Email,69,11.2,1,Ya,Lewat SLA,3
TIK03648,2026-03-29,Minggu,13:35,Keuangan,Proyektor,Rendah,WhatsApp,54,4.5,1,Tidak,Sesuai SLA,5
TIK03649,2026-03-29,Minggu,13:50,Kemahasiswaan,Sistem Akademik,Sedang,Form Online,41,8.8,1,Tidak,Sesuai SLA,4
TIK03650,2026-03-29,Minggu,13:55,Keuangan,Komputer/Laptop,Rendah,Form Online,72,6.7,1,Tidak,Sesuai SLA,4
TIK03651,2026-03-29,Minggu,15:00,Umum,Sistem Akademik,Sedang,Form Online,40,9.1,1,Tidak,Sesuai SLA,5
TIK03652,2026-03-29,Minggu,15:35,Akademik,Internet/WiFi,Sedang,WhatsApp,34,8.0,2,Tidak,Sesuai SLA,4
TIK03653,2026-03-29,Minggu,15:35,Kemahasiswaan,Proyektor,Rendah,Email,90,4.6,1,Tidak,Sesuai SLA,4
TIK03654,2026-03-29,Minggu,16:30,Akademik,Akun/Login,Rendah,Datang Langsung,52,1.3,1,Tidak,Sesuai SLA,4
TIK03655,2026-03-29,Minggu,16:40,Umum,Proyektor,Sedang,Form Online,48,3.0,1,Tidak,Sesuai SLA,4
TIK03656,2026-03-30,Senin,07:15,Kemahasiswaan,Akun/Login,Rendah,WhatsApp,79,4.3,1,Tidak,Sesuai SLA,5
TIK03657,2026-03-30,Senin,07:20,Kemahasiswaan,Internet/WiFi,Sedang,WhatsApp,32,7.8,2,Tidak,Sesuai SLA,4
TIK03658,2026-03-30,Senin,07:30,Akademik,Sistem Akademik,Sedang,WhatsApp,46,11.3,1,Ya,Lewat SLA,2
TIK03659,2026-03-30,Senin,07:35,Keuangan,Komputer/Laptop,Rendah,Form Online,52,6.0,1,Tidak,Sesuai SLA,5
TIK03660,2026-03-30,Senin,07:35,Akademik,Sistem Akademik,Tinggi,Email,53,11.5,3,Tidak,Lewat SLA,3
TIK03661,2026-03-30,Senin,07:45,Kemahasiswaan,Sistem Akademik,Rendah,Form Online,55,10.1,1,Ya,Sesuai SLA,3
TIK03662,2026-03-30,Senin,08:00,Program Studi,Akun/Login,Rendah,Datang Langsung,26,3.5,1,Tidak,Sesuai SLA,5
TIK03663,2026-03-30,Senin,08:05,Akademik,Printer,Rendah,WhatsApp,50,3.4,1,Tidak,Sesuai SLA,4
TIK03664,2026-03-30,Senin,08:15,Perpustakaan,Komputer/Laptop,Rendah,Datang Langsung,71,3.8,1,Tidak,Sesuai SLA,4
TIK03665,2026-03-30,Senin,08:15,Keuangan,Akun/Login,Rendah,WhatsApp,41,3.1,1,Tidak,Sesuai SLA,4
TIK03666,2026-03-30,Senin,08:30,Akademik,Internet/WiFi,Tinggi,WhatsApp,23,11.2,3,Ya,Lewat SLA,3
TIK03667,2026-03-30,Senin,08:50,Laboratorium,Komputer/Laptop,Sedang,Form Online,54,6.1,2,Tidak,Sesuai SLA,3
TIK03668,2026-03-30,Senin,09:00,Laboratorium,Komputer/Laptop,Sedang,Form Online,45,6.9,1,Tidak,Sesuai SLA,4
TIK03669,2026-03-30,Senin,09:15,Program Studi,Komputer/Laptop,Sedang,WhatsApp,51,5.2,1,Tidak,Sesuai SLA,4
TIK03670,2026-03-30,Senin,09:20,Perpustakaan,Komputer/Laptop,Sedang,Form Online,41,8.7,1,Tidak,Sesuai SLA,4
TIK03671,2026-03-30,Senin,09:35,Akademik,Sistem Akademik,Rendah,WhatsApp,58,9.7,1,Ya,Sesuai SLA,3
TIK03672,2026-03-30,Senin,09:35,Kemahasiswaan,Sistem Akademik,Rendah,Email,79,11.5,1,Ya,Sesuai SLA,4
TIK03673,2026-03-30,Senin,09:40,Laboratorium,Sistem Akademik,Tinggi,Datang Langsung,37,11.3,2,Ya,Lewat SLA,3
TIK03674,2026-03-30,Senin,10:40,Akademik,Printer,Rendah,WhatsApp,64,3.2,1,Tidak,Sesuai SLA,4
TIK03675,2026-03-30,Senin,10:40,Laboratorium,Sistem Akademik,Tinggi,WhatsApp,25,11.8,3,Ya,Lewat SLA,3
TIK03676,2026-03-30,Senin,10:50,Keuangan,Komputer/Laptop,Rendah,WhatsApp,50,7.2,1,Tidak,Sesuai SLA,5
TIK03677,2026-03-30,Senin,11:20,Kemahasiswaan,Sistem Akademik,Tinggi,Email,55,9.5,3,Tidak,Lewat SLA,4
TIK03678,2026-03-30,Senin,11:25,Program Studi,Sistem Akademik,Sedang,Form Online,62,10.9,1,Tidak,Lewat SLA,3
TIK03679,2026-03-30,Senin,11:30,Perpustakaan,Akun/Login,Rendah,WhatsApp,47,4.0,1,Tidak,Sesuai SLA,5
TIK03680,2026-03-30,Senin,11:35,Perpustakaan,Printer,Rendah,WhatsApp,74,5.4,1,Ya,Sesuai SLA,4
TIK03681,2026-03-30,Senin,11:40,Keuangan,Proyektor,Tinggi,Datang Langsung,13,2.9,2,Tidak,Sesuai SLA,4
TIK03682,2026-03-30,Senin,12:00,Umum,Printer,Rendah,WhatsApp,51,6.0,1,Tidak,Sesuai SLA,4
TIK03683,2026-03-30,Senin,12:05,Laboratorium,Akun/Login,Sedang,Email,60,3.3,2,Tidak,Sesuai SLA,5
TIK03684,2026-03-30,Senin,12:15,Akademik,Internet/WiFi,Sedang,Form Online,86,6.0,1,Tidak,Sesuai SLA,4
TIK03685,2026-03-30,Senin,12:20,Umum,Internet/WiFi,Tinggi,Form Online,70,7.0,2,Tidak,Lewat SLA,4
TIK03686,2026-03-30,Senin,12:35,Keuangan,Sistem Akademik,Rendah,Email,96,9.6,2,Tidak,Sesuai SLA,4
TIK03687,2026-03-30,Senin,12:40,Keuangan,Printer,Rendah,Form Online,57,2.8,1,Tidak,Sesuai SLA,4
TIK03688,2026-03-30,Senin,12:45,Akademik,Sistem Akademik,Sedang,Email,62,12.5,1,Tidak,Lewat SLA,3
TIK03689,2026-03-30,Senin,13:15,Laboratorium,Sistem Akademik,Sedang,Form Online,53,13.8,1,Ya,Lewat SLA,3
TIK03690,2026-03-30,Senin,13:20,Perpustakaan,Internet/WiFi,Rendah,WhatsApp,49,9.2,1,Tidak,Sesuai SLA,5
TIK03691,2026-03-30,Senin,13:25,Keuangan,Internet/WiFi,Sedang,Email,69,7.9,1,Tidak,Sesuai SLA,4
TIK03692,2026-03-30,Senin,13:40,Kemahasiswaan,Internet/WiFi,Sedang,Form Online,51,8.9,2,Tidak,Sesuai SLA,4
TIK03693,2026-03-30,Senin,13:40,Kemahasiswaan,Komputer/Laptop,Rendah,WhatsApp,44,6.5,1,Tidak,Sesuai SLA,5
TIK03694,2026-03-30,Senin,13:40,Akademik,Sistem Akademik,Sedang,Form Online,66,9.2,1,Tidak,Sesuai SLA,4
TIK03695,2026-03-30,Senin,13:50,Laboratorium,Komputer/Laptop,Rendah,WhatsApp,63,4.3,1,Tidak,Sesuai SLA,4
TIK03696,2026-03-30,Senin,14:00,Keuangan,Komputer/Laptop,Rendah,WhatsApp,44,5.3,1,Tidak,Sesuai SLA,5
TIK03697,2026-03-30,Senin,15:05,Laboratorium,Sistem Akademik,Rendah,WhatsApp,60,7.6,1,Tidak,Sesuai SLA,4
TIK03698,2026-03-30,Senin,15:10,Program Studi,Internet/WiFi,Tinggi,Datang Langsung,72,7.9,1,Tidak,Lewat SLA,3
TIK03699,2026-03-30,Senin,15:40,Program Studi,Internet/WiFi,Tinggi,Email,64,8.8,2,Tidak,Lewat SLA,2
TIK03700,2026-03-31,Selasa,07:20,Program Studi,Internet/WiFi,Sedang,Form Online,45,8.9,2,Ya,Sesuai SLA,3
TIK03701,2026-03-31,Selasa,07:20,Kemahasiswaan,Akun/Login,Rendah,WhatsApp,33,3.4,1,Tidak,Sesuai SLA,5
TIK03702,2026-03-31,Selasa,07:35,Laboratorium,Internet/WiFi,Sedang,Form Online,72,5.8,1,Tidak,Sesuai SLA,5
TIK03703,2026-03-31,Selasa,07:40,Laboratorium,Komputer/Laptop,Sedang,Form Online,44,7.5,1,Tidak,Sesuai SLA,4
TIK03704,2026-03-31,Selasa,07:40,Akademik,Akun/Login,Sedang,Email,66,6.3,2,Tidak,Sesuai SLA,4
TIK03705,2026-03-31,Selasa,08:30,Akademik,Proyektor,Rendah,WhatsApp,77,5.5,1,Tidak,Sesuai SLA,4
TIK03706,2026-03-31,Selasa,08:35,Program Studi,Internet/WiFi,Rendah,Email,74,7.1,2,Tidak,Sesuai SLA,4
TIK03707,2026-03-31,Selasa,08:35,Akademik,Sistem Akademik,Rendah,WhatsApp,30,10.7,2,Tidak,Sesuai SLA,4
TIK03708,2026-03-31,Selasa,08:45,Umum,Printer,Sedang,WhatsApp,40,4.2,1,Tidak,Sesuai SLA,5
TIK03709,2026-03-31,Selasa,09:05,Akademik,Internet/WiFi,Rendah,Form Online,56,5.6,2,Tidak,Sesuai SLA,4
TIK03710,2026-03-31,Selasa,09:10,Program Studi,Proyektor,Sedang,Email,87,4.7,1,Tidak,Sesuai SLA,4
TIK03711,2026-03-31,Selasa,09:20,Keuangan,Komputer/Laptop,Tinggi,Datang Langsung,7,6.3,2,Tidak,Lewat SLA,4
TIK03712,2026-03-31,Selasa,09:40,Umum,Komputer/Laptop,Rendah,WhatsApp,48,10.6,1,Ya,Sesuai SLA,3
TIK03713,2026-03-31,Selasa,09:40,Keuangan,Sistem Akademik,Sedang,WhatsApp,51,7.8,1,Tidak,Sesuai SLA,5
TIK03714,2026-03-31,Selasa,10:15,Perpustakaan,Internet/WiFi,Sedang,Email,74,9.5,2,Tidak,Sesuai SLA,3
TIK03715,2026-03-31,Selasa,10:40,Akademik,Internet/WiFi,Rendah,WhatsApp,76,7.3,1,Tidak,Sesuai SLA,4
TIK03716,2026-03-31,Selasa,10:40,Keuangan,Printer,Tinggi,WhatsApp,26,8.2,3,Tidak,Lewat SLA,4
TIK03717,2026-03-31,Selasa,10:40,Keuangan,Internet/WiFi,Sedang,Email,59,8.1,1,Tidak,Sesuai SLA,4
TIK03718,2026-03-31,Selasa,10:45,Program Studi,Akun/Login,Rendah,WhatsApp,46,3.6,1,Ya,Sesuai SLA,4
TIK03719,2026-03-31,Selasa,10:45,Akademik,Internet/WiFi,Sedang,Form Online,46,7.4,1,Tidak,Sesuai SLA,4
TIK03720,2026-03-31,Selasa,11:15,Kemahasiswaan,Internet/WiFi,Tinggi,Datang Langsung,15,6.6,2,Tidak,Lewat SLA,4
TIK03721,2026-03-31,Selasa,11:25,Akademik,Akun/Login,Sedang,WhatsApp,57,2.1,1,Tidak,Sesuai SLA,4
TIK03722,2026-03-31,Selasa,11:25,Keuangan,Proyektor,Sedang,Datang Langsung,18,3.4,2,Tidak,Sesuai SLA,5
TIK03723,2026-03-31,Selasa,11:30,Akademik,Internet/WiFi,Sedang,WhatsApp,48,8.1,2,Tidak,Sesuai SLA,4
TIK03724,2026-03-31,Selasa,11:35,Laboratorium,Akun/Login,Tinggi,WhatsApp,44,6.5,2,Ya,Lewat SLA,3
TIK03725,2026-03-31,Selasa,11:45,Program Studi,Proyektor,Sedang,WhatsApp,38,5.2,1,Tidak,Sesuai SLA,4
TIK03726,2026-03-31,Selasa,12:00,Keuangan,Komputer/Laptop,Rendah,Form Online,64,8.2,2,Tidak,Sesuai SLA,4
TIK03727,2026-03-31,Selasa,12:05,Umum,Internet/WiFi,Rendah,WhatsApp,40,7.5,1,Tidak,Sesuai SLA,5
TIK03728,2026-03-31,Selasa,12:15,Keuangan,Akun/Login,Sedang,WhatsApp,34,4.7,1,Tidak,Sesuai SLA,4
TIK03729,2026-03-31,Selasa,12:25,Akademik,Komputer/Laptop,Rendah,Form Online,84,8.3,1,Tidak,Sesuai SLA,5
TIK03730,2026-03-31,Selasa,12:25,Program Studi,Akun/Login,Rendah,WhatsApp,54,1.9,1,Tidak,Sesuai SLA,4
TIK03731,2026-03-31,Selasa,12:45,Kemahasiswaan,Sistem Akademik,Tinggi,WhatsApp,24,9.2,1,Tidak,Lewat SLA,3
TIK03732,2026-03-31,Selasa,12:55,Akademik,Akun/Login,Rendah,Form Online,61,2.8,1,Tidak,Sesuai SLA,5
TIK03733,2026-03-31,Selasa,13:00,Akademik,Printer,Sedang,Form Online,46,3.2,1,Tidak,Sesuai SLA,5
TIK03734,2026-03-31,Selasa,13:00,Keuangan,Internet/WiFi,Tinggi,Email,58,18.2,1,Ya,Lewat SLA,2
TIK03735,2026-03-31,Selasa,13:10,Keuangan,Internet/WiFi,Sedang,Form Online,52,8.1,2,Tidak,Sesuai SLA,5
TIK03736,2026-03-31,Selasa,13:25,Kemahasiswaan,Akun/Login,Sedang,Email,95,4.3,2,Tidak,Sesuai SLA,4
TIK03737,2026-03-31,Selasa,14:55,Kemahasiswaan,Internet/WiFi,Sedang,Datang Langsung,25,8.4,1,Ya,Sesuai SLA,5
TIK03738,2026-03-31,Selasa,16:10,Kemahasiswaan,Internet/WiFi,Sedang,Datang Langsung,41,9.6,1,Ya,Sesuai SLA,3
TIK03739,2026-03-31,Selasa,17:25,Keuangan,Sistem Akademik,Sedang,WhatsApp,55,10.6,2,Tidak,Lewat SLA,2
TIK03740,2026-04-01,Rabu,07:05,Program Studi,Internet/WiFi,Sedang,WhatsApp,58,7.2,1,Tidak,Sesuai SLA,4
TIK03741,2026-04-01,Rabu,07:05,Laboratorium,Sistem Akademik,Sedang,Form Online,40,13.5,1,Ya,Lewat SLA,4
TIK03742,2026-04-01,Rabu,07:30,Akademik,Komputer/Laptop,Rendah,Datang Langsung,31,3.5,1,Tidak,Sesuai SLA,5
TIK03743,2026-04-01,Rabu,07:30,Laboratorium,Komputer/Laptop,Tinggi,WhatsApp,19,7.7,1,Tidak,Lewat SLA,2
TIK03744,2026-04-01,Rabu,07:55,Kemahasiswaan,Printer,Sedang,Datang Langsung,31,1.9,1,Tidak,Sesuai SLA,5
TIK03745,2026-04-01,Rabu,08:00,Akademik,Komputer/Laptop,Rendah,Datang Langsung,41,4.6,2,Tidak,Sesuai SLA,4
TIK03746,2026-04-01,Rabu,08:20,Akademik,Sistem Akademik,Rendah,WhatsApp,41,12.0,1,Tidak,Sesuai SLA,4
TIK03747,2026-04-01,Rabu,08:30,Program Studi,Sistem Akademik,Sedang,WhatsApp,39,14.5,1,Ya,Lewat SLA,3
TIK03748,2026-04-01,Rabu,09:05,Program Studi,Sistem Akademik,Sedang,Form Online,78,11.9,1,Tidak,Lewat SLA,3
TIK03749,2026-04-01,Rabu,09:05,Akademik,Printer,Rendah,Form Online,75,4.8,1,Tidak,Sesuai SLA,4
TIK03750,2026-04-01,Rabu,09:10,Umum,Komputer/Laptop,Rendah,WhatsApp,80,9.9,1,Tidak,Sesuai SLA,4
TIK03751,2026-04-01,Rabu,09:10,Akademik,Komputer/Laptop,Rendah,Datang Langsung,41,3.3,1,Tidak,Sesuai SLA,5
TIK03752,2026-04-01,Rabu,09:15,Perpustakaan,Komputer/Laptop,Rendah,Form Online,47,3.9,1,Tidak,Sesuai SLA,4
TIK03753,2026-04-01,Rabu,09:15,Akademik,Sistem Akademik,Tinggi,Form Online,55,13.5,3,Tidak,Lewat SLA,3
TIK03754,2026-04-01,Rabu,09:20,Laboratorium,Internet/WiFi,Sedang,Form Online,54,6.5,1,Tidak,Sesuai SLA,4
TIK03755,2026-04-01,Rabu,09:25,Program Studi,Komputer/Laptop,Sedang,Form Online,57,6.7,1,Tidak,Sesuai SLA,4
TIK03756,2026-04-01,Rabu,09:35,Laboratorium,Sistem Akademik,Sedang,WhatsApp,35,10.6,1,Tidak,Lewat SLA,4
TIK03757,2026-04-01,Rabu,09:40,Kemahasiswaan,Internet/WiFi,Tinggi,WhatsApp,21,9.8,1,Tidak,Lewat SLA,4
TIK03758,2026-04-01,Rabu,09:40,Umum,Komputer/Laptop,Rendah,WhatsApp,39,8.3,1,Tidak,Sesuai SLA,3
TIK03759,2026-04-01,Rabu,09:50,Perpustakaan,Internet/WiFi,Rendah,WhatsApp,38,6.7,1,Tidak,Sesuai SLA,4
TIK03760,2026-04-01,Rabu,10:00,Umum,Komputer/Laptop,Rendah,Email,72,6.5,2,Tidak,Sesuai SLA,4
TIK03761,2026-04-01,Rabu,10:15,Laboratorium,Sistem Akademik,Rendah,Email,88,10.8,1,Tidak,Sesuai SLA,4
TIK03762,2026-04-01,Rabu,10:15,Program Studi,Sistem Akademik,Sedang,WhatsApp,21,12.9,1,Ya,Lewat SLA,3
TIK03763,2026-04-01,Rabu,10:20,Laboratorium,Akun/Login,Rendah,Form Online,61,1.2,1,Tidak,Sesuai SLA,4
TIK03764,2026-04-01,Rabu,10:30,Program Studi,Proyektor,Sedang,WhatsApp,22,5.4,1,Tidak,Sesuai SLA,4
TIK03765,2026-04-01,Rabu,10:35,Kemahasiswaan,Akun/Login,Sedang,Datang Langsung,24,5.0,1,Tidak,Sesuai SLA,4
TIK03766,2026-04-01,Rabu,10:45,Akademik,Sistem Akademik,Sedang,Form Online,60,13.0,1,Ya,Lewat SLA,3
TIK03767,2026-04-01,Rabu,11:10,Akademik,Sistem Akademik,Tinggi,Form Online,31,14.5,2,Ya,Lewat SLA,4
TIK03768,2026-04-01,Rabu,11:45,Umum,Sistem Akademik,Rendah,WhatsApp,52,8.7,1,Tidak,Sesuai SLA,3
TIK03769,2026-04-01,Rabu,12:30,Laboratorium,Sistem Akademik,Sedang,Form Online,54,10.1,1,Tidak,Lewat SLA,3
TIK03770,2026-04-01,Rabu,12:30,Akademik,Komputer/Laptop,Rendah,WhatsApp,71,4.8,1,Tidak,Sesuai SLA,3
TIK03771,2026-04-01,Rabu,12:45,Laboratorium,Sistem Akademik,Rendah,Form Online,51,9.3,1,Tidak,Sesuai SLA,4
TIK03772,2026-04-01,Rabu,12:45,Kemahasiswaan,Printer,Rendah,Form Online,84,2.6,1,Tidak,Sesuai SLA,4
TIK03773,2026-04-01,Rabu,12:55,Keuangan,Komputer/Laptop,Rendah,WhatsApp,37,5.3,1,Tidak,Sesuai SLA,5
TIK03774,2026-04-01,Rabu,13:05,Akademik,Sistem Akademik,Tinggi,Form Online,38,13.1,2,Ya,Lewat SLA,3
TIK03775,2026-04-01,Rabu,13:15,Akademik,Akun/Login,Rendah,Form Online,60,1.9,2,Tidak,Sesuai SLA,3
TIK03776,2026-04-01,Rabu,13:20,Keuangan,Akun/Login,Sedang,Datang Langsung,14,2.8,1,Tidak,Sesuai SLA,5
TIK03777,2026-04-01,Rabu,13:35,Akademik,Komputer/Laptop,Rendah,Email,89,12.2,1,Ya,Sesuai SLA,4
TIK03778,2026-04-01,Rabu,13:40,Kemahasiswaan,Internet/WiFi,Rendah,Form Online,73,6.0,1,Tidak,Sesuai SLA,4
TIK03779,2026-04-01,Rabu,14:10,Akademik,Internet/WiFi,Rendah,Form Online,54,6.2,2,Tidak,Sesuai SLA,5
TIK03780,2026-04-01,Rabu,14:20,Umum,Printer,Rendah,Datang Langsung,56,8.6,2,Tidak,Sesuai SLA,3
TIK03781,2026-04-01,Rabu,14:40,Kemahasiswaan,Printer,Tinggi,Datang Langsung,15,4.1,1,Tidak,Sesuai SLA,5
TIK03782,2026-04-01,Rabu,15:25,Keuangan,Internet/WiFi,Rendah,WhatsApp,35,5.5,2,Tidak,Sesuai SLA,4
TIK03783,2026-04-01,Rabu,15:40,Keuangan,Komputer/Laptop,Sedang,Datang Langsung,26,8.1,2,Tidak,Sesuai SLA,5
TIK03784,2026-04-02,Kamis,07:20,Kemahasiswaan,Komputer/Laptop,Tinggi,Datang Langsung,45,6.2,2,Tidak,Lewat SLA,4
TIK03785,2026-04-02,Kamis,07:25,Akademik,Printer,Rendah,Form Online,61,2.0,1,Tidak,Sesuai SLA,5
TIK03786,2026-04-02,Kamis,07:45,Akademik,Internet/WiFi,Sedang,WhatsApp,28,9.1,2,Tidak,Sesuai SLA,5
TIK03787,2026-04-02,Kamis,07:55,Akademik,Sistem Akademik,Sedang,Email,94,15.6,1,Ya,Lewat SLA,2
TIK03788,2026-04-02,Kamis,08:15,Keuangan,Proyektor,Sedang,WhatsApp,29,5.1,2,Ya,Sesuai SLA,4
TIK03789,2026-04-02,Kamis,09:15,Akademik,Proyektor,Tinggi,WhatsApp,41,3.9,3,Tidak,Sesuai SLA,4
TIK03790,2026-04-02,Kamis,09:30,Umum,Internet/WiFi,Sedang,Email,65,9.8,2,Tidak,Sesuai SLA,4
TIK03791,2026-04-02,Kamis,09:35,Laboratorium,Sistem Akademik,Sedang,Email,75,11.3,1,Tidak,Lewat SLA,4
TIK03792,2026-04-02,Kamis,09:40,Program Studi,Proyektor,Sedang,Form Online,106,3.3,2,Tidak,Sesuai SLA,5
TIK03793,2026-04-02,Kamis,09:45,Laboratorium,Sistem Akademik,Rendah,WhatsApp,35,10.4,2,Tidak,Sesuai SLA,4
TIK03794,2026-04-02,Kamis,10:00,Kemahasiswaan,Akun/Login,Rendah,WhatsApp,81,1.7,2,Tidak,Sesuai SLA,4
TIK03795,2026-04-02,Kamis,10:00,Keuangan,Printer,Rendah,WhatsApp,62,5.9,1,Tidak,Sesuai SLA,4
TIK03796,2026-04-02,Kamis,10:00,Kemahasiswaan,Internet/WiFi,Sedang,Form Online,60,7.5,1,Tidak,Sesuai SLA,4
TIK03797,2026-04-02,Kamis,10:20,Keuangan,Komputer/Laptop,Sedang,WhatsApp,36,4.6,1,Tidak,Sesuai SLA,4
TIK03798,2026-04-02,Kamis,10:20,Akademik,Internet/WiFi,Tinggi,Email,62,17.0,2,Ya,Lewat SLA,3
TIK03799,2026-04-02,Kamis,10:25,Akademik,Internet/WiFi,Sedang,WhatsApp,38,7.7,1,Tidak,Sesuai SLA,3
TIK03800,2026-04-02,Kamis,10:30,Keuangan,Sistem Akademik,Rendah,WhatsApp,56,12.4,2,Tidak,Sesuai SLA,4
TIK03801,2026-04-02,Kamis,10:50,Program Studi,Internet/WiFi,Sedang,Form Online,41,11.1,1,Ya,Lewat SLA,4
TIK03802,2026-04-02,Kamis,10:55,Kemahasiswaan,Sistem Akademik,Rendah,Email,104,11.9,2,Tidak,Sesuai SLA,3
TIK03803,2026-04-02,Kamis,10:55,Program Studi,Printer,Rendah,Datang Langsung,48,1.9,1,Tidak,Sesuai SLA,5
TIK03804,2026-04-02,Kamis,11:00,Akademik,Komputer/Laptop,Sedang,Email,69,7.7,1,Tidak,Sesuai SLA,4
TIK03805,2026-04-02,Kamis,11:05,Perpustakaan,Internet/WiFi,Sedang,Form Online,62,11.9,1,Ya,Lewat SLA,4
TIK03806,2026-04-02,Kamis,11:05,Akademik,Sistem Akademik,Rendah,Email,83,10.2,1,Tidak,Sesuai SLA,3
TIK03807,2026-04-02,Kamis,11:15,Keuangan,Printer,Sedang,WhatsApp,40,4.5,1,Tidak,Sesuai SLA,4
TIK03808,2026-04-02,Kamis,11:15,Keuangan,Komputer/Laptop,Rendah,Form Online,73,7.4,1,Tidak,Sesuai SLA,4
TIK03809,2026-04-02,Kamis,11:20,Laboratorium,Internet/WiFi,Sedang,Email,99,7.3,1,Tidak,Sesuai SLA,4
TIK03810,2026-04-02,Kamis,11:20,Laboratorium,Akun/Login,Rendah,WhatsApp,39,1.8,1,Tidak,Sesuai SLA,4
TIK03811,2026-04-02,Kamis,11:20,Laboratorium,Sistem Akademik,Sedang,Datang Langsung,31,13.9,1,Tidak,Lewat SLA,3
TIK03812,2026-04-02,Kamis,11:30,Program Studi,Komputer/Laptop,Sedang,Email,66,7.2,1,Tidak,Sesuai SLA,4
TIK03813,2026-04-02,Kamis,11:35,Laboratorium,Akun/Login,Rendah,WhatsApp,38,5.0,1,Tidak,Sesuai SLA,5
TIK03814,2026-04-02,Kamis,11:40,Laboratorium,Internet/WiFi,Rendah,Email,141,8.2,1,Tidak,Sesuai SLA,3
TIK03815,2026-04-02,Kamis,11:40,Keuangan,Internet/WiFi,Sedang,WhatsApp,55,8.4,1,Tidak,Sesuai SLA,5
TIK03816,2026-04-02,Kamis,12:10,Perpustakaan,Internet/WiFi,Rendah,Email,72,8.7,1,Tidak,Sesuai SLA,4
TIK03817,2026-04-02,Kamis,12:20,Perpustakaan,Internet/WiFi,Sedang,Form Online,69,8.2,1,Tidak,Sesuai SLA,5
TIK03818,2026-04-02,Kamis,12:35,Laboratorium,Sistem Akademik,Sedang,WhatsApp,45,9.3,2,Tidak,Sesuai SLA,4
TIK03819,2026-04-02,Kamis,12:40,Perpustakaan,Akun/Login,Rendah,Form Online,50,1.1,1,Tidak,Sesuai SLA,5
TIK03820,2026-04-02,Kamis,13:10,Kemahasiswaan,Sistem Akademik,Sedang,Email,78,11.2,1,Tidak,Lewat SLA,3
TIK03821,2026-04-02,Kamis,13:30,Program Studi,Internet/WiFi,Tinggi,WhatsApp,28,9.4,2,Tidak,Lewat SLA,3
TIK03822,2026-04-02,Kamis,13:35,Laboratorium,Internet/WiFi,Sedang,Datang Langsung,24,6.0,1,Tidak,Sesuai SLA,4
TIK03823,2026-04-02,Kamis,13:40,Laboratorium,Sistem Akademik,Tinggi,WhatsApp,14,13.1,1,Tidak,Lewat SLA,3
TIK03824,2026-04-02,Kamis,13:40,Keuangan,Komputer/Laptop,Rendah,Form Online,88,6.2,1,Tidak,Sesuai SLA,4
TIK03825,2026-04-02,Kamis,13:45,Program Studi,Internet/WiFi,Rendah,Datang Langsung,38,6.1,1,Tidak,Sesuai SLA,4
TIK03826,2026-04-02,Kamis,14:05,Program Studi,Akun/Login,Sedang,Datang Langsung,19,1.9,2,Tidak,Sesuai SLA,5
TIK03827,2026-04-02,Kamis,14:05,Kemahasiswaan,Sistem Akademik,Tinggi,Form Online,43,13.3,2,Ya,Lewat SLA,3
TIK03828,2026-04-02,Kamis,14:50,Akademik,Internet/WiFi,Rendah,WhatsApp,63,8.2,1,Tidak,Sesuai SLA,4
TIK03829,2026-04-02,Kamis,15:10,Akademik,Proyektor,Sedang,WhatsApp,37,6.9,1,Tidak,Sesuai SLA,4
TIK03830,2026-04-02,Kamis,15:25,Umum,Akun/Login,Sedang,WhatsApp,23,2.0,2,Tidak,Sesuai SLA,5
TIK03831,2026-04-02,Kamis,16:10,Umum,Printer,Tinggi,Email,98,5.2,1,Tidak,Sesuai SLA,4
TIK03832,2026-04-02,Kamis,16:20,Perpustakaan,Printer,Rendah,Datang Langsung,46,5.9,1,Tidak,Sesuai SLA,3
TIK03833,2026-04-03,Jumat,07:00,Umum,Internet/WiFi,Sedang,WhatsApp,29,9.4,2,Tidak,Sesuai SLA,4
TIK03834,2026-04-03,Jumat,07:25,Keuangan,Printer,Sedang,WhatsApp,48,9.0,1,Tidak,Sesuai SLA,4
TIK03835,2026-04-03,Jumat,07:40,Laboratorium,Internet/WiFi,Rendah,Form Online,68,10.2,1,Tidak,Sesuai SLA,4
TIK03836,2026-04-03,Jumat,07:55,Akademik,Internet/WiFi,Sedang,Email,68,8.0,2,Tidak,Sesuai SLA,4
TIK03837,2026-04-03,Jumat,07:55,Keuangan,Komputer/Laptop,Tinggi,Form Online,86,13.2,2,Ya,Lewat SLA,2
TIK03838,2026-04-03,Jumat,08:25,Laboratorium,Sistem Akademik,Rendah,WhatsApp,49,9.8,1,Tidak,Sesuai SLA,4
TIK03839,2026-04-03,Jumat,09:00,Program Studi,Printer,Rendah,WhatsApp,54,3.9,1,Tidak,Sesuai SLA,5
TIK03840,2026-04-03,Jumat,09:00,Kemahasiswaan,Sistem Akademik,Sedang,Form Online,41,12.2,1,Tidak,Lewat SLA,4
TIK03841,2026-04-03,Jumat,09:10,Akademik,Sistem Akademik,Rendah,Form Online,72,9.3,1,Tidak,Sesuai SLA,4
TIK03842,2026-04-03,Jumat,09:15,Perpustakaan,Komputer/Laptop,Rendah,Email,88,7.7,1,Tidak,Sesuai SLA,4
TIK03843,2026-04-03,Jumat,09:20,Laboratorium,Komputer/Laptop,Rendah,Email,128,9.2,1,Tidak,Sesuai SLA,3
TIK03844,2026-04-03,Jumat,09:25,Program Studi,Internet/WiFi,Tinggi,Form Online,58,9.4,1,Ya,Lewat SLA,3
TIK03845,2026-04-03,Jumat,09:30,Laboratorium,Komputer/Laptop,Rendah,WhatsApp,42,6.5,1,Ya,Sesuai SLA,5
TIK03846,2026-04-03,Jumat,09:45,Laboratorium,Internet/WiFi,Tinggi,Email,61,16.0,3,Ya,Lewat SLA,2
TIK03847,2026-04-03,Jumat,10:05,Laboratorium,Akun/Login,Sedang,Datang Langsung,42,4.9,1,Ya,Sesuai SLA,5
TIK03848,2026-04-03,Jumat,10:35,Keuangan,Sistem Akademik,Rendah,Email,82,17.7,1,Tidak,Lewat SLA,3
TIK03849,2026-04-03,Jumat,10:35,Akademik,Komputer/Laptop,Rendah,Form Online,53,6.1,1,Tidak,Sesuai SLA,4
TIK03850,2026-04-03,Jumat,10:45,Laboratorium,Internet/WiFi,Tinggi,WhatsApp,19,7.1,2,Tidak,Lewat SLA,4
TIK03851,2026-04-03,Jumat,11:15,Kemahasiswaan,Internet/WiFi,Rendah,WhatsApp,59,6.8,2,Tidak,Sesuai SLA,5
TIK03852,2026-04-03,Jumat,11:15,Keuangan,Komputer/Laptop,Sedang,Form Online,67,6.5,2,Tidak,Sesuai SLA,4
TIK03853,2026-04-03,Jumat,12:00,Laboratorium,Internet/WiFi,Sedang,WhatsApp,33,9.1,1,Tidak,Sesuai SLA,4
TIK03854,2026-04-03,Jumat,12:00,Perpustakaan,Internet/WiFi,Sedang,WhatsApp,35,9.9,1,Tidak,Sesuai SLA,3
TIK03855,2026-04-03,Jumat,12:45,Keuangan,Printer,Rendah,Datang Langsung,39,2.7,2,Tidak,Sesuai SLA,5
TIK03856,2026-04-03,Jumat,13:45,Program Studi,Proyektor,Sedang,Datang Langsung,16,4.5,1,Tidak,Sesuai SLA,5
TIK03857,2026-04-03,Jumat,13:55,Laboratorium,Printer,Sedang,WhatsApp,43,3.3,1,Tidak,Sesuai SLA,4
TIK03858,2026-04-03,Jumat,14:00,Perpustakaan,Komputer/Laptop,Rendah,Datang Langsung,41,4.9,1,Tidak,Sesuai SLA,5
TIK03859,2026-04-03,Jumat,14:05,Akademik,Akun/Login,Rendah,Datang Langsung,36,1.2,1,Tidak,Sesuai SLA,4
TIK03860,2026-04-03,Jumat,14:15,Keuangan,Komputer/Laptop,Sedang,WhatsApp,43,9.1,1,Tidak,Sesuai SLA,4
TIK03861,2026-04-03,Jumat,15:00,Program Studi,Internet/WiFi,Sedang,WhatsApp,65,11.0,2,Ya,Lewat SLA,3
TIK03862,2026-04-03,Jumat,17:20,Program Studi,Internet/WiFi,Sedang,Form Online,54,11.4,1,Tidak,Lewat SLA,2
TIK03863,2026-04-04,Sabtu,07:00,Akademik,Proyektor,Sedang,WhatsApp,36,7.6,1,Tidak,Sesuai SLA,3
TIK03864,2026-04-04,Sabtu,07:10,Perpustakaan,Akun/Login,Rendah,Email,81,4.9,1,Tidak,Sesuai SLA,4
TIK03865,2026-04-04,Sabtu,07:30,Laboratorium,Komputer/Laptop,Rendah,Datang Langsung,46,6.7,1,Tidak,Sesuai SLA,4
TIK03866,2026-04-04,Sabtu,07:35,Keuangan,Komputer/Laptop,Rendah,Form Online,56,5.7,2,Tidak,Sesuai SLA,3
TIK03867,2026-04-04,Sabtu,07:40,Program Studi,Akun/Login,Rendah,Form Online,62,3.6,1,Ya,Sesuai SLA,4
TIK03868,2026-04-04,Sabtu,08:25,Perpustakaan,Akun/Login,Rendah,WhatsApp,44,3.1,1,Tidak,Sesuai SLA,5
TIK03869,2026-04-04,Sabtu,08:35,Akademik,Internet/WiFi,Rendah,Form Online,71,6.0,1,Tidak,Sesuai SLA,5
TIK03870,2026-04-04,Sabtu,08:50,Kemahasiswaan,Printer,Rendah,Datang Langsung,55,4.2,1,Tidak,Sesuai SLA,4
TIK03871,2026-04-04,Sabtu,08:55,Perpustakaan,Proyektor,Rendah,Form Online,82,2.1,1,Tidak,Sesuai SLA,5
TIK03872,2026-04-04,Sabtu,09:15,Keuangan,Printer,Rendah,Datang Langsung,45,6.0,1,Tidak,Sesuai SLA,4
TIK03873,2026-04-04,Sabtu,09:25,Perpustakaan,Proyektor,Rendah,Form Online,61,4.8,2,Tidak,Sesuai SLA,4
TIK03874,2026-04-04,Sabtu,09:25,Umum,Komputer/Laptop,Rendah,WhatsApp,49,4.8,1,Tidak,Sesuai SLA,5
TIK03875,2026-04-04,Sabtu,09:35,Kemahasiswaan,Akun/Login,Rendah,Form Online,76,5.6,1,Ya,Sesuai SLA,4
TIK03876,2026-04-04,Sabtu,09:35,Laboratorium,Sistem Akademik,Sedang,Datang Langsung,61,13.6,1,Tidak,Lewat SLA,4
TIK03877,2026-04-04,Sabtu,09:35,Akademik,Komputer/Laptop,Sedang,WhatsApp,36,5.2,1,Tidak,Sesuai SLA,4
TIK03878,2026-04-04,Sabtu,09:45,Program Studi,Internet/WiFi,Sedang,Form Online,39,10.2,1,Ya,Lewat SLA,3
TIK03879,2026-04-04,Sabtu,09:55,Akademik,Printer,Tinggi,Form Online,46,7.1,1,Tidak,Lewat SLA,4
TIK03880,2026-04-04,Sabtu,10:10,Akademik,Sistem Akademik,Tinggi,Email,58,17.0,2,Ya,Lewat SLA,2
TIK03881,2026-04-04,Sabtu,10:15,Laboratorium,Proyektor,Sedang,Email,72,5.2,1,Tidak,Sesuai SLA,4
TIK03882,2026-04-04,Sabtu,10:25,Keuangan,Komputer/Laptop,Rendah,Email,86,7.5,1,Tidak,Sesuai SLA,4
TIK03883,2026-04-04,Sabtu,10:45,Akademik,Sistem Akademik,Rendah,Datang Langsung,40,8.1,1,Tidak,Sesuai SLA,5
TIK03884,2026-04-04,Sabtu,10:50,Program Studi,Internet/WiFi,Sedang,WhatsApp,36,6.9,1,Tidak,Sesuai SLA,4
TIK03885,2026-04-04,Sabtu,10:50,Keuangan,Printer,Rendah,Form Online,79,2.8,2,Tidak,Sesuai SLA,3
TIK03886,2026-04-04,Sabtu,11:20,Laboratorium,Sistem Akademik,Tinggi,Form Online,60,14.0,2,Ya,Lewat SLA,2
TIK03887,2026-04-04,Sabtu,11:40,Kemahasiswaan,Printer,Rendah,Datang Langsung,50,7.3,1,Tidak,Sesuai SLA,4
TIK03888,2026-04-04,Sabtu,11:55,Kemahasiswaan,Internet/WiFi,Tinggi,Form Online,53,8.7,3,Tidak,Lewat SLA,4
TIK03889,2026-04-04,Sabtu,12:05,Keuangan,Internet/WiFi,Tinggi,WhatsApp,34,8.1,2,Tidak,Lewat SLA,3
TIK03890,2026-04-04,Sabtu,12:10,Laboratorium,Komputer/Laptop,Rendah,WhatsApp,32,7.9,1,Ya,Sesuai SLA,4
TIK03891,2026-04-04,Sabtu,12:15,Laboratorium,Internet/WiFi,Rendah,Datang Langsung,34,6.9,1,Tidak,Sesuai SLA,4
TIK03892,2026-04-04,Sabtu,12:35,Program Studi,Sistem Akademik,Rendah,WhatsApp,56,9.4,1,Tidak,Sesuai SLA,4
TIK03893,2026-04-04,Sabtu,13:00,Kemahasiswaan,Internet/WiFi,Tinggi,Form Online,38,7.5,1,Tidak,Lewat SLA,4
TIK03894,2026-04-04,Sabtu,13:05,Keuangan,Internet/WiFi,Rendah,WhatsApp,44,11.2,1,Tidak,Sesuai SLA,4
TIK03895,2026-04-04,Sabtu,13:55,Keuangan,Internet/WiFi,Sedang,WhatsApp,33,11.9,1,Tidak,Lewat SLA,3
TIK03896,2026-04-04,Sabtu,14:05,Program Studi,Proyektor,Rendah,WhatsApp,39,2.8,1,Tidak,Sesuai SLA,5
TIK03897,2026-04-04,Sabtu,14:10,Akademik,Sistem Akademik,Sedang,Form Online,64,9.9,1,Tidak,Sesuai SLA,3
TIK03898,2026-04-04,Sabtu,14:30,Program Studi,Printer,Rendah,WhatsApp,56,3.8,2,Tidak,Sesuai SLA,5
TIK03899,2026-04-04,Sabtu,14:30,Akademik,Akun/Login,Rendah,Email,74,4.2,1,Tidak,Sesuai SLA,4
TIK03900,2026-04-04,Sabtu,15:10,Umum,Sistem Akademik,Tinggi,WhatsApp,20,10.6,3,Tidak,Lewat SLA,4
TIK03901,2026-04-04,Sabtu,16:40,Kemahasiswaan,Proyektor,Sedang,Email,65,11.1,1,Tidak,Lewat SLA,4
TIK03902,2026-04-04,Sabtu,16:45,Akademik,Akun/Login,Sedang,Email,89,3.8,1,Tidak,Sesuai SLA,5
TIK03903,2026-04-04,Sabtu,17:20,Akademik,Proyektor,Rendah,WhatsApp,35,5.1,1,Tidak,Sesuai SLA,5
TIK03904,2026-04-04,Sabtu,17:25,Laboratorium,Printer,Sedang,WhatsApp,43,4.7,1,Tidak,Sesuai SLA,4
TIK03905,2026-04-05,Minggu,07:55,Laboratorium,Proyektor,Sedang,WhatsApp,29,6.9,1,Tidak,Sesuai SLA,3
TIK03906,2026-04-05,Minggu,08:10,Umum,Akun/Login,Sedang,Datang Langsung,22,8.7,1,Tidak,Sesuai SLA,5
TIK03907,2026-04-05,Minggu,08:35,Kemahasiswaan,Komputer/Laptop,Rendah,WhatsApp,36,8.0,1,Tidak,Sesuai SLA,4
TIK03908,2026-04-05,Minggu,08:45,Keuangan,Komputer/Laptop,Rendah,WhatsApp,54,6.9,1,Ya,Sesuai SLA,4
TIK03909,2026-04-05,Minggu,09:00,Laboratorium,Internet/WiFi,Rendah,Email,99,6.4,2,Tidak,Sesuai SLA,3
TIK03910,2026-04-05,Minggu,09:00,Akademik,Printer,Rendah,Email,84,8.5,1,Tidak,Sesuai SLA,4
TIK03911,2026-04-05,Minggu,09:15,Laboratorium,Printer,Rendah,Email,74,4.0,1,Tidak,Sesuai SLA,4
TIK03912,2026-04-05,Minggu,09:50,Keuangan,Akun/Login,Sedang,Form Online,59,2.7,1,Tidak,Sesuai SLA,5
TIK03913,2026-04-05,Minggu,10:05,Akademik,Sistem Akademik,Rendah,WhatsApp,41,13.2,1,Ya,Sesuai SLA,4
TIK03914,2026-04-05,Minggu,10:10,Program Studi,Proyektor,Sedang,Email,85,8.8,1,Ya,Sesuai SLA,4
TIK03915,2026-04-05,Minggu,10:15,Kemahasiswaan,Sistem Akademik,Tinggi,WhatsApp,34,11.2,1,Tidak,Lewat SLA,4
TIK03916,2026-04-05,Minggu,10:20,Laboratorium,Internet/WiFi,Rendah,Email,79,7.3,1,Tidak,Sesuai SLA,3
TIK03917,2026-04-05,Minggu,10:20,Kemahasiswaan,Internet/WiFi,Rendah,Form Online,67,6.6,1,Tidak,Sesuai SLA,4
TIK03918,2026-04-05,Minggu,10:35,Akademik,Internet/WiFi,Rendah,Form Online,51,7.9,2,Ya,Sesuai SLA,4
TIK03919,2026-04-05,Minggu,10:35,Laboratorium,Sistem Akademik,Rendah,Form Online,73,10.6,2,Tidak,Sesuai SLA,3
TIK03920,2026-04-05,Minggu,10:45,Kemahasiswaan,Proyektor,Sedang,Datang Langsung,13,3.3,1,Tidak,Sesuai SLA,5
TIK03921,2026-04-05,Minggu,10:55,Keuangan,Internet/WiFi,Rendah,Email,127,9.5,1,Ya,Sesuai SLA,3
TIK03922,2026-04-05,Minggu,11:00,Keuangan,Komputer/Laptop,Sedang,WhatsApp,35,7.7,1,Tidak,Sesuai SLA,3
TIK03923,2026-04-05,Minggu,11:05,Program Studi,Proyektor,Sedang,Form Online,53,6.4,1,Tidak,Sesuai SLA,5
TIK03924,2026-04-05,Minggu,11:15,Kemahasiswaan,Printer,Rendah,Datang Langsung,31,2.7,2,Tidak,Sesuai SLA,4
TIK03925,2026-04-05,Minggu,11:15,Kemahasiswaan,Printer,Tinggi,WhatsApp,34,7.3,1,Ya,Lewat SLA,4
TIK03926,2026-04-05,Minggu,11:40,Akademik,Internet/WiFi,Rendah,WhatsApp,44,7.3,1,Tidak,Sesuai SLA,5
TIK03927,2026-04-05,Minggu,12:05,Perpustakaan,Akun/Login,Tinggi,Form Online,36,6.3,1,Tidak,Lewat SLA,2
TIK03928,2026-04-05,Minggu,12:05,Program Studi,Akun/Login,Rendah,Form Online,56,3.3,1,Tidak,Sesuai SLA,5
TIK03929,2026-04-05,Minggu,12:20,Program Studi,Komputer/Laptop,Rendah,WhatsApp,44,5.8,1,Tidak,Sesuai SLA,4
TIK03930,2026-04-05,Minggu,12:35,Umum,Sistem Akademik,Sedang,Datang Langsung,26,11.3,1,Ya,Lewat SLA,4
TIK03931,2026-04-05,Minggu,12:35,Program Studi,Akun/Login,Rendah,WhatsApp,45,6.0,1,Ya,Sesuai SLA,4
TIK03932,2026-04-05,Minggu,13:05,Kemahasiswaan,Akun/Login,Sedang,WhatsApp,60,6.7,1,Tidak,Sesuai SLA,5
TIK03933,2026-04-05,Minggu,13:15,Program Studi,Internet/WiFi,Tinggi,WhatsApp,20,7.5,1,Tidak,Lewat SLA,3
TIK03934,2026-04-05,Minggu,13:20,Akademik,Akun/Login,Rendah,Form Online,58,2.9,1,Tidak,Sesuai SLA,4
TIK03935,2026-04-05,Minggu,14:05,Laboratorium,Proyektor,Rendah,Email,93,4.3,1,Tidak,Sesuai SLA,5
TIK03936,2026-04-05,Minggu,14:15,Keuangan,Proyektor,Sedang,WhatsApp,52,3.7,1,Tidak,Sesuai SLA,4
TIK03937,2026-04-05,Minggu,14:25,Akademik,Internet/WiFi,Rendah,Form Online,52,5.6,2,Tidak,Sesuai SLA,4
TIK03938,2026-04-05,Minggu,14:35,Program Studi,Akun/Login,Rendah,WhatsApp,45,1.8,1,Tidak,Sesuai SLA,4
TIK03939,2026-04-05,Minggu,17:50,Perpustakaan,Komputer/Laptop,Sedang,Form Online,75,7.1,1,Tidak,Sesuai SLA,3
TIK03940,2026-04-06,Senin,07:05,Program Studi,Internet/WiFi,Rendah,WhatsApp,39,6.8,1,Tidak,Sesuai SLA,5
TIK03941,2026-04-06,Senin,07:10,Program Studi,Internet/WiFi,Rendah,Form Online,63,9.1,1,Ya,Sesuai SLA,4
TIK03942,2026-04-06,Senin,07:20,Program Studi,Sistem Akademik,Tinggi,Email,74,15.3,1,Ya,Lewat SLA,3
TIK03943,2026-04-06,Senin,07:25,Umum,Sistem Akademik,Rendah,WhatsApp,37,10.8,1,Ya,Sesuai SLA,4
TIK03944,2026-04-06,Senin,07:25,Perpustakaan,Komputer/Laptop,Rendah,Form Online,52,6.3,1,Tidak,Sesuai SLA,4
TIK03945,2026-04-06,Senin,07:30,Keuangan,Akun/Login,Sedang,WhatsApp,28,2.3,2,Tidak,Sesuai SLA,5
TIK03946,2026-04-06,Senin,07:55,Perpustakaan,Proyektor,Sedang,Email,84,7.0,2,Tidak,Sesuai SLA,4
TIK03947,2026-04-06,Senin,08:30,Umum,Akun/Login,Tinggi,WhatsApp,20,4.0,1,Tidak,Sesuai SLA,5
TIK03948,2026-04-06,Senin,08:35,Akademik,Sistem Akademik,Rendah,WhatsApp,37,14.4,2,Ya,Sesuai SLA,3
TIK03949,2026-04-06,Senin,08:40,Keuangan,Akun/Login,Rendah,Form Online,102,1.5,1,Tidak,Sesuai SLA,5
TIK03950,2026-04-06,Senin,09:05,Perpustakaan,Internet/WiFi,Sedang,WhatsApp,21,9.1,1,Tidak,Sesuai SLA,4
TIK03951,2026-04-06,Senin,09:10,Akademik,Komputer/Laptop,Rendah,Email,92,6.1,1,Tidak,Sesuai SLA,5
TIK03952,2026-04-06,Senin,09:40,Akademik,Printer,Rendah,WhatsApp,38,4.0,1,Tidak,Sesuai SLA,4
TIK03953,2026-04-06,Senin,10:15,Akademik,Printer,Rendah,Email,88,4.7,1,Tidak,Sesuai SLA,4
TIK03954,2026-04-06,Senin,10:35,Laboratorium,Printer,Sedang,Email,60,5.3,1,Tidak,Sesuai SLA,5
TIK03955,2026-04-06,Senin,10:45,Akademik,Akun/Login,Sedang,Email,77,4.9,1,Tidak,Sesuai SLA,5
TIK03956,2026-04-06,Senin,11:00,Kemahasiswaan,Komputer/Laptop,Rendah,Form Online,62,7.5,1,Tidak,Sesuai SLA,4
TIK03957,2026-04-06,Senin,11:05,Keuangan,Sistem Akademik,Rendah,Datang Langsung,65,8.5,1,Tidak,Sesuai SLA,5
TIK03958,2026-04-06,Senin,11:30,Akademik,Akun/Login,Rendah,Form Online,67,3.1,1,Tidak,Sesuai SLA,5
TIK03959,2026-04-06,Senin,11:30,Program Studi,Proyektor,Rendah,WhatsApp,48,2.5,1,Tidak,Sesuai SLA,5
TIK03960,2026-04-06,Senin,11:45,Umum,Komputer/Laptop,Tinggi,WhatsApp,12,8.4,2,Tidak,Lewat SLA,3
TIK03961,2026-04-06,Senin,11:45,Laboratorium,Akun/Login,Tinggi,Email,57,7.3,2,Tidak,Lewat SLA,3
TIK03962,2026-04-06,Senin,12:20,Program Studi,Proyektor,Sedang,Form Online,42,5.0,2,Tidak,Sesuai SLA,4
TIK03963,2026-04-06,Senin,12:35,Umum,Akun/Login,Sedang,Email,76,7.0,1,Tidak,Sesuai SLA,4
TIK03964,2026-04-06,Senin,12:35,Akademik,Internet/WiFi,Sedang,Email,75,9.4,1,Tidak,Sesuai SLA,4
TIK03965,2026-04-06,Senin,12:35,Kemahasiswaan,Internet/WiFi,Sedang,Email,64,7.5,2,Tidak,Sesuai SLA,4
TIK03966,2026-04-06,Senin,13:05,Kemahasiswaan,Internet/WiFi,Tinggi,Email,62,10.3,1,Tidak,Lewat SLA,3
TIK03967,2026-04-06,Senin,13:35,Laboratorium,Akun/Login,Rendah,Form Online,61,2.1,2,Tidak,Sesuai SLA,5
TIK03968,2026-04-06,Senin,13:35,Kemahasiswaan,Komputer/Laptop,Sedang,Email,57,10.0,1,Tidak,Sesuai SLA,5
TIK03969,2026-04-06,Senin,14:00,Akademik,Internet/WiFi,Sedang,WhatsApp,42,7.7,1,Tidak,Sesuai SLA,4
TIK03970,2026-04-06,Senin,14:05,Akademik,Komputer/Laptop,Rendah,Email,80,7.9,1,Tidak,Sesuai SLA,4
TIK03971,2026-04-06,Senin,14:20,Perpustakaan,Akun/Login,Sedang,Email,70,6.6,1,Tidak,Sesuai SLA,5
TIK03972,2026-04-06,Senin,14:35,Keuangan,Akun/Login,Rendah,WhatsApp,60,2.1,1,Tidak,Sesuai SLA,4
TIK03973,2026-04-06,Senin,14:35,Umum,Internet/WiFi,Sedang,Email,70,9.0,2,Tidak,Sesuai SLA,3
TIK03974,2026-04-06,Senin,15:25,Akademik,Akun/Login,Rendah,Form Online,73,3.0,2,Tidak,Sesuai SLA,4
TIK03975,2026-04-06,Senin,15:30,Keuangan,Sistem Akademik,Rendah,WhatsApp,39,12.4,2,Ya,Sesuai SLA,4
TIK03976,2026-04-06,Senin,16:00,Program Studi,Proyektor,Rendah,WhatsApp,69,2.5,1,Tidak,Sesuai SLA,4
TIK03977,2026-04-06,Senin,16:55,Laboratorium,Sistem Akademik,Sedang,Email,64,11.8,1,Tidak,Lewat SLA,3
TIK03978,2026-04-07,Selasa,07:15,Akademik,Sistem Akademik,Rendah,Form Online,67,10.3,1,Tidak,Sesuai SLA,3
TIK03979,2026-04-07,Selasa,07:45,Perpustakaan,Akun/Login,Rendah,Email,81,4.6,1,Tidak,Sesuai SLA,5
TIK03980,2026-04-07,Selasa,07:50,Akademik,Komputer/Laptop,Rendah,WhatsApp,69,6.7,2,Tidak,Sesuai SLA,4
TIK03981,2026-04-07,Selasa,07:50,Akademik,Sistem Akademik,Rendah,WhatsApp,38,10.6,1,Tidak,Sesuai SLA,4
TIK03982,2026-04-07,Selasa,08:10,Laboratorium,Sistem Akademik,Rendah,WhatsApp,50,11.7,2,Tidak,Sesuai SLA,4
TIK03983,2026-04-07,Selasa,08:15,Akademik,Sistem Akademik,Sedang,Form Online,45,12.0,1,Ya,Lewat SLA,4
TIK03984,2026-04-07,Selasa,08:25,Akademik,Sistem Akademik,Sedang,WhatsApp,32,9.9,2,Tidak,Sesuai SLA,4
TIK03985,2026-04-07,Selasa,08:40,Program Studi,Komputer/Laptop,Rendah,Email,93,6.7,1,Tidak,Sesuai SLA,4
TIK03986,2026-04-07,Selasa,09:05,Keuangan,Sistem Akademik,Tinggi,WhatsApp,29,10.8,3,Tidak,Lewat SLA,4
TIK03987,2026-04-07,Selasa,09:05,Kemahasiswaan,Internet/WiFi,Rendah,Email,75,8.2,1,Tidak,Sesuai SLA,4
TIK03988,2026-04-07,Selasa,09:05,Akademik,Internet/WiFi,Sedang,Form Online,36,6.1,1,Tidak,Sesuai SLA,5
TIK03989,2026-04-07,Selasa,09:10,Akademik,Proyektor,Sedang,Datang Langsung,42,5.6,2,Tidak,Sesuai SLA,4
TIK03990,2026-04-07,Selasa,09:20,Laboratorium,Proyektor,Rendah,WhatsApp,42,3.4,2,Tidak,Sesuai SLA,5
TIK03991,2026-04-07,Selasa,09:35,Keuangan,Komputer/Laptop,Rendah,Email,78,6.2,2,Tidak,Sesuai SLA,4
TIK03992,2026-04-07,Selasa,09:35,Perpustakaan,Akun/Login,Sedang,Form Online,63,1.4,1,Tidak,Sesuai SLA,5
TIK03993,2026-04-07,Selasa,09:55,Kemahasiswaan,Komputer/Laptop,Rendah,Datang Langsung,46,4.8,1,Tidak,Sesuai SLA,5
TIK03994,2026-04-07,Selasa,10:00,Akademik,Komputer/Laptop,Sedang,Email,73,7.4,1,Tidak,Sesuai SLA,4
TIK03995,2026-04-07,Selasa,10:10,Perpustakaan,Sistem Akademik,Rendah,Form Online,52,8.5,2,Tidak,Sesuai SLA,4
TIK03996,2026-04-07,Selasa,10:15,Program Studi,Komputer/Laptop,Rendah,Email,88,5.9,1,Tidak,Sesuai SLA,3
TIK03997,2026-04-07,Selasa,10:25,Kemahasiswaan,Sistem Akademik,Sedang,WhatsApp,23,10.7,2,Tidak,Lewat SLA,3
TIK03998,2026-04-07,Selasa,10:50,Program Studi,Sistem Akademik,Rendah,WhatsApp,63,10.2,1,Tidak,Sesuai SLA,3
TIK03999,2026-04-07,Selasa,10:50,Umum,Komputer/Laptop,Rendah,Datang Langsung,42,7.8,1,Tidak,Sesuai SLA,4
TIK04000,2026-04-07,Selasa,10:55,Program Studi,Internet/WiFi,Sedang,Form Online,59,7.7,2,Tidak,Sesuai SLA,4
TIK04001,2026-04-07,Selasa,11:00,Laboratorium,Akun/Login,Tinggi,Datang Langsung,58,3.3,1,Tidak,Sesuai SLA,4
TIK04002,2026-04-07,Selasa,11:15,Umum,Komputer/Laptop,Rendah,Form Online,61,5.7,2,Tidak,Sesuai SLA,4
TIK04003,2026-04-07,Selasa,11:15,Perpustakaan,Akun/Login,Rendah,Datang Langsung,73,2.7,1,Ya,Sesuai SLA,4
TIK04004,2026-04-07,Selasa,11:30,Program Studi,Printer,Sedang,Form Online,39,5.3,2,Tidak,Sesuai SLA,4
TIK04005,2026-04-07,Selasa,11:40,Kemahasiswaan,Sistem Akademik,Sedang,WhatsApp,36,9.7,1,Tidak,Sesuai SLA,3
TIK04006,2026-04-07,Selasa,12:05,Kemahasiswaan,Internet/WiFi,Rendah,Form Online,119,5.9,1,Tidak,Sesuai SLA,4
TIK04007,2026-04-07,Selasa,12:20,Program Studi,Printer,Rendah,WhatsApp,66,3.2,1,Tidak,Sesuai SLA,4
TIK04008,2026-04-07,Selasa,12:35,Akademik,Komputer/Laptop,Rendah,Datang Langsung,58,5.7,1,Tidak,Sesuai SLA,5
TIK04009,2026-04-07,Selasa,13:10,Keuangan,Akun/Login,Rendah,Form Online,52,4.1,1,Tidak,Sesuai SLA,5
TIK04010,2026-04-07,Selasa,13:15,Keuangan,Sistem Akademik,Sedang,Form Online,37,10.7,2,Tidak,Lewat SLA,3
TIK04011,2026-04-07,Selasa,14:05,Akademik,Internet/WiFi,Sedang,WhatsApp,36,7.1,1,Tidak,Sesuai SLA,5
TIK04012,2026-04-07,Selasa,15:10,Keuangan,Akun/Login,Sedang,WhatsApp,18,2.0,1,Tidak,Sesuai SLA,5
TIK04013,2026-04-07,Selasa,15:25,Perpustakaan,Akun/Login,Rendah,Form Online,86,1.9,1,Tidak,Sesuai SLA,4
TIK04014,2026-04-07,Selasa,15:40,Laboratorium,Printer,Tinggi,Form Online,55,8.3,1,Ya,Lewat SLA,3
TIK04015,2026-04-07,Selasa,15:50,Akademik,Akun/Login,Rendah,Form Online,56,5.3,1,Tidak,Sesuai SLA,4
TIK04016,2026-04-07,Selasa,15:50,Program Studi,Akun/Login,Sedang,Datang Langsung,14,4.7,1,Tidak,Sesuai SLA,5
TIK04017,2026-04-07,Selasa,17:05,Perpustakaan,Komputer/Laptop,Rendah,Datang Langsung,32,6.8,2,Tidak,Sesuai SLA,4
TIK04018,2026-04-08,Rabu,07:00,Laboratorium,Printer,Tinggi,Form Online,31,5.0,2,Tidak,Sesuai SLA,4
TIK04019,2026-04-08,Rabu,07:05,Keuangan,Internet/WiFi,Tinggi,WhatsApp,43,8.2,2,Tidak,Lewat SLA,2
TIK04020,2026-04-08,Rabu,07:10,Kemahasiswaan,Akun/Login,Rendah,Datang Langsung,34,3.6,1,Tidak,Sesuai SLA,5
TIK04021,2026-04-08,Rabu,07:15,Umum,Printer,Rendah,WhatsApp,69,3.6,1,Tidak,Sesuai SLA,4
TIK04022,2026-04-08,Rabu,07:40,Program Studi,Printer,Rendah,WhatsApp,42,3.5,2,Tidak,Sesuai SLA,4
TIK04023,2026-04-08,Rabu,07:40,Laboratorium,Printer,Sedang,WhatsApp,26,7.8,1,Tidak,Sesuai SLA,5
TIK04024,2026-04-08,Rabu,07:45,Akademik,Akun/Login,Rendah,Email,89,3.6,1,Tidak,Sesuai SLA,4
TIK04025,2026-04-08,Rabu,08:25,Program Studi,Sistem Akademik,Rendah,Form Online,58,13.3,2,Ya,Sesuai SLA,5
TIK04026,2026-04-08,Rabu,08:30,Laboratorium,Printer,Rendah,Datang Langsung,59,3.8,2,Tidak,Sesuai SLA,4
TIK04027,2026-04-08,Rabu,08:55,Perpustakaan,Komputer/Laptop,Rendah,WhatsApp,63,4.7,1,Tidak,Sesuai SLA,3
TIK04028,2026-04-08,Rabu,09:20,Laboratorium,Proyektor,Sedang,WhatsApp,32,2.1,2,Tidak,Sesuai SLA,5
TIK04029,2026-04-08,Rabu,09:40,Program Studi,Internet/WiFi,Sedang,WhatsApp,77,9.7,1,Ya,Sesuai SLA,4
TIK04030,2026-04-08,Rabu,09:45,Akademik,Sistem Akademik,Tinggi,WhatsApp,42,12.7,3,Ya,Lewat SLA,4
TIK04031,2026-04-08,Rabu,09:50,Kemahasiswaan,Sistem Akademik,Rendah,WhatsApp,57,10.5,1,Tidak,Sesuai SLA,4
TIK04032,2026-04-08,Rabu,09:50,Keuangan,Akun/Login,Rendah,Email,78,2.3,1,Tidak,Sesuai SLA,4
TIK04033,2026-04-08,Rabu,09:55,Laboratorium,Sistem Akademik,Rendah,WhatsApp,37,13.2,2,Ya,Sesuai SLA,3
TIK04034,2026-04-08,Rabu,09:55,Laboratorium,Komputer/Laptop,Sedang,WhatsApp,29,6.3,1,Tidak,Sesuai SLA,5
TIK04035,2026-04-08,Rabu,10:10,Program Studi,Proyektor,Sedang,Datang Langsung,63,3.3,1,Tidak,Sesuai SLA,4
TIK04036,2026-04-08,Rabu,10:20,Umum,Printer,Tinggi,Datang Langsung,29,7.6,3,Ya,Lewat SLA,4
TIK04037,2026-04-08,Rabu,10:20,Akademik,Printer,Tinggi,WhatsApp,16,6.8,3,Tidak,Lewat SLA,4
TIK04038,2026-04-08,Rabu,10:30,Akademik,Internet/WiFi,Sedang,WhatsApp,59,8.1,1,Ya,Sesuai SLA,5
TIK04039,2026-04-08,Rabu,10:40,Akademik,Printer,Sedang,Email,80,6.9,2,Tidak,Sesuai SLA,5
TIK04040,2026-04-08,Rabu,10:50,Kemahasiswaan,Akun/Login,Rendah,Form Online,66,1.5,1,Tidak,Sesuai SLA,5
TIK04041,2026-04-08,Rabu,11:00,Kemahasiswaan,Proyektor,Rendah,Form Online,52,6.4,1,Ya,Sesuai SLA,4
TIK04042,2026-04-08,Rabu,11:10,Umum,Sistem Akademik,Sedang,WhatsApp,47,11.9,1,Ya,Lewat SLA,3
TIK04043,2026-04-08,Rabu,11:20,Perpustakaan,Komputer/Laptop,Sedang,Email,63,6.9,2,Tidak,Sesuai SLA,5
TIK04044,2026-04-08,Rabu,11:25,Keuangan,Akun/Login,Rendah,WhatsApp,41,2.0,1,Tidak,Sesuai SLA,5
TIK04045,2026-04-08,Rabu,11:25,Laboratorium,Proyektor,Rendah,Email,76,11.4,2,Tidak,Sesuai SLA,4
TIK04046,2026-04-08,Rabu,11:35,Program Studi,Akun/Login,Rendah,Form Online,69,2.5,1,Tidak,Sesuai SLA,5
TIK04047,2026-04-08,Rabu,11:35,Laboratorium,Sistem Akademik,Tinggi,Form Online,29,13.3,2,Ya,Lewat SLA,2
TIK04048,2026-04-08,Rabu,11:40,Program Studi,Sistem Akademik,Sedang,WhatsApp,20,11.8,1,Tidak,Lewat SLA,3
TIK04049,2026-04-08,Rabu,12:00,Laboratorium,Printer,Rendah,Email,113,4.5,1,Tidak,Sesuai SLA,4
TIK04050,2026-04-08,Rabu,12:20,Program Studi,Internet/WiFi,Tinggi,Form Online,46,8.3,1,Tidak,Lewat SLA,4
TIK04051,2026-04-08,Rabu,12:30,Kemahasiswaan,Proyektor,Sedang,WhatsApp,25,2.3,1,Tidak,Sesuai SLA,5
TIK04052,2026-04-08,Rabu,12:35,Akademik,Akun/Login,Sedang,WhatsApp,29,2.5,1,Tidak,Sesuai SLA,5
TIK04053,2026-04-08,Rabu,12:40,Keuangan,Internet/WiFi,Rendah,Form Online,73,8.1,2,Tidak,Sesuai SLA,3
TIK04054,2026-04-08,Rabu,12:40,Laboratorium,Akun/Login,Rendah,WhatsApp,50,2.4,1,Tidak,Sesuai SLA,5
TIK04055,2026-04-08,Rabu,12:50,Laboratorium,Akun/Login,Rendah,Email,86,2.4,1,Tidak,Sesuai SLA,5
TIK04056,2026-04-08,Rabu,13:15,Akademik,Printer,Rendah,Email,91,6.4,1,Tidak,Sesuai SLA,4
TIK04057,2026-04-08,Rabu,13:25,Akademik,Sistem Akademik,Sedang,WhatsApp,39,12.2,1,Ya,Lewat SLA,4
TIK04058,2026-04-08,Rabu,13:25,Keuangan,Printer,Tinggi,Form Online,50,5.0,1,Tidak,Sesuai SLA,4
TIK04059,2026-04-08,Rabu,13:25,Program Studi,Printer,Tinggi,Form Online,39,10.7,1,Ya,Lewat SLA,2
TIK04060,2026-04-08,Rabu,13:45,Akademik,Internet/WiFi,Tinggi,Form Online,39,7.0,1,Tidak,Lewat SLA,3
TIK04061,2026-04-08,Rabu,14:45,Akademik,Sistem Akademik,Sedang,WhatsApp,22,11.6,1,Ya,Lewat SLA,3
TIK04062,2026-04-08,Rabu,14:45,Keuangan,Internet/WiFi,Rendah,WhatsApp,52,8.5,2,Tidak,Sesuai SLA,5
TIK04063,2026-04-08,Rabu,17:25,Umum,Sistem Akademik,Sedang,Datang Langsung,15,10.5,2,Tidak,Lewat SLA,3
TIK04064,2026-04-09,Kamis,07:10,Kemahasiswaan,Printer,Sedang,WhatsApp,29,5.8,1,Tidak,Sesuai SLA,4
TIK04065,2026-04-09,Kamis,07:35,Kemahasiswaan,Internet/WiFi,Sedang,Form Online,44,6.9,2,Tidak,Sesuai SLA,5
TIK04066,2026-04-09,Kamis,07:35,Perpustakaan,Komputer/Laptop,Rendah,WhatsApp,56,6.4,1,Tidak,Sesuai SLA,4
TIK04067,2026-04-09,Kamis,07:55,Program Studi,Akun/Login,Rendah,WhatsApp,53,3.0,1,Tidak,Sesuai SLA,5
TIK04068,2026-04-09,Kamis,08:20,Kemahasiswaan,Internet/WiFi,Rendah,Form Online,48,9.4,1,Tidak,Sesuai SLA,3
TIK04069,2026-04-09,Kamis,08:30,Akademik,Akun/Login,Rendah,WhatsApp,43,5.8,1,Tidak,Sesuai SLA,5
TIK04070,2026-04-09,Kamis,08:35,Kemahasiswaan,Internet/WiFi,Rendah,Datang Langsung,44,9.1,1,Tidak,Sesuai SLA,3
TIK04071,2026-04-09,Kamis,09:00,Laboratorium,Akun/Login,Rendah,Datang Langsung,28,1.0,1,Tidak,Sesuai SLA,5
TIK04072,2026-04-09,Kamis,09:10,Akademik,Komputer/Laptop,Rendah,WhatsApp,51,6.5,1,Tidak,Sesuai SLA,4
TIK04073,2026-04-09,Kamis,09:20,Kemahasiswaan,Sistem Akademik,Rendah,WhatsApp,43,10.1,1,Tidak,Sesuai SLA,3
TIK04074,2026-04-09,Kamis,09:25,Program Studi,Internet/WiFi,Sedang,Datang Langsung,48,10.9,1,Ya,Lewat SLA,3
TIK04075,2026-04-09,Kamis,09:30,Perpustakaan,Akun/Login,Sedang,Form Online,41,4.3,1,Tidak,Sesuai SLA,4
TIK04076,2026-04-09,Kamis,09:45,Laboratorium,Akun/Login,Tinggi,WhatsApp,54,2.7,2,Tidak,Sesuai SLA,4
TIK04077,2026-04-09,Kamis,09:50,Program Studi,Komputer/Laptop,Rendah,WhatsApp,38,5.7,2,Tidak,Sesuai SLA,4
TIK04078,2026-04-09,Kamis,10:00,Perpustakaan,Sistem Akademik,Sedang,WhatsApp,24,12.6,1,Ya,Lewat SLA,3
TIK04079,2026-04-09,Kamis,10:00,Laboratorium,Komputer/Laptop,Rendah,WhatsApp,54,5.3,2,Tidak,Sesuai SLA,5
TIK04080,2026-04-09,Kamis,10:00,Laboratorium,Sistem Akademik,Rendah,WhatsApp,53,9.1,1,Tidak,Sesuai SLA,4
TIK04081,2026-04-09,Kamis,10:25,Kemahasiswaan,Sistem Akademik,Sedang,WhatsApp,35,11.7,1,Ya,Lewat SLA,2
TIK04082,2026-04-09,Kamis,10:40,Kemahasiswaan,Sistem Akademik,Rendah,Datang Langsung,37,11.9,1,Tidak,Sesuai SLA,5
TIK04083,2026-04-09,Kamis,10:45,Laboratorium,Internet/WiFi,Sedang,WhatsApp,29,7.4,1,Tidak,Sesuai SLA,5
TIK04084,2026-04-09,Kamis,10:50,Program Studi,Akun/Login,Rendah,Form Online,52,7.5,1,Ya,Sesuai SLA,5
TIK04085,2026-04-09,Kamis,10:55,Keuangan,Proyektor,Sedang,Form Online,54,2.0,2,Tidak,Sesuai SLA,5
TIK04086,2026-04-09,Kamis,11:25,Keuangan,Komputer/Laptop,Rendah,Email,116,7.7,1,Tidak,Sesuai SLA,4
TIK04087,2026-04-09,Kamis,11:35,Akademik,Akun/Login,Rendah,Form Online,71,6.4,1,Tidak,Sesuai SLA,5
TIK04088,2026-04-09,Kamis,11:35,Laboratorium,Printer,Sedang,Datang Langsung,33,6.0,1,Tidak,Sesuai SLA,4
TIK04089,2026-04-09,Kamis,11:35,Kemahasiswaan,Internet/WiFi,Tinggi,Form Online,38,12.9,2,Ya,Lewat SLA,3
TIK04090,2026-04-09,Kamis,11:40,Perpustakaan,Internet/WiFi,Tinggi,WhatsApp,26,7.1,2,Tidak,Lewat SLA,3
TIK04091,2026-04-09,Kamis,11:45,Program Studi,Internet/WiFi,Sedang,WhatsApp,51,8.9,1,Tidak,Sesuai SLA,3
TIK04092,2026-04-09,Kamis,12:10,Akademik,Akun/Login,Rendah,WhatsApp,61,5.2,1,Tidak,Sesuai SLA,4
TIK04093,2026-04-09,Kamis,12:40,Perpustakaan,Sistem Akademik,Rendah,WhatsApp,49,12.6,1,Tidak,Sesuai SLA,5
TIK04094,2026-04-09,Kamis,12:50,Kemahasiswaan,Akun/Login,Sedang,Form Online,70,1.6,1,Tidak,Sesuai SLA,5
TIK04095,2026-04-09,Kamis,13:10,Keuangan,Internet/WiFi,Sedang,Email,85,10.2,2,Tidak,Lewat SLA,3
TIK04096,2026-04-09,Kamis,13:40,Keuangan,Sistem Akademik,Sedang,WhatsApp,30,14.7,2,Ya,Lewat SLA,3
TIK04097,2026-04-09,Kamis,13:45,Umum,Sistem Akademik,Rendah,Form Online,54,14.0,2,Ya,Sesuai SLA,4
TIK04098,2026-04-09,Kamis,13:50,Umum,Sistem Akademik,Sedang,WhatsApp,31,12.7,1,Tidak,Lewat SLA,2
TIK04099,2026-04-09,Kamis,14:20,Laboratorium,Printer,Sedang,WhatsApp,30,4.5,1,Tidak,Sesuai SLA,5
TIK04100,2026-04-09,Kamis,14:40,Laboratorium,Sistem Akademik,Sedang,WhatsApp,35,15.2,2,Tidak,Lewat SLA,3
TIK04101,2026-04-09,Kamis,14:50,Laboratorium,Proyektor,Rendah,Form Online,83,2.8,1,Tidak,Sesuai SLA,5
TIK04102,2026-04-09,Kamis,14:55,Program Studi,Komputer/Laptop,Sedang,Email,79,6.7,1,Tidak,Sesuai SLA,5
TIK04103,2026-04-09,Kamis,17:20,Program Studi,Internet/WiFi,Sedang,Email,72,9.1,1,Tidak,Sesuai SLA,4
TIK04104,2026-04-09,Kamis,17:35,Perpustakaan,Sistem Akademik,Tinggi,Form Online,42,10.5,1,Tidak,Lewat SLA,4
TIK04105,2026-04-10,Jumat,07:20,Perpustakaan,Akun/Login,Rendah,Form Online,49,2.6,1,Tidak,Sesuai SLA,4
TIK04106,2026-04-10,Jumat,07:20,Akademik,Komputer/Laptop,Tinggi,Datang Langsung,9,9.8,1,Ya,Lewat SLA,3
TIK04107,2026-04-10,Jumat,07:25,Akademik,Proyektor,Sedang,Form Online,67,5.0,2,Tidak,Sesuai SLA,5
TIK04108,2026-04-10,Jumat,07:30,Program Studi,Printer,Rendah,Form Online,63,3.9,1,Tidak,Sesuai SLA,4
TIK04109,2026-04-10,Jumat,07:35,Kemahasiswaan,Proyektor,Tinggi,Form Online,32,4.7,2,Tidak,Sesuai SLA,5
TIK04110,2026-04-10,Jumat,07:40,Perpustakaan,Internet/WiFi,Rendah,WhatsApp,41,7.7,1,Tidak,Sesuai SLA,4
TIK04111,2026-04-10,Jumat,07:50,Program Studi,Printer,Sedang,Form Online,56,6.4,2,Ya,Sesuai SLA,4
TIK04112,2026-04-10,Jumat,08:00,Keuangan,Sistem Akademik,Rendah,WhatsApp,46,8.9,1,Tidak,Sesuai SLA,5
TIK04113,2026-04-10,Jumat,08:55,Kemahasiswaan,Komputer/Laptop,Sedang,Form Online,46,7.2,1,Tidak,Sesuai SLA,5
TIK04114,2026-04-10,Jumat,09:00,Program Studi,Internet/WiFi,Rendah,WhatsApp,52,7.6,1,Tidak,Sesuai SLA,5
TIK04115,2026-04-10,Jumat,09:45,Akademik,Printer,Rendah,Form Online,60,7.5,1,Ya,Sesuai SLA,4
TIK04116,2026-04-10,Jumat,09:50,Program Studi,Printer,Tinggi,WhatsApp,54,6.3,3,Ya,Lewat SLA,4
TIK04117,2026-04-10,Jumat,10:00,Program Studi,Printer,Rendah,Email,76,8.1,1,Tidak,Sesuai SLA,3
TIK04118,2026-04-10,Jumat,10:05,Umum,Komputer/Laptop,Rendah,Form Online,88,4.8,2,Tidak,Sesuai SLA,4
TIK04119,2026-04-10,Jumat,10:20,Program Studi,Internet/WiFi,Rendah,WhatsApp,63,7.0,2,Tidak,Sesuai SLA,5
TIK04120,2026-04-10,Jumat,10:20,Program Studi,Komputer/Laptop,Rendah,Email,95,5.5,2,Tidak,Sesuai SLA,4
TIK04121,2026-04-10,Jumat,10:30,Program Studi,Internet/WiFi,Tinggi,Datang Langsung,19,7.5,2,Tidak,Lewat SLA,4
TIK04122,2026-04-10,Jumat,10:35,Kemahasiswaan,Proyektor,Rendah,WhatsApp,42,2.6,1,Tidak,Sesuai SLA,4
TIK04123,2026-04-10,Jumat,11:05,Perpustakaan,Sistem Akademik,Sedang,WhatsApp,20,14.3,1,Ya,Lewat SLA,3
TIK04124,2026-04-10,Jumat,11:10,Kemahasiswaan,Internet/WiFi,Sedang,WhatsApp,45,7.0,1,Tidak,Sesuai SLA,4
TIK04125,2026-04-10,Jumat,11:10,Program Studi,Akun/Login,Rendah,WhatsApp,115,3.6,2,Tidak,Sesuai SLA,4
TIK04126,2026-04-10,Jumat,11:20,Perpustakaan,Sistem Akademik,Rendah,Form Online,118,10.6,1,Tidak,Sesuai SLA,4
TIK04127,2026-04-10,Jumat,11:25,Umum,Proyektor,Sedang,Email,68,4.7,1,Tidak,Sesuai SLA,5
TIK04128,2026-04-10,Jumat,11:30,Akademik,Printer,Tinggi,WhatsApp,51,7.3,2,Ya,Lewat SLA,3
TIK04129,2026-04-10,Jumat,11:30,Kemahasiswaan,Proyektor,Tinggi,Email,52,7.6,1,Tidak,Lewat SLA,4
TIK04130,2026-04-10,Jumat,11:35,Keuangan,Sistem Akademik,Tinggi,Form Online,32,16.8,2,Tidak,Lewat SLA,4
TIK04131,2026-04-10,Jumat,11:35,Akademik,Komputer/Laptop,Rendah,Form Online,87,5.5,1,Tidak,Sesuai SLA,4
TIK04132,2026-04-10,Jumat,11:35,Keuangan,Sistem Akademik,Tinggi,Form Online,97,10.5,1,Tidak,Lewat SLA,3
TIK04133,2026-04-10,Jumat,11:40,Akademik,Internet/WiFi,Sedang,Datang Langsung,36,10.7,2,Ya,Lewat SLA,3
TIK04134,2026-04-10,Jumat,11:40,Perpustakaan,Internet/WiFi,Sedang,Form Online,37,6.1,1,Tidak,Sesuai SLA,4
TIK04135,2026-04-10,Jumat,12:35,Keuangan,Proyektor,Sedang,WhatsApp,45,3.8,2,Tidak,Sesuai SLA,5
TIK04136,2026-04-10,Jumat,12:35,Umum,Printer,Rendah,WhatsApp,34,6.9,1,Tidak,Sesuai SLA,4
TIK04137,2026-04-10,Jumat,12:40,Akademik,Komputer/Laptop,Rendah,Form Online,87,12.1,1,Ya,Sesuai SLA,3
TIK04138,2026-04-10,Jumat,12:45,Laboratorium,Komputer/Laptop,Sedang,WhatsApp,32,6.2,1,Tidak,Sesuai SLA,5
TIK04139,2026-04-10,Jumat,12:50,Keuangan,Komputer/Laptop,Rendah,Form Online,67,5.3,1,Tidak,Sesuai SLA,4
TIK04140,2026-04-10,Jumat,12:50,Kemahasiswaan,Sistem Akademik,Rendah,WhatsApp,80,10.2,1,Tidak,Sesuai SLA,3
TIK04141,2026-04-10,Jumat,12:55,Program Studi,Sistem Akademik,Rendah,Form Online,80,10.5,1,Tidak,Sesuai SLA,4
TIK04142,2026-04-10,Jumat,13:00,Keuangan,Akun/Login,Rendah,Form Online,64,6.9,2,Tidak,Sesuai SLA,5
TIK04143,2026-04-10,Jumat,13:15,Kemahasiswaan,Sistem Akademik,Rendah,WhatsApp,53,12.1,1,Tidak,Sesuai SLA,5
TIK04144,2026-04-10,Jumat,13:20,Umum,Printer,Tinggi,WhatsApp,16,6.5,1,Tidak,Lewat SLA,4
TIK04145,2026-04-10,Jumat,13:25,Program Studi,Sistem Akademik,Rendah,WhatsApp,46,12.5,1,Ya,Sesuai SLA,5
TIK04146,2026-04-10,Jumat,14:50,Program Studi,Sistem Akademik,Tinggi,Email,60,12.9,2,Tidak,Lewat SLA,4
TIK04147,2026-04-10,Jumat,15:15,Umum,Internet/WiFi,Rendah,Datang Langsung,46,7.3,1,Tidak,Sesuai SLA,4
TIK04148,2026-04-10,Jumat,15:30,Keuangan,Proyektor,Sedang,WhatsApp,33,6.4,2,Tidak,Sesuai SLA,4
TIK04149,2026-04-11,Sabtu,07:05,Akademik,Sistem Akademik,Rendah,Email,97,8.4,2,Tidak,Sesuai SLA,4
TIK04150,2026-04-11,Sabtu,07:20,Umum,Komputer/Laptop,Sedang,WhatsApp,35,5.6,1,Tidak,Sesuai SLA,4
TIK04151,2026-04-11,Sabtu,07:25,Laboratorium,Komputer/Laptop,Rendah,WhatsApp,69,4.8,1,Tidak,Sesuai SLA,4
TIK04152,2026-04-11,Sabtu,07:45,Akademik,Printer,Sedang,Form Online,50,6.4,1,Tidak,Sesuai SLA,4
TIK04153,2026-04-11,Sabtu,08:05,Program Studi,Proyektor,Rendah,WhatsApp,33,13.5,1,Ya,Sesuai SLA,3
TIK04154,2026-04-11,Sabtu,08:15,Akademik,Komputer/Laptop,Rendah,WhatsApp,50,6.4,1,Tidak,Sesuai SLA,4
TIK04155,2026-04-11,Sabtu,08:30,Program Studi,Akun/Login,Rendah,Form Online,71,2.6,1,Tidak,Sesuai SLA,5
TIK04156,2026-04-11,Sabtu,08:35,Akademik,Akun/Login,Rendah,WhatsApp,43,2.1,1,Tidak,Sesuai SLA,5
TIK04157,2026-04-11,Sabtu,09:25,Umum,Sistem Akademik,Sedang,WhatsApp,67,9.6,2,Ya,Sesuai SLA,3
TIK04158,2026-04-11,Sabtu,09:35,Akademik,Sistem Akademik,Rendah,Email,97,8.8,1,Tidak,Sesuai SLA,3
TIK04159,2026-04-11,Sabtu,09:35,Keuangan,Internet/WiFi,Rendah,Form Online,87,6.1,2,Tidak,Sesuai SLA,4
TIK04160,2026-04-11,Sabtu,09:40,Program Studi,Sistem Akademik,Tinggi,WhatsApp,30,11.1,2,Ya,Lewat SLA,3
TIK04161,2026-04-11,Sabtu,09:40,Program Studi,Printer,Rendah,Form Online,70,4.0,2,Tidak,Sesuai SLA,4
TIK04162,2026-04-11,Sabtu,09:45,Kemahasiswaan,Internet/WiFi,Tinggi,WhatsApp,15,9.0,1,Tidak,Lewat SLA,4
TIK04163,2026-04-11,Sabtu,10:00,Umum,Sistem Akademik,Rendah,WhatsApp,38,12.9,1,Tidak,Sesuai SLA,4
TIK04164,2026-04-11,Sabtu,10:05,Program Studi,Akun/Login,Rendah,Form Online,75,1.9,1,Tidak,Sesuai SLA,5
TIK04165,2026-04-11,Sabtu,10:10,Umum,Komputer/Laptop,Rendah,WhatsApp,47,4.6,1,Tidak,Sesuai SLA,4
TIK04166,2026-04-11,Sabtu,10:15,Program Studi,Komputer/Laptop,Sedang,WhatsApp,25,6.0,1,Tidak,Sesuai SLA,5
TIK04167,2026-04-11,Sabtu,10:15,Akademik,Internet/WiFi,Sedang,Form Online,52,14.6,1,Tidak,Lewat SLA,3
TIK04168,2026-04-11,Sabtu,10:15,Program Studi,Sistem Akademik,Sedang,Email,76,13.4,1,Tidak,Lewat SLA,3
TIK04169,2026-04-11,Sabtu,10:45,Umum,Sistem Akademik,Rendah,WhatsApp,47,6.7,1,Tidak,Sesuai SLA,4
TIK04170,2026-04-11,Sabtu,10:55,Umum,Proyektor,Rendah,WhatsApp,70,5.2,1,Tidak,Sesuai SLA,4
TIK04171,2026-04-11,Sabtu,11:00,Program Studi,Akun/Login,Sedang,Datang Langsung,20,1.9,1,Tidak,Sesuai SLA,5
TIK04172,2026-04-11,Sabtu,11:05,Perpustakaan,Komputer/Laptop,Rendah,WhatsApp,34,9.8,2,Tidak,Sesuai SLA,4
TIK04173,2026-04-11,Sabtu,11:35,Akademik,Komputer/Laptop,Rendah,WhatsApp,37,7.0,2,Tidak,Sesuai SLA,5
TIK04174,2026-04-11,Sabtu,11:40,Program Studi,Akun/Login,Sedang,Email,71,9.8,1,Ya,Sesuai SLA,5
TIK04175,2026-04-11,Sabtu,11:50,Laboratorium,Komputer/Laptop,Sedang,WhatsApp,34,5.7,1,Tidak,Sesuai SLA,4
TIK04176,2026-04-11,Sabtu,11:55,Keuangan,Akun/Login,Rendah,Datang Langsung,52,2.1,1,Tidak,Sesuai SLA,5
TIK04177,2026-04-11,Sabtu,11:55,Akademik,Proyektor,Rendah,WhatsApp,41,2.7,1,Tidak,Sesuai SLA,4
TIK04178,2026-04-11,Sabtu,11:55,Kemahasiswaan,Printer,Rendah,WhatsApp,38,2.9,1,Tidak,Sesuai SLA,5
TIK04179,2026-04-11,Sabtu,12:10,Keuangan,Sistem Akademik,Tinggi,Form Online,37,18.0,2,Ya,Lewat SLA,2
TIK04180,2026-04-11,Sabtu,12:20,Program Studi,Printer,Sedang,WhatsApp,22,5.2,2,Tidak,Sesuai SLA,5
TIK04181,2026-04-11,Sabtu,12:30,Program Studi,Komputer/Laptop,Rendah,Form Online,60,9.2,2,Tidak,Sesuai SLA,5
TIK04182,2026-04-11,Sabtu,12:35,Akademik,Komputer/Laptop,Rendah,WhatsApp,39,6.7,1,Tidak,Sesuai SLA,4
TIK04183,2026-04-11,Sabtu,12:50,Akademik,Komputer/Laptop,Rendah,Email,124,7.7,2,Tidak,Sesuai SLA,3
TIK04184,2026-04-11,Sabtu,12:50,Kemahasiswaan,Komputer/Laptop,Rendah,Form Online,50,5.7,1,Tidak,Sesuai SLA,5
TIK04185,2026-04-11,Sabtu,13:05,Perpustakaan,Komputer/Laptop,Rendah,WhatsApp,69,10.2,1,Tidak,Sesuai SLA,4
TIK04186,2026-04-11,Sabtu,13:10,Umum,Komputer/Laptop,Tinggi,Form Online,37,6.6,2,Tidak,Lewat SLA,4
TIK04187,2026-04-11,Sabtu,13:20,Laboratorium,Sistem Akademik,Rendah,Email,78,11.3,2,Ya,Sesuai SLA,4
TIK04188,2026-04-11,Sabtu,13:25,Akademik,Akun/Login,Rendah,Form Online,74,2.0,2,Tidak,Sesuai SLA,4
TIK04189,2026-04-11,Sabtu,13:40,Program Studi,Komputer/Laptop,Sedang,Email,77,8.3,1,Tidak,Sesuai SLA,5
TIK04190,2026-04-11,Sabtu,14:20,Umum,Internet/WiFi,Sedang,WhatsApp,36,6.5,1,Tidak,Sesuai SLA,4
TIK04191,2026-04-11,Sabtu,14:25,Program Studi,Internet/WiFi,Sedang,Email,89,13.4,1,Ya,Lewat SLA,3
TIK04192,2026-04-11,Sabtu,14:40,Akademik,Sistem Akademik,Rendah,WhatsApp,34,7.6,2,Tidak,Sesuai SLA,4
TIK04193,2026-04-11,Sabtu,15:00,Akademik,Internet/WiFi,Sedang,WhatsApp,21,13.3,1,Ya,Lewat SLA,2
TIK04194,2026-04-11,Sabtu,15:20,Akademik,Printer,Rendah,Form Online,61,4.1,2,Tidak,Sesuai SLA,4
TIK04195,2026-04-11,Sabtu,15:20,Umum,Sistem Akademik,Sedang,Form Online,42,13.5,2,Ya,Lewat SLA,3
TIK04196,2026-04-11,Sabtu,16:30,Program Studi,Internet/WiFi,Sedang,WhatsApp,26,6.1,1,Tidak,Sesuai SLA,4
TIK04197,2026-04-12,Minggu,07:40,Laboratorium,Akun/Login,Rendah,WhatsApp,84,5.7,2,Ya,Sesuai SLA,4
TIK04198,2026-04-12,Minggu,07:50,Akademik,Sistem Akademik,Sedang,Email,76,11.0,2,Tidak,Lewat SLA,4
TIK04199,2026-04-12,Minggu,08:15,Keuangan,Proyektor,Sedang,Email,69,6.2,2,Tidak,Sesuai SLA,4
TIK04200,2026-04-12,Minggu,09:15,Perpustakaan,Akun/Login,Sedang,WhatsApp,38,2.2,1,Tidak,Sesuai SLA,4
TIK04201,2026-04-12,Minggu,09:30,Laboratorium,Proyektor,Rendah,Email,135,3.8,2,Tidak,Sesuai SLA,4
TIK04202,2026-04-12,Minggu,09:40,Akademik,Sistem Akademik,Rendah,WhatsApp,49,7.2,1,Tidak,Sesuai SLA,4
TIK04203,2026-04-12,Minggu,09:45,Kemahasiswaan,Printer,Sedang,Form Online,49,6.1,1,Tidak,Sesuai SLA,4
TIK04204,2026-04-12,Minggu,09:55,Laboratorium,Komputer/Laptop,Rendah,Email,87,6.3,1,Tidak,Sesuai SLA,4
TIK04205,2026-04-12,Minggu,10:25,Kemahasiswaan,Komputer/Laptop,Rendah,WhatsApp,63,4.7,1,Tidak,Sesuai SLA,3
TIK04206,2026-04-12,Minggu,10:25,Perpustakaan,Komputer/Laptop,Rendah,Email,71,6.3,1,Tidak,Sesuai SLA,4
TIK04207,2026-04-12,Minggu,10:50,Program Studi,Akun/Login,Sedang,Email,75,3.8,1,Tidak,Sesuai SLA,4
TIK04208,2026-04-12,Minggu,10:50,Keuangan,Komputer/Laptop,Rendah,WhatsApp,53,4.9,1,Tidak,Sesuai SLA,5
TIK04209,2026-04-12,Minggu,10:50,Umum,Internet/WiFi,Tinggi,Form Online,33,10.7,1,Ya,Lewat SLA,3
TIK04210,2026-04-12,Minggu,11:05,Laboratorium,Komputer/Laptop,Sedang,WhatsApp,24,5.4,1,Tidak,Sesuai SLA,5
TIK04211,2026-04-12,Minggu,11:15,Laboratorium,Komputer/Laptop,Rendah,Form Online,61,5.7,1,Tidak,Sesuai SLA,3
TIK04212,2026-04-12,Minggu,11:20,Laboratorium,Internet/WiFi,Sedang,WhatsApp,43,8.8,2,Ya,Sesuai SLA,4
TIK04213,2026-04-12,Minggu,11:25,Program Studi,Sistem Akademik,Sedang,WhatsApp,37,10.3,1,Ya,Lewat SLA,3
TIK04214,2026-04-12,Minggu,11:25,Program Studi,Sistem Akademik,Tinggi,Datang Langsung,28,13.7,2,Ya,Lewat SLA,3
TIK04215,2026-04-12,Minggu,11:35,Keuangan,Printer,Rendah,Form Online,55,5.0,1,Tidak,Sesuai SLA,3
TIK04216,2026-04-12,Minggu,11:35,Kemahasiswaan,Internet/WiFi,Rendah,Email,95,11.7,1,Ya,Sesuai SLA,4
TIK04217,2026-04-12,Minggu,11:50,Program Studi,Internet/WiFi,Tinggi,Datang Langsung,21,6.6,2,Tidak,Lewat SLA,4
TIK04218,2026-04-12,Minggu,12:05,Kemahasiswaan,Sistem Akademik,Sedang,Email,80,13.4,1,Ya,Lewat SLA,3
TIK04219,2026-04-12,Minggu,12:25,Laboratorium,Akun/Login,Sedang,Datang Langsung,19,3.0,1,Tidak,Sesuai SLA,5
TIK04220,2026-04-12,Minggu,12:25,Akademik,Internet/WiFi,Sedang,Email,60,8.4,1,Tidak,Sesuai SLA,4
TIK04221,2026-04-12,Minggu,12:30,Akademik,Proyektor,Rendah,WhatsApp,43,2.9,2,Tidak,Sesuai SLA,4
TIK04222,2026-04-12,Minggu,12:35,Akademik,Proyektor,Tinggi,Form Online,56,8.1,2,Ya,Lewat SLA,4
TIK04223,2026-04-12,Minggu,12:40,Akademik,Proyektor,Tinggi,Datang Langsung,33,5.5,2,Ya,Sesuai SLA,4
TIK04224,2026-04-12,Minggu,12:50,Program Studi,Akun/Login,Sedang,Email,72,3.0,2,Tidak,Sesuai SLA,4
TIK04225,2026-04-12,Minggu,12:50,Umum,Internet/WiFi,Sedang,Email,65,8.3,1,Tidak,Sesuai SLA,4
TIK04226,2026-04-12,Minggu,13:20,Kemahasiswaan,Sistem Akademik,Rendah,WhatsApp,38,9.1,1,Ya,Sesuai SLA,4
TIK04227,2026-04-12,Minggu,13:55,Akademik,Akun/Login,Sedang,Email,65,6.7,2,Tidak,Sesuai SLA,4
TIK04228,2026-04-12,Minggu,14:30,Keuangan,Internet/WiFi,Rendah,WhatsApp,77,7.0,2,Tidak,Sesuai SLA,4
TIK04229,2026-04-12,Minggu,14:30,Akademik,Komputer/Laptop,Sedang,Form Online,55,7.3,1,Tidak,Sesuai SLA,4
TIK04230,2026-04-12,Minggu,14:55,Laboratorium,Komputer/Laptop,Sedang,WhatsApp,35,7.3,1,Tidak,Sesuai SLA,4
TIK04231,2026-04-12,Minggu,15:15,Program Studi,Proyektor,Tinggi,WhatsApp,37,3.7,2,Tidak,Sesuai SLA,5
TIK04232,2026-04-12,Minggu,17:35,Program Studi,Akun/Login,Rendah,WhatsApp,62,11.0,1,Ya,Sesuai SLA,4
TIK04233,2026-04-12,Minggu,17:50,Program Studi,Sistem Akademik,Sedang,Email,68,15.6,1,Ya,Lewat SLA,2
TIK04234,2026-04-13,Senin,07:05,Akademik,Printer,Rendah,Form Online,52,2.6,1,Tidak,Sesuai SLA,4
TIK04235,2026-04-13,Senin,07:20,Laboratorium,Komputer/Laptop,Rendah,Email,85,7.2,2,Tidak,Sesuai SLA,4
TIK04236,2026-04-13,Senin,07:25,Kemahasiswaan,Internet/WiFi,Sedang,Email,72,8.9,1,Tidak,Sesuai SLA,4
TIK04237,2026-04-13,Senin,07:30,Perpustakaan,Akun/Login,Tinggi,WhatsApp,20,6.4,2,Tidak,Lewat SLA,4
TIK04238,2026-04-13,Senin,07:30,Laboratorium,Komputer/Laptop,Sedang,Datang Langsung,23,5.1,1,Tidak,Sesuai SLA,4
TIK04239,2026-04-13,Senin,07:35,Kemahasiswaan,Komputer/Laptop,Rendah,Form Online,65,5.5,2,Tidak,Sesuai SLA,4
TIK04240,2026-04-13,Senin,07:35,Akademik,Sistem Akademik,Rendah,Form Online,58,12.2,2,Tidak,Sesuai SLA,5
TIK04241,2026-04-13,Senin,07:50,Laboratorium,Internet/WiFi,Sedang,WhatsApp,30,6.7,1,Tidak,Sesuai SLA,5
TIK04242,2026-04-13,Senin,07:55,Umum,Printer,Rendah,Email,70,7.0,2,Tidak,Sesuai SLA,4
TIK04243,2026-04-13,Senin,07:55,Akademik,Sistem Akademik,Rendah,WhatsApp,54,11.8,2,Tidak,Sesuai SLA,4
TIK04244,2026-04-13,Senin,08:05,Perpustakaan,Printer,Rendah,WhatsApp,45,2.1,1,Tidak,Sesuai SLA,4
TIK04245,2026-04-13,Senin,08:10,Umum,Sistem Akademik,Rendah,WhatsApp,38,8.3,2,Tidak,Sesuai SLA,4
TIK04246,2026-04-13,Senin,08:30,Laboratorium,Internet/WiFi,Sedang,Form Online,35,12.2,2,Tidak,Lewat SLA,3
TIK04247,2026-04-13,Senin,08:40,Perpustakaan,Internet/WiFi,Sedang,WhatsApp,65,6.6,2,Tidak,Sesuai SLA,4
TIK04248,2026-04-13,Senin,08:45,Akademik,Akun/Login,Rendah,Datang Langsung,26,4.1,1,Tidak,Sesuai SLA,4
TIK04249,2026-04-13,Senin,08:50,Keuangan,Akun/Login,Rendah,WhatsApp,66,1.4,1,Tidak,Sesuai SLA,5
TIK04250,2026-04-13,Senin,09:00,Program Studi,Akun/Login,Sedang,WhatsApp,28,8.0,2,Tidak,Sesuai SLA,4
TIK04251,2026-04-13,Senin,09:05,Perpustakaan,Sistem Akademik,Sedang,Form Online,55,10.5,1,Ya,Lewat SLA,4
TIK04252,2026-04-13,Senin,09:30,Program Studi,Sistem Akademik,Tinggi,Form Online,48,15.3,1,Ya,Lewat SLA,3
TIK04253,2026-04-13,Senin,09:35,Kemahasiswaan,Akun/Login,Rendah,Form Online,54,4.5,1,Tidak,Sesuai SLA,4
TIK04254,2026-04-13,Senin,10:20,Umum,Printer,Rendah,WhatsApp,44,4.2,1,Tidak,Sesuai SLA,5
TIK04255,2026-04-13,Senin,10:40,Program Studi,Internet/WiFi,Sedang,WhatsApp,33,9.2,1,Tidak,Sesuai SLA,5
TIK04256,2026-04-13,Senin,10:50,Laboratorium,Sistem Akademik,Sedang,Email,72,11.1,1,Ya,Lewat SLA,3
TIK04257,2026-04-13,Senin,10:50,Program Studi,Internet/WiFi,Tinggi,Datang Langsung,41,7.4,1,Tidak,Lewat SLA,4
TIK04258,2026-04-13,Senin,11:05,Kemahasiswaan,Internet/WiFi,Sedang,Email,73,10.2,1,Tidak,Lewat SLA,4
TIK04259,2026-04-13,Senin,11:05,Kemahasiswaan,Sistem Akademik,Rendah,WhatsApp,44,6.9,2,Tidak,Sesuai SLA,4
TIK04260,2026-04-13,Senin,11:25,Kemahasiswaan,Internet/WiFi,Sedang,WhatsApp,19,10.5,1,Ya,Lewat SLA,4
TIK04261,2026-04-13,Senin,11:35,Akademik,Akun/Login,Rendah,WhatsApp,48,2.1,2,Tidak,Sesuai SLA,4
TIK04262,2026-04-13,Senin,11:40,Keuangan,Internet/WiFi,Rendah,WhatsApp,39,9.4,1,Ya,Sesuai SLA,5
TIK04263,2026-04-13,Senin,11:50,Program Studi,Internet/WiFi,Rendah,Form Online,50,7.1,2,Tidak,Sesuai SLA,5
TIK04264,2026-04-13,Senin,12:00,Kemahasiswaan,Akun/Login,Rendah,Datang Langsung,30,1.6,1,Tidak,Sesuai SLA,4
TIK04265,2026-04-13,Senin,12:00,Program Studi,Sistem Akademik,Tinggi,Form Online,53,9.0,1,Tidak,Lewat SLA,4
TIK04266,2026-04-13,Senin,12:10,Program Studi,Internet/WiFi,Rendah,Email,78,8.0,2,Tidak,Sesuai SLA,4
TIK04267,2026-04-13,Senin,12:15,Keuangan,Komputer/Laptop,Rendah,WhatsApp,62,6.7,1,Tidak,Sesuai SLA,4
TIK04268,2026-04-13,Senin,12:15,Laboratorium,Akun/Login,Tinggi,WhatsApp,22,4.1,2,Tidak,Sesuai SLA,5
TIK04269,2026-04-13,Senin,12:20,Perpustakaan,Sistem Akademik,Sedang,Datang Langsung,23,7.7,1,Tidak,Sesuai SLA,4
TIK04270,2026-04-13,Senin,12:40,Keuangan,Sistem Akademik,Rendah,WhatsApp,68,9.7,1,Ya,Sesuai SLA,3
TIK04271,2026-04-13,Senin,12:40,Akademik,Sistem Akademik,Tinggi,Form Online,32,9.9,2,Tidak,Lewat SLA,2
TIK04272,2026-04-13,Senin,12:45,Umum,Printer,Rendah,WhatsApp,60,2.8,1,Tidak,Sesuai SLA,4
TIK04273,2026-04-13,Senin,12:50,Laboratorium,Internet/WiFi,Rendah,Email,71,12.5,1,Tidak,Sesuai SLA,3
TIK04274,2026-04-13,Senin,12:50,Perpustakaan,Printer,Tinggi,WhatsApp,13,4.1,1,Tidak,Sesuai SLA,5
TIK04275,2026-04-13,Senin,13:10,Perpustakaan,Komputer/Laptop,Rendah,Form Online,71,8.2,1,Tidak,Sesuai SLA,4
TIK04276,2026-04-13,Senin,13:20,Laboratorium,Sistem Akademik,Rendah,Datang Langsung,52,10.8,1,Ya,Sesuai SLA,4
TIK04277,2026-04-13,Senin,13:25,Program Studi,Internet/WiFi,Sedang,WhatsApp,20,9.1,1,Tidak,Sesuai SLA,4
TIK04278,2026-04-13,Senin,13:25,Program Studi,Proyektor,Rendah,Form Online,57,2.7,1,Tidak,Sesuai SLA,4
TIK04279,2026-04-13,Senin,13:35,Akademik,Komputer/Laptop,Tinggi,Form Online,43,8.6,2,Tidak,Lewat SLA,4
TIK04280,2026-04-13,Senin,13:35,Akademik,Sistem Akademik,Rendah,Datang Langsung,37,9.2,1,Tidak,Sesuai SLA,3
TIK04281,2026-04-13,Senin,13:35,Program Studi,Komputer/Laptop,Rendah,Datang Langsung,50,4.9,2,Tidak,Sesuai SLA,5
TIK04282,2026-04-13,Senin,14:15,Program Studi,Sistem Akademik,Tinggi,WhatsApp,40,12.8,2,Ya,Lewat SLA,3
TIK04283,2026-04-13,Senin,14:30,Program Studi,Akun/Login,Rendah,Form Online,59,1.9,1,Tidak,Sesuai SLA,5
TIK04284,2026-04-13,Senin,15:45,Laboratorium,Komputer/Laptop,Tinggi,Form Online,35,7.6,2,Ya,Lewat SLA,3
TIK04285,2026-04-13,Senin,16:00,Kemahasiswaan,Akun/Login,Rendah,WhatsApp,66,0.9,1,Tidak,Sesuai SLA,5
TIK04286,2026-04-14,Selasa,07:00,Program Studi,Printer,Rendah,Form Online,76,7.1,1,Ya,Sesuai SLA,3
TIK04287,2026-04-14,Selasa,07:00,Program Studi,Internet/WiFi,Rendah,WhatsApp,47,5.6,1,Tidak,Sesuai SLA,5
TIK04288,2026-04-14,Selasa,07:20,Akademik,Internet/WiFi,Tinggi,WhatsApp,15,7.7,3,Tidak,Lewat SLA,4
TIK04289,2026-04-14,Selasa,07:20,Akademik,Akun/Login,Rendah,WhatsApp,41,4.5,1,Tidak,Sesuai SLA,4
TIK04290,2026-04-14,Selasa,07:30,Akademik,Proyektor,Rendah,WhatsApp,39,2.7,1,Tidak,Sesuai SLA,5
TIK04291,2026-04-14,Selasa,07:35,Akademik,Printer,Rendah,WhatsApp,46,6.4,1,Tidak,Sesuai SLA,5
TIK04292,2026-04-14,Selasa,07:40,Akademik,Internet/WiFi,Tinggi,WhatsApp,43,10.1,2,Ya,Lewat SLA,3
TIK04293,2026-04-14,Selasa,07:40,Kemahasiswaan,Internet/WiFi,Tinggi,Email,55,15.5,2,Ya,Lewat SLA,3
TIK04294,2026-04-14,Selasa,07:50,Laboratorium,Internet/WiFi,Sedang,Email,82,7.9,1,Tidak,Sesuai SLA,5
TIK04295,2026-04-14,Selasa,08:00,Program Studi,Komputer/Laptop,Sedang,Form Online,67,5.2,1,Tidak,Sesuai SLA,4
TIK04296,2026-04-14,Selasa,08:20,Umum,Akun/Login,Sedang,WhatsApp,52,4.1,1,Tidak,Sesuai SLA,5
TIK04297,2026-04-14,Selasa,08:25,Program Studi,Akun/Login,Sedang,Form Online,55,2.6,2,Tidak,Sesuai SLA,4
TIK04298,2026-04-14,Selasa,08:45,Laboratorium,Akun/Login,Rendah,Datang Langsung,29,1.5,1,Tidak,Sesuai SLA,4
TIK04299,2026-04-14,Selasa,08:55,Umum,Sistem Akademik,Rendah,Form Online,109,10.4,1,Tidak,Sesuai SLA,4
TIK04300,2026-04-14,Selasa,09:00,Program Studi,Sistem Akademik,Sedang,Datang Langsung,17,13.2,1,Ya,Lewat SLA,4
TIK04301,2026-04-14,Selasa,09:10,Keuangan,Akun/Login,Sedang,Datang Langsung,19,3.2,2,Tidak,Sesuai SLA,5
TIK04302,2026-04-14,Selasa,09:25,Perpustakaan,Internet/WiFi,Tinggi,Email,63,8.0,1,Tidak,Lewat SLA,3
TIK04303,2026-04-14,Selasa,10:00,Program Studi,Internet/WiFi,Sedang,Form Online,82,7.8,1,Tidak,Sesuai SLA,3
TIK04304,2026-04-14,Selasa,10:10,Program Studi,Akun/Login,Rendah,Datang Langsung,35,3.8,1,Tidak,Sesuai SLA,5
TIK04305,2026-04-14,Selasa,10:45,Kemahasiswaan,Akun/Login,Rendah,Form Online,62,2.0,1,Tidak,Sesuai SLA,4
TIK04306,2026-04-14,Selasa,10:50,Umum,Printer,Sedang,WhatsApp,36,4.6,1,Tidak,Sesuai SLA,4
TIK04307,2026-04-14,Selasa,11:00,Akademik,Proyektor,Rendah,Datang Langsung,57,2.7,1,Tidak,Sesuai SLA,5
TIK04308,2026-04-14,Selasa,11:10,Laboratorium,Akun/Login,Sedang,Email,95,5.0,1,Tidak,Sesuai SLA,4
TIK04309,2026-04-14,Selasa,11:20,Perpustakaan,Sistem Akademik,Tinggi,Email,69,12.1,2,Ya,Lewat SLA,2
TIK04310,2026-04-14,Selasa,11:40,Laboratorium,Akun/Login,Rendah,WhatsApp,57,3.4,2,Ya,Sesuai SLA,4
TIK04311,2026-04-14,Selasa,11:40,Program Studi,Akun/Login,Rendah,WhatsApp,33,3.4,1,Tidak,Sesuai SLA,4
TIK04312,2026-04-14,Selasa,12:00,Keuangan,Printer,Tinggi,WhatsApp,17,4.5,2,Tidak,Sesuai SLA,4
TIK04313,2026-04-14,Selasa,12:10,Perpustakaan,Proyektor,Rendah,Datang Langsung,55,5.1,1,Tidak,Sesuai SLA,5
TIK04314,2026-04-14,Selasa,12:35,Kemahasiswaan,Sistem Akademik,Sedang,Email,100,10.6,2,Tidak,Lewat SLA,2
TIK04315,2026-04-14,Selasa,12:35,Program Studi,Sistem Akademik,Sedang,Form Online,43,7.3,1,Tidak,Sesuai SLA,4
TIK04316,2026-04-14,Selasa,12:50,Akademik,Proyektor,Sedang,Email,75,4.9,1,Tidak,Sesuai SLA,4
TIK04317,2026-04-14,Selasa,13:15,Program Studi,Internet/WiFi,Rendah,Form Online,61,5.3,1,Tidak,Sesuai SLA,5
TIK04318,2026-04-14,Selasa,13:15,Keuangan,Internet/WiFi,Sedang,Email,71,9.1,1,Tidak,Sesuai SLA,4
TIK04319,2026-04-14,Selasa,13:35,Akademik,Akun/Login,Rendah,WhatsApp,46,3.0,1,Tidak,Sesuai SLA,4
TIK04320,2026-04-14,Selasa,13:55,Akademik,Komputer/Laptop,Rendah,Form Online,57,4.4,2,Tidak,Sesuai SLA,4
TIK04321,2026-04-14,Selasa,14:35,Akademik,Sistem Akademik,Sedang,Datang Langsung,28,7.2,2,Tidak,Sesuai SLA,4
TIK04322,2026-04-14,Selasa,14:45,Perpustakaan,Sistem Akademik,Tinggi,WhatsApp,25,11.6,2,Ya,Lewat SLA,4
TIK04323,2026-04-14,Selasa,14:50,Keuangan,Komputer/Laptop,Rendah,Email,72,6.6,1,Tidak,Sesuai SLA,4
TIK04324,2026-04-14,Selasa,15:05,Keuangan,Komputer/Laptop,Rendah,Email,86,7.2,1,Tidak,Sesuai SLA,4
TIK04325,2026-04-14,Selasa,15:35,Program Studi,Proyektor,Rendah,Form Online,59,2.3,1,Tidak,Sesuai SLA,5
TIK04326,2026-04-14,Selasa,15:50,Perpustakaan,Printer,Sedang,Email,61,7.1,2,Tidak,Sesuai SLA,4
TIK04327,2026-04-14,Selasa,16:25,Laboratorium,Printer,Sedang,WhatsApp,37,6.0,1,Ya,Sesuai SLA,4
TIK04328,2026-04-15,Rabu,07:30,Laboratorium,Printer,Tinggi,Datang Langsung,18,4.3,2,Tidak,Sesuai SLA,5
TIK04329,2026-04-15,Rabu,07:30,Akademik,Akun/Login,Sedang,Form Online,69,2.5,2,Tidak,Sesuai SLA,4
TIK04330,2026-04-15,Rabu,07:40,Perpustakaan,Akun/Login,Rendah,WhatsApp,40,1.7,1,Tidak,Sesuai SLA,4
TIK04331,2026-04-15,Rabu,07:45,Keuangan,Sistem Akademik,Tinggi,Datang Langsung,10,11.0,3,Ya,Lewat SLA,3
TIK04332,2026-04-15,Rabu,07:45,Keuangan,Sistem Akademik,Tinggi,WhatsApp,46,9.9,1,Tidak,Lewat SLA,2
TIK04333,2026-04-15,Rabu,07:45,Program Studi,Internet/WiFi,Rendah,WhatsApp,44,6.4,2,Tidak,Sesuai SLA,5
TIK04334,2026-04-15,Rabu,07:45,Laboratorium,Sistem Akademik,Tinggi,Datang Langsung,6,8.5,2,Tidak,Lewat SLA,4
TIK04335,2026-04-15,Rabu,08:00,Akademik,Printer,Sedang,WhatsApp,77,4.7,1,Tidak,Sesuai SLA,3
TIK04336,2026-04-15,Rabu,08:20,Keuangan,Komputer/Laptop,Sedang,Form Online,57,6.8,1,Tidak,Sesuai SLA,4
TIK04337,2026-04-15,Rabu,08:20,Laboratorium,Komputer/Laptop,Sedang,WhatsApp,30,9.0,1,Tidak,Sesuai SLA,4
TIK04338,2026-04-15,Rabu,08:35,Program Studi,Proyektor,Sedang,Datang Langsung,51,4.5,1,Tidak,Sesuai SLA,5
TIK04339,2026-04-15,Rabu,08:35,Akademik,Sistem Akademik,Sedang,Email,85,10.1,2,Tidak,Lewat SLA,2
TIK04340,2026-04-15,Rabu,08:50,Laboratorium,Komputer/Laptop,Tinggi,Email,53,10.4,2,Ya,Lewat SLA,3
TIK04341,2026-04-15,Rabu,08:55,Akademik,Sistem Akademik,Sedang,Email,82,12.8,2,Ya,Lewat SLA,3
TIK04342,2026-04-15,Rabu,09:00,Program Studi,Internet/WiFi,Rendah,Form Online,83,6.2,1,Tidak,Sesuai SLA,4
TIK04343,2026-04-15,Rabu,09:40,Program Studi,Komputer/Laptop,Rendah,WhatsApp,37,7.2,1,Tidak,Sesuai SLA,5
TIK04344,2026-04-15,Rabu,09:50,Laboratorium,Internet/WiFi,Rendah,Form Online,54,8.0,1,Tidak,Sesuai SLA,4
TIK04345,2026-04-15,Rabu,09:50,Perpustakaan,Printer,Rendah,WhatsApp,35,11.1,2,Tidak,Sesuai SLA,4
TIK04346,2026-04-15,Rabu,10:20,Kemahasiswaan,Printer,Rendah,WhatsApp,52,2.8,2,Tidak,Sesuai SLA,4
TIK04347,2026-04-15,Rabu,10:35,Program Studi,Internet/WiFi,Sedang,Form Online,74,6.9,1,Tidak,Sesuai SLA,4
TIK04348,2026-04-15,Rabu,10:35,Akademik,Internet/WiFi,Tinggi,Form Online,44,8.8,1,Tidak,Lewat SLA,4
TIK04349,2026-04-15,Rabu,10:40,Laboratorium,Sistem Akademik,Rendah,WhatsApp,39,8.9,1,Ya,Sesuai SLA,4
TIK04350,2026-04-15,Rabu,10:40,Laboratorium,Sistem Akademik,Sedang,Datang Langsung,36,7.8,1,Tidak,Sesuai SLA,4
TIK04351,2026-04-15,Rabu,10:50,Akademik,Internet/WiFi,Sedang,WhatsApp,31,5.9,1,Tidak,Sesuai SLA,4
TIK04352,2026-04-15,Rabu,11:20,Laboratorium,Komputer/Laptop,Tinggi,WhatsApp,23,7.8,3,Tidak,Lewat SLA,4
TIK04353,2026-04-15,Rabu,11:25,Umum,Komputer/Laptop,Sedang,Form Online,39,5.7,2,Tidak,Sesuai SLA,3
TIK04354,2026-04-15,Rabu,11:25,Laboratorium,Sistem Akademik,Tinggi,WhatsApp,40,10.7,2,Tidak,Lewat SLA,4
TIK04355,2026-04-15,Rabu,11:30,Perpustakaan,Proyektor,Tinggi,WhatsApp,33,7.1,2,Ya,Lewat SLA,4
TIK04356,2026-04-15,Rabu,11:30,Keuangan,Internet/WiFi,Sedang,WhatsApp,40,6.8,1,Tidak,Sesuai SLA,4
TIK04357,2026-04-15,Rabu,12:05,Perpustakaan,Sistem Akademik,Rendah,WhatsApp,36,11.1,1,Ya,Sesuai SLA,4
TIK04358,2026-04-15,Rabu,12:20,Akademik,Komputer/Laptop,Sedang,WhatsApp,50,5.7,2,Tidak,Sesuai SLA,4
TIK04359,2026-04-15,Rabu,12:25,Kemahasiswaan,Internet/WiFi,Rendah,Form Online,84,5.7,1,Tidak,Sesuai SLA,4
TIK04360,2026-04-15,Rabu,12:30,Umum,Printer,Rendah,Email,92,4.5,1,Tidak,Sesuai SLA,3
TIK04361,2026-04-15,Rabu,12:30,Akademik,Proyektor,Sedang,Datang Langsung,25,1.8,1,Tidak,Sesuai SLA,5
TIK04362,2026-04-15,Rabu,12:40,Laboratorium,Proyektor,Tinggi,Form Online,43,3.5,2,Tidak,Sesuai SLA,5
TIK04363,2026-04-15,Rabu,13:00,Laboratorium,Sistem Akademik,Rendah,WhatsApp,46,7.8,1,Tidak,Sesuai SLA,4
TIK04364,2026-04-15,Rabu,13:05,Laboratorium,Komputer/Laptop,Sedang,Email,71,8.2,1,Ya,Sesuai SLA,5
TIK04365,2026-04-15,Rabu,13:25,Keuangan,Sistem Akademik,Sedang,Form Online,47,10.8,1,Ya,Lewat SLA,3
TIK04366,2026-04-15,Rabu,13:25,Umum,Internet/WiFi,Sedang,WhatsApp,21,8.9,1,Tidak,Sesuai SLA,5
TIK04367,2026-04-15,Rabu,13:45,Perpustakaan,Akun/Login,Rendah,Form Online,56,2.0,1,Tidak,Sesuai SLA,4
TIK04368,2026-04-15,Rabu,14:30,Laboratorium,Akun/Login,Rendah,Email,78,5.0,1,Tidak,Sesuai SLA,5
TIK04369,2026-04-15,Rabu,14:40,Laboratorium,Sistem Akademik,Rendah,WhatsApp,62,14.5,1,Ya,Sesuai SLA,4
TIK04370,2026-04-15,Rabu,15:20,Program Studi,Proyektor,Rendah,WhatsApp,74,3.7,1,Tidak,Sesuai SLA,4
TIK04371,2026-04-15,Rabu,16:55,Kemahasiswaan,Akun/Login,Sedang,Form Online,66,2.3,1,Tidak,Sesuai SLA,5
TIK04372,2026-04-16,Kamis,07:10,Laboratorium,Internet/WiFi,Rendah,Form Online,67,5.8,1,Tidak,Sesuai SLA,5
TIK04373,2026-04-16,Kamis,07:30,Laboratorium,Internet/WiFi,Tinggi,WhatsApp,16,12.8,1,Tidak,Lewat SLA,3
TIK04374,2026-04-16,Kamis,07:40,Akademik,Sistem Akademik,Sedang,WhatsApp,33,8.1,1,Tidak,Sesuai SLA,3
TIK04375,2026-04-16,Kamis,08:05,Keuangan,Sistem Akademik,Sedang,Datang Langsung,23,9.2,1,Tidak,Sesuai SLA,4
TIK04376,2026-04-16,Kamis,08:10,Keuangan,Internet/WiFi,Sedang,WhatsApp,23,7.0,1,Tidak,Sesuai SLA,4
TIK04377,2026-04-16,Kamis,08:15,Keuangan,Internet/WiFi,Rendah,Form Online,79,6.0,2,Tidak,Sesuai SLA,3
TIK04378,2026-04-16,Kamis,09:00,Laboratorium,Akun/Login,Rendah,Form Online,104,6.9,1,Tidak,Sesuai SLA,4
TIK04379,2026-04-16,Kamis,09:00,Kemahasiswaan,Internet/WiFi,Rendah,Form Online,66,9.4,1,Tidak,Sesuai SLA,4
TIK04380,2026-04-16,Kamis,09:00,Laboratorium,Internet/WiFi,Sedang,WhatsApp,37,6.4,2,Tidak,Sesuai SLA,4
TIK04381,2026-04-16,Kamis,09:40,Akademik,Akun/Login,Sedang,WhatsApp,27,4.6,1,Tidak,Sesuai SLA,4
TIK04382,2026-04-16,Kamis,09:45,Akademik,Akun/Login,Rendah,Form Online,56,3.9,1,Tidak,Sesuai SLA,5
TIK04383,2026-04-16,Kamis,10:00,Program Studi,Sistem Akademik,Tinggi,WhatsApp,20,9.9,2,Tidak,Lewat SLA,4
TIK04384,2026-04-16,Kamis,10:15,Kemahasiswaan,Internet/WiFi,Rendah,Form Online,60,10.7,2,Ya,Sesuai SLA,3
TIK04385,2026-04-16,Kamis,10:15,Akademik,Printer,Rendah,WhatsApp,57,2.8,1,Tidak,Sesuai SLA,4
TIK04386,2026-04-16,Kamis,10:40,Perpustakaan,Proyektor,Tinggi,Email,77,6.9,1,Tidak,Lewat SLA,3
TIK04387,2026-04-16,Kamis,11:15,Laboratorium,Internet/WiFi,Sedang,Email,78,7.3,1,Tidak,Sesuai SLA,3
TIK04388,2026-04-16,Kamis,11:35,Keuangan,Internet/WiFi,Sedang,Form Online,62,7.1,1,Tidak,Sesuai SLA,3
TIK04389,2026-04-16,Kamis,11:45,Keuangan,Internet/WiFi,Rendah,WhatsApp,42,10.1,1,Ya,Sesuai SLA,4
TIK04390,2026-04-16,Kamis,12:00,Umum,Komputer/Laptop,Rendah,Form Online,103,6.0,2,Tidak,Sesuai SLA,5
TIK04391,2026-04-16,Kamis,12:00,Keuangan,Komputer/Laptop,Rendah,Form Online,53,4.3,1,Tidak,Sesuai SLA,5
TIK04392,2026-04-16,Kamis,12:05,Keuangan,Printer,Sedang,Form Online,45,4.1,2,Tidak,Sesuai SLA,5
TIK04393,2026-04-16,Kamis,12:05,Kemahasiswaan,Komputer/Laptop,Sedang,Form Online,53,5.3,1,Tidak,Sesuai SLA,4
TIK04394,2026-04-16,Kamis,12:25,Akademik,Internet/WiFi,Sedang,Form Online,78,7.7,1,Tidak,Sesuai SLA,5
TIK04395,2026-04-16,Kamis,12:35,Perpustakaan,Sistem Akademik,Sedang,Datang Langsung,21,13.1,1,Tidak,Lewat SLA,2
TIK04396,2026-04-16,Kamis,12:55,Akademik,Akun/Login,Rendah,Datang Langsung,51,4.8,1,Tidak,Sesuai SLA,4
TIK04397,2026-04-16,Kamis,13:20,Kemahasiswaan,Komputer/Laptop,Rendah,WhatsApp,57,5.2,1,Tidak,Sesuai SLA,4
TIK04398,2026-04-16,Kamis,13:35,Kemahasiswaan,Printer,Rendah,Form Online,59,8.0,1,Tidak,Sesuai SLA,4
TIK04399,2026-04-16,Kamis,13:40,Akademik,Sistem Akademik,Sedang,Form Online,42,9.9,1,Tidak,Sesuai SLA,4
TIK04400,2026-04-16,Kamis,13:50,Akademik,Sistem Akademik,Tinggi,WhatsApp,34,13.4,3,Tidak,Lewat SLA,2
TIK04401,2026-04-16,Kamis,14:40,Akademik,Akun/Login,Rendah,WhatsApp,45,2.9,1,Tidak,Sesuai SLA,5
TIK04402,2026-04-16,Kamis,14:40,Akademik,Sistem Akademik,Sedang,Datang Langsung,13,8.9,1,Ya,Sesuai SLA,5
TIK04403,2026-04-16,Kamis,14:55,Laboratorium,Sistem Akademik,Sedang,Form Online,51,11.5,1,Tidak,Lewat SLA,2
TIK04404,2026-04-16,Kamis,15:05,Akademik,Komputer/Laptop,Sedang,Form Online,44,7.1,2,Tidak,Sesuai SLA,4
TIK04405,2026-04-16,Kamis,15:25,Program Studi,Akun/Login,Rendah,Email,101,3.0,1,Tidak,Sesuai SLA,3
TIK04406,2026-04-16,Kamis,15:25,Program Studi,Sistem Akademik,Tinggi,WhatsApp,23,11.3,2,Tidak,Lewat SLA,3
TIK04407,2026-04-16,Kamis,17:00,Kemahasiswaan,Akun/Login,Sedang,Form Online,77,4.8,1,Tidak,Sesuai SLA,4
TIK04408,2026-04-17,Jumat,07:20,Laboratorium,Printer,Rendah,Form Online,93,2.1,2,Tidak,Sesuai SLA,5
TIK04409,2026-04-17,Jumat,07:30,Laboratorium,Internet/WiFi,Rendah,Form Online,62,7.0,1,Tidak,Sesuai SLA,3
TIK04410,2026-04-17,Jumat,07:30,Kemahasiswaan,Internet/WiFi,Sedang,Email,69,7.9,1,Tidak,Sesuai SLA,4
TIK04411,2026-04-17,Jumat,07:35,Program Studi,Internet/WiFi,Rendah,Form Online,54,9.0,1,Ya,Sesuai SLA,4
TIK04412,2026-04-17,Jumat,07:40,Program Studi,Printer,Rendah,Form Online,107,3.8,1,Tidak,Sesuai SLA,4
TIK04413,2026-04-17,Jumat,07:45,Kemahasiswaan,Internet/WiFi,Tinggi,Form Online,46,10.4,2,Tidak,Lewat SLA,4
TIK04414,2026-04-17,Jumat,08:00,Keuangan,Printer,Sedang,Email,67,6.9,1,Ya,Sesuai SLA,3
TIK04415,2026-04-17,Jumat,08:05,Akademik,Komputer/Laptop,Rendah,WhatsApp,35,5.8,1,Tidak,Sesuai SLA,4
TIK04416,2026-04-17,Jumat,08:15,Laboratorium,Proyektor,Sedang,WhatsApp,61,3.1,1,Tidak,Sesuai SLA,5
TIK04417,2026-04-17,Jumat,09:00,Laboratorium,Sistem Akademik,Sedang,Form Online,44,7.5,2,Tidak,Sesuai SLA,4
TIK04418,2026-04-17,Jumat,09:25,Program Studi,Komputer/Laptop,Rendah,Email,94,6.2,1,Tidak,Sesuai SLA,5
TIK04419,2026-04-17,Jumat,09:30,Kemahasiswaan,Akun/Login,Rendah,WhatsApp,58,4.2,1,Tidak,Sesuai SLA,4
TIK04420,2026-04-17,Jumat,09:30,Laboratorium,Sistem Akademik,Sedang,Email,74,10.8,1,Tidak,Lewat SLA,2
TIK04421,2026-04-17,Jumat,09:40,Program Studi,Proyektor,Rendah,Form Online,55,4.2,2,Tidak,Sesuai SLA,5
TIK04422,2026-04-17,Jumat,09:40,Kemahasiswaan,Sistem Akademik,Sedang,Form Online,45,12.0,1,Tidak,Lewat SLA,3
TIK04423,2026-04-17,Jumat,09:40,Keuangan,Internet/WiFi,Sedang,WhatsApp,58,6.3,2,Tidak,Sesuai SLA,4
TIK04424,2026-04-17,Jumat,09:45,Program Studi,Proyektor,Rendah,Form Online,59,8.2,1,Ya,Sesuai SLA,4
TIK04425,2026-04-17,Jumat,09:50,Kemahasiswaan,Komputer/Laptop,Rendah,WhatsApp,53,5.0,1,Tidak,Sesuai SLA,5
TIK04426,2026-04-17,Jumat,10:00,Laboratorium,Internet/WiFi,Rendah,Form Online,70,5.3,1,Tidak,Sesuai SLA,4
TIK04427,2026-04-17,Jumat,10:10,Kemahasiswaan,Sistem Akademik,Rendah,Form Online,68,8.6,2,Tidak,Sesuai SLA,4
TIK04428,2026-04-17,Jumat,10:30,Program Studi,Komputer/Laptop,Rendah,Email,77,7.3,1,Tidak,Sesuai SLA,4
TIK04429,2026-04-17,Jumat,10:35,Program Studi,Sistem Akademik,Tinggi,WhatsApp,18,14.3,2,Tidak,Lewat SLA,2
TIK04430,2026-04-17,Jumat,10:40,Akademik,Akun/Login,Rendah,WhatsApp,46,2.2,1,Tidak,Sesuai SLA,4
TIK04431,2026-04-17,Jumat,11:00,Kemahasiswaan,Akun/Login,Sedang,Form Online,65,2.4,1,Tidak,Sesuai SLA,4
TIK04432,2026-04-17,Jumat,11:00,Keuangan,Sistem Akademik,Sedang,WhatsApp,41,10.7,1,Tidak,Lewat SLA,2
TIK04433,2026-04-17,Jumat,11:10,Umum,Internet/WiFi,Sedang,WhatsApp,55,11.5,1,Ya,Lewat SLA,3
TIK04434,2026-04-17,Jumat,11:25,Program Studi,Internet/WiFi,Tinggi,Form Online,37,7.1,2,Tidak,Lewat SLA,4
TIK04435,2026-04-17,Jumat,11:40,Program Studi,Sistem Akademik,Tinggi,WhatsApp,44,14.8,2,Ya,Lewat SLA,3
TIK04436,2026-04-17,Jumat,11:45,Akademik,Akun/Login,Rendah,WhatsApp,53,1.6,1,Tidak,Sesuai SLA,5
TIK04437,2026-04-17,Jumat,11:45,Laboratorium,Sistem Akademik,Sedang,WhatsApp,51,9.7,1,Ya,Sesuai SLA,5
TIK04438,2026-04-17,Jumat,11:55,Laboratorium,Sistem Akademik,Sedang,WhatsApp,35,10.0,2,Ya,Sesuai SLA,3
TIK04439,2026-04-17,Jumat,12:00,Akademik,Printer,Tinggi,Email,88,8.2,1,Tidak,Lewat SLA,4
TIK04440,2026-04-17,Jumat,12:15,Program Studi,Internet/WiFi,Sedang,Email,77,11.8,1,Ya,Lewat SLA,3
TIK04441,2026-04-17,Jumat,12:20,Akademik,Akun/Login,Rendah,WhatsApp,55,1.4,1,Tidak,Sesuai SLA,5
TIK04442,2026-04-17,Jumat,12:20,Umum,Akun/Login,Sedang,Form Online,45,2.1,1,Tidak,Sesuai SLA,5
TIK04443,2026-04-17,Jumat,12:25,Keuangan,Proyektor,Sedang,Form Online,52,4.3,1,Tidak,Sesuai SLA,4
TIK04444,2026-04-17,Jumat,12:40,Akademik,Sistem Akademik,Sedang,Email,107,8.1,1,Tidak,Sesuai SLA,3
TIK04445,2026-04-17,Jumat,12:45,Akademik,Komputer/Laptop,Rendah,Form Online,63,4.6,1,Tidak,Sesuai SLA,4
TIK04446,2026-04-17,Jumat,12:45,Laboratorium,Printer,Tinggi,Email,52,5.9,1,Tidak,Sesuai SLA,4
TIK04447,2026-04-17,Jumat,12:50,Kemahasiswaan,Proyektor,Sedang,WhatsApp,32,3.0,1,Tidak,Sesuai SLA,4
TIK04448,2026-04-17,Jumat,13:10,Kemahasiswaan,Internet/WiFi,Rendah,WhatsApp,41,6.7,2,Tidak,Sesuai SLA,5
TIK04449,2026-04-17,Jumat,13:15,Keuangan,Internet/WiFi,Rendah,Email,76,7.9,1,Tidak,Sesuai SLA,4
TIK04450,2026-04-17,Jumat,13:20,Laboratorium,Sistem Akademik,Tinggi,Form Online,55,12.5,2,Ya,Lewat SLA,3
TIK04451,2026-04-17,Jumat,13:25,Akademik,Komputer/Laptop,Rendah,Email,80,7.2,1,Tidak,Sesuai SLA,4
TIK04452,2026-04-17,Jumat,13:40,Keuangan,Internet/WiFi,Sedang,WhatsApp,54,11.0,1,Ya,Lewat SLA,2
TIK04453,2026-04-17,Jumat,13:55,Laboratorium,Akun/Login,Rendah,Email,80,3.0,1,Tidak,Sesuai SLA,4
TIK04454,2026-04-17,Jumat,14:35,Akademik,Internet/WiFi,Sedang,Email,70,10.6,1,Tidak,Lewat SLA,3
TIK04455,2026-04-17,Jumat,17:15,Akademik,Komputer/Laptop,Rendah,WhatsApp,36,6.8,1,Tidak,Sesuai SLA,4
TIK04456,2026-04-17,Jumat,17:20,Kemahasiswaan,Printer,Rendah,Form Online,65,2.9,1,Tidak,Sesuai SLA,4
TIK04457,2026-04-18,Sabtu,07:20,Keuangan,Akun/Login,Sedang,Form Online,63,4.0,1,Tidak,Sesuai SLA,4
TIK04458,2026-04-18,Sabtu,07:20,Laboratorium,Proyektor,Sedang,Form Online,47,6.7,2,Tidak,Sesuai SLA,5
TIK04459,2026-04-18,Sabtu,07:25,Akademik,Komputer/Laptop,Tinggi,Email,73,9.3,2,Ya,Lewat SLA,2
TIK04460,2026-04-18,Sabtu,08:35,Laboratorium,Internet/WiFi,Rendah,Email,103,8.2,2,Tidak,Sesuai SLA,3
TIK04461,2026-04-18,Sabtu,08:45,Akademik,Internet/WiFi,Rendah,WhatsApp,33,8.0,1,Tidak,Sesuai SLA,4
TIK04462,2026-04-18,Sabtu,09:15,Umum,Akun/Login,Sedang,WhatsApp,58,3.4,1,Tidak,Sesuai SLA,4
TIK04463,2026-04-18,Sabtu,09:35,Program Studi,Komputer/Laptop,Rendah,Datang Langsung,100,4.9,1,Tidak,Sesuai SLA,5
TIK04464,2026-04-18,Sabtu,09:40,Kemahasiswaan,Akun/Login,Sedang,Email,70,4.9,1,Tidak,Sesuai SLA,3
TIK04465,2026-04-18,Sabtu,09:50,Keuangan,Printer,Sedang,WhatsApp,32,8.8,2,Tidak,Sesuai SLA,5
TIK04466,2026-04-18,Sabtu,09:50,Akademik,Komputer/Laptop,Rendah,Form Online,58,9.3,1,Tidak,Sesuai SLA,4
TIK04467,2026-04-18,Sabtu,10:30,Laboratorium,Printer,Sedang,Datang Langsung,22,4.3,1,Tidak,Sesuai SLA,5
TIK04468,2026-04-18,Sabtu,10:30,Akademik,Sistem Akademik,Tinggi,WhatsApp,23,14.3,2,Ya,Lewat SLA,3
TIK04469,2026-04-18,Sabtu,10:40,Laboratorium,Komputer/Laptop,Rendah,WhatsApp,48,4.8,1,Tidak,Sesuai SLA,4
TIK04470,2026-04-18,Sabtu,10:45,Kemahasiswaan,Internet/WiFi,Tinggi,WhatsApp,29,10.4,3,Ya,Lewat SLA,4
TIK04471,2026-04-18,Sabtu,11:15,Kemahasiswaan,Internet/WiFi,Tinggi,WhatsApp,29,7.9,2,Tidak,Lewat SLA,4
TIK04472,2026-04-18,Sabtu,11:30,Laboratorium,Proyektor,Rendah,WhatsApp,44,1.9,1,Tidak,Sesuai SLA,4
TIK04473,2026-04-18,Sabtu,11:35,Program Studi,Printer,Rendah,WhatsApp,34,6.2,1,Tidak,Sesuai SLA,4
TIK04474,2026-04-18,Sabtu,11:40,Perpustakaan,Internet/WiFi,Sedang,Email,81,10.4,2,Tidak,Lewat SLA,3
TIK04475,2026-04-18,Sabtu,11:55,Akademik,Sistem Akademik,Sedang,WhatsApp,28,12.7,1,Ya,Lewat SLA,3
TIK04476,2026-04-18,Sabtu,12:10,Kemahasiswaan,Akun/Login,Rendah,WhatsApp,78,1.5,2,Tidak,Sesuai SLA,5
TIK04477,2026-04-18,Sabtu,12:20,Keuangan,Sistem Akademik,Rendah,WhatsApp,66,9.0,2,Tidak,Sesuai SLA,4
TIK04478,2026-04-18,Sabtu,12:25,Program Studi,Komputer/Laptop,Sedang,Email,71,6.7,1,Tidak,Sesuai SLA,4
TIK04479,2026-04-18,Sabtu,12:35,Program Studi,Akun/Login,Rendah,Form Online,49,2.5,1,Tidak,Sesuai SLA,4
TIK04480,2026-04-18,Sabtu,13:05,Keuangan,Internet/WiFi,Sedang,WhatsApp,24,6.9,1,Tidak,Sesuai SLA,4
TIK04481,2026-04-18,Sabtu,13:35,Laboratorium,Sistem Akademik,Tinggi,Form Online,39,8.6,2,Tidak,Lewat SLA,4
TIK04482,2026-04-18,Sabtu,13:40,Kemahasiswaan,Internet/WiFi,Rendah,Form Online,60,5.2,1,Tidak,Sesuai SLA,4
TIK04483,2026-04-18,Sabtu,13:45,Program Studi,Internet/WiFi,Rendah,Form Online,95,6.4,1,Tidak,Sesuai SLA,4
TIK04484,2026-04-18,Sabtu,13:45,Keuangan,Komputer/Laptop,Sedang,Form Online,48,5.7,1,Tidak,Sesuai SLA,4
TIK04485,2026-04-18,Sabtu,13:55,Laboratorium,Internet/WiFi,Sedang,WhatsApp,24,10.1,2,Ya,Lewat SLA,4
TIK04486,2026-04-18,Sabtu,13:55,Laboratorium,Internet/WiFi,Sedang,Datang Langsung,17,10.4,2,Ya,Lewat SLA,3
TIK04487,2026-04-18,Sabtu,14:25,Keuangan,Internet/WiFi,Tinggi,Form Online,48,12.2,2,Ya,Lewat SLA,3
TIK04488,2026-04-18,Sabtu,14:30,Program Studi,Sistem Akademik,Tinggi,WhatsApp,24,10.3,2,Tidak,Lewat SLA,4
TIK04489,2026-04-18,Sabtu,14:35,Akademik,Akun/Login,Tinggi,Datang Langsung,21,2.1,2,Tidak,Sesuai SLA,4
TIK04490,2026-04-18,Sabtu,15:10,Laboratorium,Internet/WiFi,Sedang,Datang Langsung,31,11.3,1,Ya,Lewat SLA,3
TIK04491,2026-04-19,Minggu,07:05,Umum,Proyektor,Sedang,Form Online,51,7.1,1,Tidak,Sesuai SLA,5
TIK04492,2026-04-19,Minggu,07:10,Laboratorium,Sistem Akademik,Rendah,WhatsApp,39,10.3,1,Tidak,Sesuai SLA,2
TIK04493,2026-04-19,Minggu,07:35,Laboratorium,Sistem Akademik,Sedang,WhatsApp,51,10.8,2,Ya,Lewat SLA,3
TIK04494,2026-04-19,Minggu,08:00,Laboratorium,Printer,Rendah,Form Online,49,2.5,2,Tidak,Sesuai SLA,4
TIK04495,2026-04-19,Minggu,08:05,Program Studi,Internet/WiFi,Tinggi,Form Online,43,9.5,1,Tidak,Lewat SLA,4
TIK04496,2026-04-19,Minggu,08:20,Perpustakaan,Internet/WiFi,Sedang,WhatsApp,26,6.3,1,Tidak,Sesuai SLA,5
TIK04497,2026-04-19,Minggu,08:30,Laboratorium,Sistem Akademik,Rendah,Form Online,53,10.5,1,Tidak,Sesuai SLA,4
TIK04498,2026-04-19,Minggu,08:50,Akademik,Internet/WiFi,Rendah,Form Online,65,6.3,1,Tidak,Sesuai SLA,5
TIK04499,2026-04-19,Minggu,08:55,Perpustakaan,Komputer/Laptop,Rendah,Datang Langsung,70,4.2,1,Tidak,Sesuai SLA,4
TIK04500,2026-04-19,Minggu,09:15,Perpustakaan,Akun/Login,Rendah,Form Online,93,3.5,1,Tidak,Sesuai SLA,3
TIK04501,2026-04-19,Minggu,10:15,Akademik,Internet/WiFi,Sedang,Datang Langsung,16,6.0,1,Tidak,Sesuai SLA,4
TIK04502,2026-04-19,Minggu,10:20,Umum,Komputer/Laptop,Rendah,Form Online,93,5.6,1,Tidak,Sesuai SLA,4
TIK04503,2026-04-19,Minggu,10:35,Kemahasiswaan,Sistem Akademik,Rendah,WhatsApp,44,10.8,1,Tidak,Sesuai SLA,4
TIK04504,2026-04-19,Minggu,10:50,Laboratorium,Komputer/Laptop,Sedang,WhatsApp,52,7.1,1,Tidak,Sesuai SLA,4
TIK04505,2026-04-19,Minggu,10:50,Kemahasiswaan,Sistem Akademik,Rendah,Form Online,64,8.8,1,Tidak,Sesuai SLA,4
TIK04506,2026-04-19,Minggu,11:05,Akademik,Internet/WiFi,Rendah,WhatsApp,45,12.2,1,Tidak,Sesuai SLA,3
TIK04507,2026-04-19,Minggu,11:10,Akademik,Sistem Akademik,Sedang,Email,85,10.3,1,Tidak,Lewat SLA,4
TIK04508,2026-04-19,Minggu,11:20,Laboratorium,Proyektor,Sedang,WhatsApp,31,3.6,2,Tidak,Sesuai SLA,5
TIK04509,2026-04-19,Minggu,11:25,Akademik,Sistem Akademik,Rendah,WhatsApp,40,7.3,1,Tidak,Sesuai SLA,5
TIK04510,2026-04-19,Minggu,11:35,Program Studi,Internet/WiFi,Rendah,WhatsApp,52,6.7,1,Tidak,Sesuai SLA,4
TIK04511,2026-04-19,Minggu,11:45,Program Studi,Internet/WiFi,Sedang,WhatsApp,46,7.4,1,Tidak,Sesuai SLA,4
TIK04512,2026-04-19,Minggu,12:05,Kemahasiswaan,Internet/WiFi,Sedang,Datang Langsung,45,8.3,1,Ya,Sesuai SLA,4
TIK04513,2026-04-19,Minggu,12:10,Kemahasiswaan,Sistem Akademik,Sedang,WhatsApp,33,11.2,1,Ya,Lewat SLA,4
TIK04514,2026-04-19,Minggu,12:10,Kemahasiswaan,Internet/WiFi,Sedang,WhatsApp,36,6.4,1,Tidak,Sesuai SLA,4
TIK04515,2026-04-19,Minggu,12:20,Akademik,Akun/Login,Sedang,Email,69,5.8,1,Tidak,Sesuai SLA,4
TIK04516,2026-04-19,Minggu,12:25,Program Studi,Printer,Sedang,Form Online,54,6.3,1,Ya,Sesuai SLA,5
TIK04517,2026-04-19,Minggu,12:50,Program Studi,Internet/WiFi,Rendah,Form Online,52,6.5,1,Tidak,Sesuai SLA,4
TIK04518,2026-04-19,Minggu,12:55,Perpustakaan,Sistem Akademik,Tinggi,Datang Langsung,28,9.7,2,Ya,Lewat SLA,3
TIK04519,2026-04-19,Minggu,12:55,Laboratorium,Sistem Akademik,Sedang,Email,70,9.9,1,Tidak,Sesuai SLA,4
TIK04520,2026-04-19,Minggu,13:25,Keuangan,Komputer/Laptop,Rendah,Form Online,57,6.4,1,Tidak,Sesuai SLA,5
TIK04521,2026-04-19,Minggu,13:50,Laboratorium,Sistem Akademik,Sedang,Form Online,44,11.7,1,Tidak,Lewat SLA,3
TIK04522,2026-04-19,Minggu,14:20,Umum,Internet/WiFi,Rendah,Email,86,13.3,1,Ya,Sesuai SLA,4
TIK04523,2026-04-19,Minggu,14:30,Kemahasiswaan,Akun/Login,Sedang,Datang Langsung,26,2.2,2,Tidak,Sesuai SLA,5
TIK04524,2026-04-20,Senin,07:00,Kemahasiswaan,Akun/Login,Rendah,WhatsApp,42,2.9,1,Tidak,Sesuai SLA,4
TIK04525,2026-04-20,Senin,07:05,Keuangan,Proyektor,Rendah,Form Online,75,1.6,2,Tidak,Sesuai SLA,4
TIK04526,2026-04-20,Senin,07:25,Laboratorium,Komputer/Laptop,Sedang,WhatsApp,25,6.0,2,Tidak,Sesuai SLA,4
TIK04527,2026-04-20,Senin,07:45,Akademik,Internet/WiFi,Tinggi,Email,59,12.4,2,Tidak,Lewat SLA,3
TIK04528,2026-04-20,Senin,07:55,Keuangan,Akun/Login,Rendah,WhatsApp,53,3.6,1,Tidak,Sesuai SLA,4
TIK04529,2026-04-20,Senin,08:10,Akademik,Sistem Akademik,Tinggi,WhatsApp,26,13.8,2,Ya,Lewat SLA,4
TIK04530,2026-04-20,Senin,08:30,Program Studi,Akun/Login,Sedang,Datang Langsung,36,2.6,1,Tidak,Sesuai SLA,5
TIK04531,2026-04-20,Senin,08:55,Umum,Printer,Rendah,WhatsApp,42,10.3,1,Tidak,Sesuai SLA,4
TIK04532,2026-04-20,Senin,08:55,Akademik,Internet/WiFi,Rendah,WhatsApp,46,8.0,1,Tidak,Sesuai SLA,5
TIK04533,2026-04-20,Senin,09:15,Keuangan,Akun/Login,Sedang,Form Online,73,6.4,1,Tidak,Sesuai SLA,5
TIK04534,2026-04-20,Senin,09:15,Kemahasiswaan,Sistem Akademik,Sedang,WhatsApp,29,13.0,2,Ya,Lewat SLA,4
TIK04535,2026-04-20,Senin,09:25,Akademik,Komputer/Laptop,Tinggi,Form Online,47,6.6,1,Tidak,Lewat SLA,4
TIK04536,2026-04-20,Senin,09:25,Akademik,Akun/Login,Rendah,Form Online,80,1.7,1,Tidak,Sesuai SLA,5
TIK04537,2026-04-20,Senin,09:30,Program Studi,Sistem Akademik,Tinggi,Email,85,12.6,1,Ya,Lewat SLA,3
TIK04538,2026-04-20,Senin,09:45,Keuangan,Sistem Akademik,Rendah,WhatsApp,69,12.1,1,Ya,Sesuai SLA,4
TIK04539,2026-04-20,Senin,09:50,Umum,Internet/WiFi,Rendah,WhatsApp,36,5.8,2,Tidak,Sesuai SLA,5
TIK04540,2026-04-20,Senin,09:55,Keuangan,Sistem Akademik,Sedang,Email,77,8.7,1,Tidak,Sesuai SLA,4
TIK04541,2026-04-20,Senin,10:05,Laboratorium,Internet/WiFi,Tinggi,Email,65,13.4,3,Tidak,Lewat SLA,3
TIK04542,2026-04-20,Senin,10:05,Perpustakaan,Komputer/Laptop,Rendah,Email,84,5.1,2,Tidak,Sesuai SLA,4
TIK04543,2026-04-20,Senin,10:20,Keuangan,Printer,Sedang,Datang Langsung,14,5.8,1,Tidak,Sesuai SLA,5
TIK04544,2026-04-20,Senin,10:20,Program Studi,Printer,Rendah,WhatsApp,36,4.0,1,Tidak,Sesuai SLA,3
TIK04545,2026-04-20,Senin,10:40,Laboratorium,Akun/Login,Sedang,WhatsApp,40,2.2,1,Tidak,Sesuai SLA,5
TIK04546,2026-04-20,Senin,10:45,Akademik,Sistem Akademik,Tinggi,WhatsApp,40,10.8,2,Ya,Lewat SLA,3
TIK04547,2026-04-20,Senin,10:45,Laboratorium,Internet/WiFi,Rendah,Email,94,10.3,2,Tidak,Sesuai SLA,4
TIK04548,2026-04-20,Senin,10:50,Program Studi,Internet/WiFi,Rendah,Form Online,51,6.6,1,Tidak,Sesuai SLA,5
TIK04549,2026-04-20,Senin,10:50,Keuangan,Internet/WiFi,Sedang,WhatsApp,104,5.5,1,Tidak,Sesuai SLA,5
TIK04550,2026-04-20,Senin,10:50,Laboratorium,Akun/Login,Tinggi,Email,67,4.1,2,Tidak,Sesuai SLA,5
TIK04551,2026-04-20,Senin,11:20,Keuangan,Akun/Login,Tinggi,Form Online,55,3.9,1,Tidak,Sesuai SLA,5
TIK04552,2026-04-20,Senin,11:30,Kemahasiswaan,Printer,Sedang,Form Online,80,3.1,2,Tidak,Sesuai SLA,5
TIK04553,2026-04-20,Senin,12:15,Akademik,Internet/WiFi,Rendah,WhatsApp,42,7.5,2,Tidak,Sesuai SLA,3
TIK04554,2026-04-20,Senin,12:15,Akademik,Internet/WiFi,Tinggi,WhatsApp,41,7.8,2,Tidak,Lewat SLA,3
TIK04555,2026-04-20,Senin,12:20,Akademik,Internet/WiFi,Sedang,Form Online,39,8.5,1,Tidak,Sesuai SLA,4
TIK04556,2026-04-20,Senin,12:25,Laboratorium,Internet/WiFi,Sedang,Form Online,58,6.4,2,Tidak,Sesuai SLA,5
TIK04557,2026-04-20,Senin,12:25,Program Studi,Sistem Akademik,Rendah,WhatsApp,40,6.9,2,Tidak,Sesuai SLA,3
TIK04558,2026-04-20,Senin,12:40,Keuangan,Printer,Rendah,WhatsApp,36,3.4,1,Tidak,Sesuai SLA,4
TIK04559,2026-04-20,Senin,12:50,Akademik,Proyektor,Tinggi,Datang Langsung,12,4.3,2,Tidak,Sesuai SLA,5
TIK04560,2026-04-20,Senin,13:10,Keuangan,Sistem Akademik,Sedang,Datang Langsung,21,10.4,1,Ya,Lewat SLA,3
TIK04561,2026-04-20,Senin,13:10,Akademik,Komputer/Laptop,Sedang,Form Online,52,4.9,1,Tidak,Sesuai SLA,5
TIK04562,2026-04-20,Senin,13:10,Akademik,Printer,Rendah,Email,71,4.1,1,Tidak,Sesuai SLA,5
TIK04563,2026-04-20,Senin,13:20,Laboratorium,Akun/Login,Tinggi,WhatsApp,36,9.9,2,Ya,Lewat SLA,2
TIK04564,2026-04-20,Senin,13:25,Program Studi,Akun/Login,Rendah,Email,86,3.5,1,Tidak,Sesuai SLA,4
TIK04565,2026-04-20,Senin,13:30,Program Studi,Sistem Akademik,Sedang,Email,65,13.3,2,Ya,Lewat SLA,2
TIK04566,2026-04-20,Senin,13:35,Program Studi,Akun/Login,Rendah,Form Online,78,2.3,1,Tidak,Sesuai SLA,4
TIK04567,2026-04-20,Senin,13:40,Akademik,Komputer/Laptop,Sedang,WhatsApp,39,7.9,1,Tidak,Sesuai SLA,3
TIK04568,2026-04-20,Senin,14:00,Umum,Printer,Rendah,Datang Langsung,54,1.6,1,Tidak,Sesuai SLA,3
TIK04569,2026-04-20,Senin,14:15,Kemahasiswaan,Internet/WiFi,Tinggi,Email,67,12.3,1,Tidak,Lewat SLA,2
TIK04570,2026-04-20,Senin,14:25,Keuangan,Sistem Akademik,Sedang,WhatsApp,51,8.6,1,Tidak,Sesuai SLA,4
TIK04571,2026-04-20,Senin,14:35,Program Studi,Proyektor,Rendah,Email,92,4.9,1,Tidak,Sesuai SLA,5
TIK04572,2026-04-20,Senin,14:40,Laboratorium,Sistem Akademik,Sedang,Form Online,62,7.7,1,Tidak,Sesuai SLA,5
TIK04573,2026-04-20,Senin,14:55,Keuangan,Proyektor,Sedang,WhatsApp,31,4.1,1,Tidak,Sesuai SLA,5
TIK04574,2026-04-21,Selasa,07:00,Program Studi,Printer,Rendah,WhatsApp,42,3.9,2,Tidak,Sesuai SLA,4
TIK04575,2026-04-21,Selasa,07:25,Laboratorium,Printer,Rendah,Form Online,66,5.1,2,Ya,Sesuai SLA,5
TIK04576,2026-04-21,Selasa,07:30,Umum,Sistem Akademik,Sedang,WhatsApp,29,8.5,1,Tidak,Sesuai SLA,3
TIK04577,2026-04-21,Selasa,07:35,Program Studi,Printer,Rendah,Email,114,6.9,1,Tidak,Sesuai SLA,3
TIK04578,2026-04-21,Selasa,07:45,Laboratorium,Komputer/Laptop,Rendah,Datang Langsung,41,4.0,2,Tidak,Sesuai SLA,5
TIK04579,2026-04-21,Selasa,07:50,Akademik,Sistem Akademik,Tinggi,Form Online,55,10.7,1,Tidak,Lewat SLA,3
TIK04580,2026-04-21,Selasa,07:55,Akademik,Printer,Rendah,Form Online,57,4.0,1,Tidak,Sesuai SLA,4
TIK04581,2026-04-21,Selasa,08:10,Program Studi,Printer,Rendah,WhatsApp,78,2.6,1,Tidak,Sesuai SLA,4
TIK04582,2026-04-21,Selasa,08:15,Perpustakaan,Komputer/Laptop,Rendah,Datang Langsung,82,8.0,2,Tidak,Sesuai SLA,3
TIK04583,2026-04-21,Selasa,08:35,Program Studi,Printer,Rendah,WhatsApp,49,2.3,1,Tidak,Sesuai SLA,5
TIK04584,2026-04-21,Selasa,08:55,Keuangan,Komputer/Laptop,Rendah,WhatsApp,76,9.8,2,Tidak,Sesuai SLA,2
TIK04585,2026-04-21,Selasa,09:00,Umum,Internet/WiFi,Rendah,WhatsApp,56,7.5,1,Tidak,Sesuai SLA,3
TIK04586,2026-04-21,Selasa,09:05,Kemahasiswaan,Komputer/Laptop,Tinggi,Email,60,11.9,2,Tidak,Lewat SLA,2
TIK04587,2026-04-21,Selasa,09:10,Akademik,Internet/WiFi,Sedang,Email,85,16.8,1,Ya,Lewat SLA,2
TIK04588,2026-04-21,Selasa,09:35,Umum,Internet/WiFi,Sedang,Datang Langsung,30,10.1,1,Tidak,Lewat SLA,4
TIK04589,2026-04-21,Selasa,09:40,Umum,Printer,Rendah,Form Online,92,4.0,2,Tidak,Sesuai SLA,4
TIK04590,2026-04-21,Selasa,09:45,Akademik,Printer,Rendah,Email,99,5.2,1,Tidak,Sesuai SLA,5
TIK04591,2026-04-21,Selasa,09:50,Umum,Internet/WiFi,Sedang,Email,129,10.8,2,Tidak,Lewat SLA,3
TIK04592,2026-04-21,Selasa,10:05,Laboratorium,Internet/WiFi,Sedang,Datang Langsung,59,13.1,2,Ya,Lewat SLA,3
TIK04593,2026-04-21,Selasa,10:10,Program Studi,Sistem Akademik,Sedang,Datang Langsung,18,9.0,1,Tidak,Sesuai SLA,4
TIK04594,2026-04-21,Selasa,10:15,Perpustakaan,Komputer/Laptop,Sedang,Form Online,76,6.4,1,Tidak,Sesuai SLA,4
TIK04595,2026-04-21,Selasa,10:20,Program Studi,Sistem Akademik,Sedang,Form Online,43,8.1,2,Tidak,Sesuai SLA,4
TIK04596,2026-04-21,Selasa,10:35,Keuangan,Akun/Login,Rendah,Email,81,3.5,1,Tidak,Sesuai SLA,5
TIK04597,2026-04-21,Selasa,10:35,Keuangan,Sistem Akademik,Sedang,Email,61,9.7,2,Tidak,Sesuai SLA,4
TIK04598,2026-04-21,Selasa,10:50,Kemahasiswaan,Internet/WiFi,Sedang,WhatsApp,28,6.1,1,Tidak,Sesuai SLA,4
TIK04599,2026-04-21,Selasa,10:55,Laboratorium,Akun/Login,Rendah,WhatsApp,44,2.6,1,Tidak,Sesuai SLA,5
TIK04600,2026-04-21,Selasa,11:05,Perpustakaan,Proyektor,Rendah,Datang Langsung,90,3.1,1,Tidak,Sesuai SLA,5
TIK04601,2026-04-21,Selasa,11:20,Keuangan,Internet/WiFi,Sedang,WhatsApp,33,10.0,1,Ya,Sesuai SLA,4
TIK04602,2026-04-21,Selasa,11:25,Keuangan,Internet/WiFi,Sedang,WhatsApp,38,7.6,1,Tidak,Sesuai SLA,4
TIK04603,2026-04-21,Selasa,11:30,Program Studi,Printer,Rendah,WhatsApp,52,3.6,1,Tidak,Sesuai SLA,5
TIK04604,2026-04-21,Selasa,11:30,Keuangan,Akun/Login,Rendah,Email,89,3.3,2,Tidak,Sesuai SLA,5
TIK04605,2026-04-21,Selasa,11:55,Akademik,Internet/WiFi,Sedang,Datang Langsung,20,9.9,2,Ya,Sesuai SLA,4
TIK04606,2026-04-21,Selasa,12:05,Keuangan,Akun/Login,Rendah,WhatsApp,41,1.6,1,Tidak,Sesuai SLA,4
TIK04607,2026-04-21,Selasa,12:15,Akademik,Sistem Akademik,Rendah,Datang Langsung,36,6.7,2,Tidak,Sesuai SLA,5
TIK04608,2026-04-21,Selasa,12:25,Kemahasiswaan,Sistem Akademik,Sedang,Email,61,10.1,1,Tidak,Lewat SLA,5
TIK04609,2026-04-21,Selasa,12:35,Program Studi,Internet/WiFi,Tinggi,WhatsApp,32,8.9,1,Tidak,Lewat SLA,4
TIK04610,2026-04-21,Selasa,12:45,Keuangan,Proyektor,Sedang,Email,76,5.7,1,Tidak,Sesuai SLA,4
TIK04611,2026-04-21,Selasa,12:50,Laboratorium,Sistem Akademik,Sedang,Email,83,11.2,1,Tidak,Lewat SLA,3
TIK04612,2026-04-21,Selasa,13:05,Kemahasiswaan,Akun/Login,Rendah,Form Online,59,3.4,2,Tidak,Sesuai SLA,5
TIK04613,2026-04-21,Selasa,13:10,Keuangan,Internet/WiFi,Tinggi,WhatsApp,52,10.4,2,Tidak,Lewat SLA,2
TIK04614,2026-04-21,Selasa,13:15,Laboratorium,Akun/Login,Rendah,WhatsApp,47,10.5,1,Tidak,Sesuai SLA,3
TIK04615,2026-04-21,Selasa,13:20,Laboratorium,Sistem Akademik,Sedang,WhatsApp,28,7.7,1,Tidak,Sesuai SLA,5
TIK04616,2026-04-21,Selasa,14:15,Laboratorium,Proyektor,Sedang,WhatsApp,78,3.0,1,Tidak,Sesuai SLA,5
TIK04617,2026-04-21,Selasa,15:20,Akademik,Proyektor,Tinggi,Datang Langsung,8,2.8,2,Tidak,Sesuai SLA,5
TIK04618,2026-04-22,Rabu,07:00,Laboratorium,Komputer/Laptop,Rendah,Form Online,85,8.0,1,Tidak,Sesuai SLA,3
TIK04619,2026-04-22,Rabu,07:05,Laboratorium,Sistem Akademik,Sedang,Datang Langsung,17,7.1,1,Tidak,Sesuai SLA,4
TIK04620,2026-04-22,Rabu,07:05,Program Studi,Internet/WiFi,Rendah,WhatsApp,73,8.6,2,Tidak,Sesuai SLA,4
TIK04621,2026-04-22,Rabu,07:20,Perpustakaan,Internet/WiFi,Rendah,Form Online,74,5.2,1,Tidak,Sesuai SLA,5
TIK04622,2026-04-22,Rabu,07:45,Laboratorium,Internet/WiFi,Tinggi,Email,60,12.9,1,Ya,Lewat SLA,4
TIK04623,2026-04-22,Rabu,07:55,Akademik,Internet/WiFi,Sedang,Form Online,49,6.5,1,Tidak,Sesuai SLA,4
TIK04624,2026-04-22,Rabu,08:10,Program Studi,Sistem Akademik,Sedang,Datang Langsung,31,14.3,1,Ya,Lewat SLA,3
TIK04625,2026-04-22,Rabu,08:25,Perpustakaan,Internet/WiFi,Sedang,WhatsApp,30,8.7,1,Tidak,Sesuai SLA,4
TIK04626,2026-04-22,Rabu,08:40,Laboratorium,Komputer/Laptop,Sedang,WhatsApp,32,15.6,1,Tidak,Lewat SLA,3
TIK04627,2026-04-22,Rabu,08:45,Program Studi,Sistem Akademik,Sedang,Email,79,10.6,1,Tidak,Lewat SLA,3
TIK04628,2026-04-22,Rabu,09:00,Laboratorium,Komputer/Laptop,Sedang,WhatsApp,41,4.7,1,Tidak,Sesuai SLA,4
TIK04629,2026-04-22,Rabu,09:05,Laboratorium,Printer,Sedang,Form Online,53,2.8,1,Tidak,Sesuai SLA,4
TIK04630,2026-04-22,Rabu,09:10,Akademik,Internet/WiFi,Tinggi,Datang Langsung,40,8.8,2,Ya,Lewat SLA,2
TIK04631,2026-04-22,Rabu,09:40,Program Studi,Internet/WiFi,Sedang,Email,63,11.2,2,Ya,Lewat SLA,4
TIK04632,2026-04-22,Rabu,09:50,Akademik,Sistem Akademik,Sedang,Form Online,63,7.1,1,Tidak,Sesuai SLA,4
TIK04633,2026-04-22,Rabu,09:50,Program Studi,Sistem Akademik,Tinggi,WhatsApp,49,12.9,2,Tidak,Lewat SLA,2
TIK04634,2026-04-22,Rabu,09:50,Program Studi,Printer,Sedang,WhatsApp,22,3.7,1,Tidak,Sesuai SLA,5
TIK04635,2026-04-22,Rabu,10:00,Kemahasiswaan,Komputer/Laptop,Tinggi,Form Online,42,5.8,2,Tidak,Sesuai SLA,5
TIK04636,2026-04-22,Rabu,10:00,Laboratorium,Printer,Rendah,WhatsApp,39,5.7,1,Tidak,Sesuai SLA,3
TIK04637,2026-04-22,Rabu,10:25,Keuangan,Printer,Tinggi,Email,68,8.8,1,Tidak,Lewat SLA,3
TIK04638,2026-04-22,Rabu,10:30,Akademik,Internet/WiFi,Sedang,Email,69,9.6,1,Tidak,Sesuai SLA,5
TIK04639,2026-04-22,Rabu,10:35,Laboratorium,Komputer/Laptop,Rendah,Form Online,60,5.2,1,Tidak,Sesuai SLA,5
TIK04640,2026-04-22,Rabu,10:35,Perpustakaan,Internet/WiFi,Sedang,WhatsApp,41,7.1,1,Tidak,Sesuai SLA,3
TIK04641,2026-04-22,Rabu,10:40,Kemahasiswaan,Internet/WiFi,Sedang,WhatsApp,38,7.5,2,Tidak,Sesuai SLA,3
TIK04642,2026-04-22,Rabu,10:40,Perpustakaan,Akun/Login,Sedang,Form Online,54,4.6,1,Tidak,Sesuai SLA,4
TIK04643,2026-04-22,Rabu,10:55,Akademik,Internet/WiFi,Rendah,WhatsApp,41,10.4,1,Ya,Sesuai SLA,3
TIK04644,2026-04-22,Rabu,11:00,Akademik,Komputer/Laptop,Rendah,WhatsApp,50,5.5,2,Tidak,Sesuai SLA,5
TIK04645,2026-04-22,Rabu,11:05,Keuangan,Akun/Login,Tinggi,WhatsApp,14,4.4,2,Tidak,Sesuai SLA,4
TIK04646,2026-04-22,Rabu,11:05,Kemahasiswaan,Sistem Akademik,Rendah,Email,77,11.4,1,Tidak,Sesuai SLA,3
TIK04647,2026-04-22,Rabu,11:25,Keuangan,Komputer/Laptop,Sedang,WhatsApp,48,8.1,1,Tidak,Sesuai SLA,4
TIK04648,2026-04-22,Rabu,11:30,Akademik,Akun/Login,Rendah,Form Online,99,5.1,1,Ya,Sesuai SLA,4
TIK04649,2026-04-22,Rabu,11:35,Keuangan,Sistem Akademik,Sedang,WhatsApp,30,7.7,1,Tidak,Sesuai SLA,4
TIK04650,2026-04-22,Rabu,11:40,Program Studi,Komputer/Laptop,Sedang,Form Online,64,7.5,2,Tidak,Sesuai SLA,3
TIK04651,2026-04-22,Rabu,11:55,Akademik,Sistem Akademik,Sedang,Datang Langsung,27,9.8,1,Ya,Sesuai SLA,5
TIK04652,2026-04-22,Rabu,11:55,Perpustakaan,Akun/Login,Rendah,Form Online,84,2.1,2,Tidak,Sesuai SLA,5
TIK04653,2026-04-22,Rabu,12:20,Keuangan,Proyektor,Rendah,WhatsApp,55,3.8,2,Tidak,Sesuai SLA,4
TIK04654,2026-04-22,Rabu,12:20,Keuangan,Sistem Akademik,Sedang,WhatsApp,28,14.8,1,Ya,Lewat SLA,2
TIK04655,2026-04-22,Rabu,12:35,Umum,Komputer/Laptop,Rendah,Form Online,58,6.3,1,Ya,Sesuai SLA,4
TIK04656,2026-04-22,Rabu,12:45,Keuangan,Proyektor,Rendah,Form Online,50,2.6,1,Tidak,Sesuai SLA,5
TIK04657,2026-04-22,Rabu,12:50,Akademik,Printer,Rendah,WhatsApp,52,2.3,2,Tidak,Sesuai SLA,4
TIK04658,2026-04-22,Rabu,12:50,Program Studi,Komputer/Laptop,Rendah,Datang Langsung,55,5.8,2,Ya,Sesuai SLA,5
TIK04659,2026-04-22,Rabu,13:00,Program Studi,Komputer/Laptop,Rendah,Email,71,5.7,1,Tidak,Sesuai SLA,4
TIK04660,2026-04-22,Rabu,13:10,Laboratorium,Sistem Akademik,Sedang,Form Online,46,8.8,2,Tidak,Sesuai SLA,5
TIK04661,2026-04-22,Rabu,13:30,Keuangan,Proyektor,Sedang,Form Online,77,4.1,1,Tidak,Sesuai SLA,4
TIK04662,2026-04-22,Rabu,13:35,Umum,Proyektor,Sedang,WhatsApp,53,4.7,1,Tidak,Sesuai SLA,5
TIK04663,2026-04-22,Rabu,14:00,Keuangan,Printer,Rendah,Datang Langsung,42,3.5,1,Tidak,Sesuai SLA,5
TIK04664,2026-04-22,Rabu,14:00,Keuangan,Komputer/Laptop,Sedang,WhatsApp,28,6.2,1,Tidak,Sesuai SLA,4
TIK04665,2026-04-22,Rabu,14:10,Umum,Sistem Akademik,Rendah,Form Online,67,7.6,1,Tidak,Sesuai SLA,4
TIK04666,2026-04-22,Rabu,14:20,Umum,Proyektor,Rendah,Email,83,4.1,1,Tidak,Sesuai SLA,4
TIK04667,2026-04-22,Rabu,14:55,Program Studi,Internet/WiFi,Tinggi,WhatsApp,16,11.4,1,Ya,Lewat SLA,3
TIK04668,2026-04-22,Rabu,14:55,Program Studi,Akun/Login,Rendah,WhatsApp,40,4.8,1,Tidak,Sesuai SLA,4
TIK04669,2026-04-22,Rabu,15:25,Laboratorium,Sistem Akademik,Sedang,Form Online,54,8.8,2,Tidak,Sesuai SLA,4
TIK04670,2026-04-22,Rabu,15:40,Laboratorium,Internet/WiFi,Tinggi,Email,67,10.3,2,Tidak,Lewat SLA,3
TIK04671,2026-04-23,Kamis,07:20,Keuangan,Akun/Login,Rendah,Form Online,49,5.3,1,Tidak,Sesuai SLA,4
TIK04672,2026-04-23,Kamis,07:45,Laboratorium,Komputer/Laptop,Sedang,WhatsApp,36,10.7,1,Ya,Lewat SLA,2
TIK04673,2026-04-23,Kamis,08:10,Kemahasiswaan,Internet/WiFi,Tinggi,Email,76,8.6,3,Tidak,Lewat SLA,3
TIK04674,2026-04-23,Kamis,08:30,Keuangan,Sistem Akademik,Sedang,Datang Langsung,33,11.6,2,Ya,Lewat SLA,3
TIK04675,2026-04-23,Kamis,08:50,Laboratorium,Akun/Login,Rendah,WhatsApp,73,1.0,1,Tidak,Sesuai SLA,5
TIK04676,2026-04-23,Kamis,09:05,Laboratorium,Akun/Login,Rendah,Form Online,55,5.1,1,Ya,Sesuai SLA,4
TIK04677,2026-04-23,Kamis,09:20,Laboratorium,Sistem Akademik,Rendah,WhatsApp,50,12.6,1,Ya,Sesuai SLA,3
TIK04678,2026-04-23,Kamis,09:25,Umum,Proyektor,Sedang,WhatsApp,35,14.1,2,Tidak,Lewat SLA,4
TIK04679,2026-04-23,Kamis,09:25,Kemahasiswaan,Akun/Login,Tinggi,WhatsApp,48,3.1,1,Tidak,Sesuai SLA,4
TIK04680,2026-04-23,Kamis,09:35,Akademik,Sistem Akademik,Rendah,WhatsApp,39,8.0,1,Tidak,Sesuai SLA,4
TIK04681,2026-04-23,Kamis,09:35,Program Studi,Komputer/Laptop,Rendah,WhatsApp,46,5.9,2,Tidak,Sesuai SLA,4
TIK04682,2026-04-23,Kamis,09:35,Program Studi,Komputer/Laptop,Rendah,WhatsApp,39,6.6,2,Tidak,Sesuai SLA,5
TIK04683,2026-04-23,Kamis,09:45,Laboratorium,Internet/WiFi,Tinggi,WhatsApp,26,9.0,3,Tidak,Lewat SLA,4
TIK04684,2026-04-23,Kamis,09:45,Akademik,Akun/Login,Sedang,Form Online,42,2.4,1,Tidak,Sesuai SLA,5
TIK04685,2026-04-23,Kamis,09:55,Perpustakaan,Internet/WiFi,Tinggi,Form Online,45,9.9,2,Tidak,Lewat SLA,4
TIK04686,2026-04-23,Kamis,10:00,Perpustakaan,Printer,Tinggi,Email,80,5.3,1,Tidak,Sesuai SLA,4
TIK04687,2026-04-23,Kamis,10:05,Program Studi,Sistem Akademik,Sedang,WhatsApp,30,11.6,1,Ya,Lewat SLA,4
TIK04688,2026-04-23,Kamis,10:05,Laboratorium,Komputer/Laptop,Tinggi,Form Online,55,6.4,3,Tidak,Lewat SLA,4
TIK04689,2026-04-23,Kamis,10:15,Akademik,Proyektor,Rendah,WhatsApp,51,3.3,1,Tidak,Sesuai SLA,4
TIK04690,2026-04-23,Kamis,10:30,Perpustakaan,Internet/WiFi,Rendah,Email,68,8.1,1,Tidak,Sesuai SLA,4
TIK04691,2026-04-23,Kamis,10:30,Akademik,Internet/WiFi,Tinggi,Form Online,65,9.5,2,Tidak,Lewat SLA,4
TIK04692,2026-04-23,Kamis,10:50,Program Studi,Sistem Akademik,Tinggi,Form Online,42,11.9,3,Ya,Lewat SLA,3
TIK04693,2026-04-23,Kamis,10:50,Perpustakaan,Akun/Login,Rendah,Datang Langsung,43,1.3,1,Tidak,Sesuai SLA,5
TIK04694,2026-04-23,Kamis,11:00,Laboratorium,Komputer/Laptop,Tinggi,WhatsApp,24,10.4,2,Ya,Lewat SLA,3
TIK04695,2026-04-23,Kamis,11:35,Program Studi,Sistem Akademik,Sedang,WhatsApp,48,8.4,1,Tidak,Sesuai SLA,4
TIK04696,2026-04-23,Kamis,11:40,Perpustakaan,Akun/Login,Rendah,WhatsApp,45,3.1,2,Tidak,Sesuai SLA,4
TIK04697,2026-04-23,Kamis,11:55,Laboratorium,Proyektor,Rendah,Datang Langsung,38,2.2,1,Tidak,Sesuai SLA,5
TIK04698,2026-04-23,Kamis,12:05,Umum,Sistem Akademik,Sedang,Datang Langsung,14,9.4,1,Tidak,Sesuai SLA,4
TIK04699,2026-04-23,Kamis,12:45,Laboratorium,Internet/WiFi,Sedang,Datang Langsung,14,6.5,2,Tidak,Sesuai SLA,4
TIK04700,2026-04-23,Kamis,12:50,Kemahasiswaan,Printer,Rendah,Form Online,56,2.4,1,Tidak,Sesuai SLA,4
TIK04701,2026-04-23,Kamis,12:50,Akademik,Sistem Akademik,Sedang,Form Online,47,10.3,2,Tidak,Lewat SLA,3
TIK04702,2026-04-23,Kamis,13:30,Kemahasiswaan,Komputer/Laptop,Sedang,Form Online,54,7.5,1,Tidak,Sesuai SLA,5
TIK04703,2026-04-23,Kamis,13:40,Perpustakaan,Komputer/Laptop,Rendah,Form Online,57,5.5,1,Tidak,Sesuai SLA,4
TIK04704,2026-04-23,Kamis,13:40,Keuangan,Printer,Sedang,WhatsApp,26,5.3,1,Tidak,Sesuai SLA,4
TIK04705,2026-04-23,Kamis,14:55,Kemahasiswaan,Printer,Sedang,WhatsApp,30,3.3,2,Tidak,Sesuai SLA,4
TIK04706,2026-04-23,Kamis,15:40,Keuangan,Akun/Login,Sedang,Email,65,4.2,1,Tidak,Sesuai SLA,4
TIK04707,2026-04-23,Kamis,16:15,Program Studi,Internet/WiFi,Tinggi,Email,56,10.9,2,Ya,Lewat SLA,3
TIK04708,2026-04-23,Kamis,17:25,Akademik,Akun/Login,Rendah,WhatsApp,71,1.2,2,Tidak,Sesuai SLA,5
TIK04709,2026-04-24,Jumat,07:10,Laboratorium,Proyektor,Sedang,Datang Langsung,31,3.5,1,Tidak,Sesuai SLA,4
TIK04710,2026-04-24,Jumat,07:20,Akademik,Komputer/Laptop,Sedang,WhatsApp,23,6.4,1,Tidak,Sesuai SLA,5
TIK04711,2026-04-24,Jumat,07:20,Laboratorium,Akun/Login,Sedang,Datang Langsung,35,1.8,1,Tidak,Sesuai SLA,4
TIK04712,2026-04-24,Jumat,07:20,Laboratorium,Komputer/Laptop,Rendah,Form Online,55,4.4,1,Tidak,Sesuai SLA,4
TIK04713,2026-04-24,Jumat,07:30,Laboratorium,Komputer/Laptop,Sedang,WhatsApp,35,6.2,1,Tidak,Sesuai SLA,4
TIK04714,2026-04-24,Jumat,08:25,Akademik,Komputer/Laptop,Sedang,WhatsApp,49,4.6,2,Tidak,Sesuai SLA,5
TIK04715,2026-04-24,Jumat,08:30,Umum,Internet/WiFi,Tinggi,Form Online,109,11.2,1,Ya,Lewat SLA,3
TIK04716,2026-04-24,Jumat,08:40,Akademik,Komputer/Laptop,Rendah,Form Online,54,5.0,2,Tidak,Sesuai SLA,4
TIK04717,2026-04-24,Jumat,08:40,Kemahasiswaan,Printer,Tinggi,WhatsApp,59,5.2,3,Tidak,Sesuai SLA,3
TIK04718,2026-04-24,Jumat,09:00,Akademik,Komputer/Laptop,Sedang,WhatsApp,28,6.7,1,Tidak,Sesuai SLA,4
TIK04719,2026-04-24,Jumat,09:05,Umum,Komputer/Laptop,Rendah,WhatsApp,46,4.6,2,Tidak,Sesuai SLA,5
TIK04720,2026-04-24,Jumat,09:05,Laboratorium,Printer,Sedang,WhatsApp,38,3.0,2,Tidak,Sesuai SLA,5
TIK04721,2026-04-24,Jumat,09:10,Kemahasiswaan,Proyektor,Rendah,Email,75,7.9,2,Tidak,Sesuai SLA,4
TIK04722,2026-04-24,Jumat,09:25,Perpustakaan,Internet/WiFi,Rendah,Datang Langsung,36,6.3,1,Tidak,Sesuai SLA,5
TIK04723,2026-04-24,Jumat,09:30,Laboratorium,Akun/Login,Sedang,Datang Langsung,26,1.6,1,Tidak,Sesuai SLA,5
TIK04724,2026-04-24,Jumat,09:30,Akademik,Komputer/Laptop,Sedang,Email,93,9.1,1,Tidak,Sesuai SLA,5
TIK04725,2026-04-24,Jumat,09:45,Perpustakaan,Internet/WiFi,Sedang,WhatsApp,70,9.6,1,Ya,Sesuai SLA,5
TIK04726,2026-04-24,Jumat,09:50,Laboratorium,Sistem Akademik,Rendah,WhatsApp,68,10.0,1,Tidak,Sesuai SLA,4
TIK04727,2026-04-24,Jumat,09:50,Keuangan,Komputer/Laptop,Sedang,Form Online,49,7.6,1,Tidak,Sesuai SLA,4
TIK04728,2026-04-24,Jumat,10:30,Program Studi,Sistem Akademik,Sedang,Form Online,56,8.3,1,Tidak,Sesuai SLA,4
TIK04729,2026-04-24,Jumat,10:35,Kemahasiswaan,Akun/Login,Rendah,Form Online,51,1.8,1,Tidak,Sesuai SLA,5
TIK04730,2026-04-24,Jumat,10:40,Program Studi,Komputer/Laptop,Rendah,WhatsApp,36,4.5,2,Tidak,Sesuai SLA,4
TIK04731,2026-04-24,Jumat,10:50,Program Studi,Printer,Rendah,WhatsApp,42,4.1,1,Tidak,Sesuai SLA,4
TIK04732,2026-04-24,Jumat,10:50,Akademik,Printer,Sedang,WhatsApp,38,5.1,1,Tidak,Sesuai SLA,4
TIK04733,2026-04-24,Jumat,11:00,Umum,Internet/WiFi,Sedang,Form Online,40,10.7,1,Ya,Lewat SLA,3
TIK04734,2026-04-24,Jumat,11:00,Program Studi,Akun/Login,Sedang,Datang Langsung,76,2.4,1,Tidak,Sesuai SLA,4
TIK04735,2026-04-24,Jumat,11:10,Program Studi,Printer,Rendah,WhatsApp,38,8.9,2,Ya,Sesuai SLA,4
TIK04736,2026-04-24,Jumat,11:10,Perpustakaan,Sistem Akademik,Rendah,Form Online,60,10.0,1,Ya,Sesuai SLA,2
TIK04737,2026-04-24,Jumat,11:20,Akademik,Sistem Akademik,Rendah,WhatsApp,45,18.6,1,Ya,Lewat SLA,2
TIK04738,2026-04-24,Jumat,11:25,Umum,Internet/WiFi,Rendah,Email,91,8.1,2,Tidak,Sesuai SLA,4
TIK04739,2026-04-24,Jumat,11:25,Perpustakaan,Akun/Login,Sedang,Email,84,5.2,1,Tidak,Sesuai SLA,4
TIK04740,2026-04-24,Jumat,11:25,Program Studi,Proyektor,Rendah,Form Online,52,2.8,1,Tidak,Sesuai SLA,4
TIK04741,2026-04-24,Jumat,11:35,Akademik,Internet/WiFi,Sedang,Form Online,46,8.7,2,Tidak,Sesuai SLA,4
TIK04742,2026-04-24,Jumat,11:45,Akademik,Komputer/Laptop,Sedang,WhatsApp,27,8.0,1,Tidak,Sesuai SLA,5
TIK04743,2026-04-24,Jumat,11:45,Keuangan,Akun/Login,Sedang,Datang Langsung,25,5.0,1,Tidak,Sesuai SLA,5
TIK04744,2026-04-24,Jumat,11:55,Kemahasiswaan,Komputer/Laptop,Rendah,Form Online,63,6.6,1,Tidak,Sesuai SLA,3
TIK04745,2026-04-24,Jumat,12:05,Program Studi,Internet/WiFi,Rendah,WhatsApp,40,6.5,2,Tidak,Sesuai SLA,4
TIK04746,2026-04-24,Jumat,12:10,Keuangan,Akun/Login,Rendah,Email,93,3.4,1,Tidak,Sesuai SLA,5
TIK04747,2026-04-24,Jumat,12:20,Keuangan,Sistem Akademik,Rendah,Form Online,75,9.0,1,Ya,Sesuai SLA,4
TIK04748,2026-04-24,Jumat,12:20,Perpustakaan,Komputer/Laptop,Sedang,WhatsApp,18,8.6,1,Ya,Sesuai SLA,5
TIK04749,2026-04-24,Jumat,12:35,Keuangan,Internet/WiFi,Tinggi,Email,57,11.0,3,Ya,Lewat SLA,3
TIK04750,2026-04-24,Jumat,12:40,Keuangan,Internet/WiFi,Rendah,Form Online,76,7.0,2,Tidak,Sesuai SLA,4
TIK04751,2026-04-24,Jumat,12:40,Umum,Internet/WiFi,Tinggi,Email,56,12.2,2,Ya,Lewat SLA,3
TIK04752,2026-04-24,Jumat,12:50,Kemahasiswaan,Printer,Rendah,WhatsApp,70,4.4,1,Tidak,Sesuai SLA,4
TIK04753,2026-04-24,Jumat,12:55,Keuangan,Komputer/Laptop,Rendah,WhatsApp,45,4.6,2,Tidak,Sesuai SLA,4
TIK04754,2026-04-24,Jumat,13:00,Keuangan,Internet/WiFi,Rendah,WhatsApp,39,7.6,1,Tidak,Sesuai SLA,4
TIK04755,2026-04-24,Jumat,13:20,Kemahasiswaan,Internet/WiFi,Rendah,Form Online,58,5.9,2,Tidak,Sesuai SLA,4
TIK04756,2026-04-24,Jumat,14:15,Umum,Sistem Akademik,Rendah,WhatsApp,45,15.9,2,Tidak,Sesuai SLA,4
TIK04757,2026-04-24,Jumat,14:15,Program Studi,Sistem Akademik,Tinggi,Email,56,12.2,2,Ya,Lewat SLA,3
TIK04758,2026-04-24,Jumat,15:05,Laboratorium,Printer,Sedang,Form Online,42,3.9,2,Tidak,Sesuai SLA,5
TIK04759,2026-04-24,Jumat,15:45,Kemahasiswaan,Akun/Login,Rendah,Datang Langsung,26,6.2,1,Ya,Sesuai SLA,3
TIK04760,2026-04-24,Jumat,16:00,Program Studi,Sistem Akademik,Sedang,Form Online,45,11.3,1,Ya,Lewat SLA,3
TIK04761,2026-04-24,Jumat,17:50,Program Studi,Sistem Akademik,Sedang,WhatsApp,35,9.0,2,Tidak,Sesuai SLA,4
TIK04762,2026-04-25,Sabtu,07:05,Perpustakaan,Internet/WiFi,Tinggi,Form Online,37,10.3,1,Ya,Lewat SLA,3
TIK04763,2026-04-25,Sabtu,07:10,Program Studi,Akun/Login,Sedang,WhatsApp,35,2.8,2,Tidak,Sesuai SLA,5
TIK04764,2026-04-25,Sabtu,08:05,Perpustakaan,Komputer/Laptop,Rendah,Datang Langsung,37,4.0,2,Tidak,Sesuai SLA,4
TIK04765,2026-04-25,Sabtu,08:30,Program Studi,Akun/Login,Sedang,Form Online,46,2.4,1,Tidak,Sesuai SLA,5
TIK04766,2026-04-25,Sabtu,08:40,Kemahasiswaan,Printer,Rendah,Datang Langsung,32,5.2,1,Tidak,Sesuai SLA,3
TIK04767,2026-04-25,Sabtu,09:15,Laboratorium,Komputer/Laptop,Sedang,WhatsApp,39,6.0,1,Tidak,Sesuai SLA,4
TIK04768,2026-04-25,Sabtu,09:20,Program Studi,Sistem Akademik,Rendah,Email,105,10.2,1,Tidak,Sesuai SLA,3
TIK04769,2026-04-25,Sabtu,09:45,Program Studi,Sistem Akademik,Tinggi,WhatsApp,21,11.9,2,Tidak,Lewat SLA,3
TIK04770,2026-04-25,Sabtu,09:45,Laboratorium,Proyektor,Rendah,WhatsApp,54,6.6,2,Ya,Sesuai SLA,4
TIK04771,2026-04-25,Sabtu,09:55,Laboratorium,Printer,Tinggi,WhatsApp,34,8.4,2,Tidak,Lewat SLA,3
TIK04772,2026-04-25,Sabtu,10:10,Program Studi,Internet/WiFi,Sedang,WhatsApp,38,7.2,1,Tidak,Sesuai SLA,4
TIK04773,2026-04-25,Sabtu,10:15,Kemahasiswaan,Komputer/Laptop,Rendah,Datang Langsung,46,6.8,1,Ya,Sesuai SLA,5
TIK04774,2026-04-25,Sabtu,10:20,Laboratorium,Akun/Login,Sedang,WhatsApp,29,5.2,1,Tidak,Sesuai SLA,4
TIK04775,2026-04-25,Sabtu,10:30,Akademik,Proyektor,Rendah,Email,72,6.5,2,Tidak,Sesuai SLA,5
TIK04776,2026-04-25,Sabtu,10:35,Keuangan,Internet/WiFi,Sedang,WhatsApp,45,6.8,1,Tidak,Sesuai SLA,4
TIK04777,2026-04-25,Sabtu,10:40,Keuangan,Printer,Rendah,Email,83,8.4,1,Tidak,Sesuai SLA,4
TIK04778,2026-04-25,Sabtu,11:10,Program Studi,Komputer/Laptop,Rendah,Form Online,59,5.0,2,Tidak,Sesuai SLA,5
TIK04779,2026-04-25,Sabtu,11:15,Akademik,Proyektor,Rendah,WhatsApp,74,4.8,1,Tidak,Sesuai SLA,4
TIK04780,2026-04-25,Sabtu,11:25,Umum,Printer,Rendah,Email,75,4.1,2,Tidak,Sesuai SLA,5
TIK04781,2026-04-25,Sabtu,11:40,Kemahasiswaan,Akun/Login,Sedang,WhatsApp,50,2.8,1,Tidak,Sesuai SLA,4
TIK04782,2026-04-25,Sabtu,11:50,Program Studi,Akun/Login,Rendah,Form Online,51,1.4,1,Tidak,Sesuai SLA,5
TIK04783,2026-04-25,Sabtu,12:00,Laboratorium,Komputer/Laptop,Sedang,Form Online,68,10.4,1,Ya,Lewat SLA,4
TIK04784,2026-04-25,Sabtu,12:00,Laboratorium,Internet/WiFi,Sedang,Form Online,71,9.7,2,Ya,Sesuai SLA,4
TIK04785,2026-04-25,Sabtu,12:05,Perpustakaan,Komputer/Laptop,Sedang,WhatsApp,60,4.8,1,Tidak,Sesuai SLA,4
TIK04786,2026-04-25,Sabtu,12:05,Kemahasiswaan,Sistem Akademik,Rendah,WhatsApp,35,10.0,1,Ya,Sesuai SLA,4
TIK04787,2026-04-25,Sabtu,12:25,Akademik,Komputer/Laptop,Sedang,WhatsApp,23,5.2,1,Tidak,Sesuai SLA,4
TIK04788,2026-04-25,Sabtu,12:30,Keuangan,Akun/Login,Sedang,WhatsApp,25,1.7,1,Tidak,Sesuai SLA,5
TIK04789,2026-04-25,Sabtu,13:10,Laboratorium,Akun/Login,Sedang,Form Online,58,2.5,2,Tidak,Sesuai SLA,5
TIK04790,2026-04-25,Sabtu,14:45,Keuangan,Internet/WiFi,Sedang,WhatsApp,46,6.8,2,Tidak,Sesuai SLA,4
TIK04791,2026-04-25,Sabtu,14:50,Perpustakaan,Komputer/Laptop,Sedang,Email,63,12.9,1,Ya,Lewat SLA,3
TIK04792,2026-04-25,Sabtu,15:20,Program Studi,Sistem Akademik,Sedang,WhatsApp,27,7.9,1,Tidak,Sesuai SLA,4
TIK04793,2026-04-26,Minggu,07:10,Akademik,Internet/WiFi,Sedang,Email,89,14.6,2,Ya,Lewat SLA,2
TIK04794,2026-04-26,Minggu,07:15,Akademik,Sistem Akademik,Rendah,Form Online,69,13.8,1,Ya,Sesuai SLA,4
TIK04795,2026-04-26,Minggu,07:20,Perpustakaan,Akun/Login,Rendah,Datang Langsung,41,2.1,1,Tidak,Sesuai SLA,5
TIK04796,2026-04-26,Minggu,07:20,Akademik,Komputer/Laptop,Rendah,WhatsApp,62,5.8,1,Tidak,Sesuai SLA,4
TIK04797,2026-04-26,Minggu,07:25,Laboratorium,Internet/WiFi,Rendah,WhatsApp,71,10.6,1,Tidak,Sesuai SLA,3
TIK04798,2026-04-26,Minggu,07:25,Umum,Akun/Login,Rendah,Form Online,63,8.9,1,Tidak,Sesuai SLA,4
TIK04799,2026-04-26,Minggu,07:35,Akademik,Sistem Akademik,Rendah,Form Online,51,9.2,1,Tidak,Sesuai SLA,4
TIK04800,2026-04-26,Minggu,07:45,Kemahasiswaan,Printer,Sedang,WhatsApp,30,5.5,1,Tidak,Sesuai SLA,4
TIK04801,2026-04-26,Minggu,07:55,Laboratorium,Printer,Rendah,Email,74,7.9,1,Ya,Sesuai SLA,4
TIK04802,2026-04-26,Minggu,08:35,Keuangan,Sistem Akademik,Rendah,Email,76,8.5,1,Tidak,Sesuai SLA,4
TIK04803,2026-04-26,Minggu,08:55,Laboratorium,Komputer/Laptop,Sedang,Form Online,48,5.6,1,Tidak,Sesuai SLA,5
TIK04804,2026-04-26,Minggu,09:00,Akademik,Proyektor,Rendah,Email,81,5.8,2,Ya,Sesuai SLA,4
TIK04805,2026-04-26,Minggu,09:00,Keuangan,Proyektor,Tinggi,WhatsApp,20,4.7,3,Tidak,Sesuai SLA,4
TIK04806,2026-04-26,Minggu,09:15,Program Studi,Sistem Akademik,Sedang,WhatsApp,45,7.7,1,Tidak,Sesuai SLA,4
TIK04807,2026-04-26,Minggu,09:40,Laboratorium,Internet/WiFi,Rendah,WhatsApp,57,9.9,2,Tidak,Sesuai SLA,4
TIK04808,2026-04-26,Minggu,09:45,Perpustakaan,Internet/WiFi,Tinggi,Datang Langsung,42,7.9,1,Tidak,Lewat SLA,3
TIK04809,2026-04-26,Minggu,10:25,Perpustakaan,Sistem Akademik,Tinggi,WhatsApp,19,10.4,1,Ya,Lewat SLA,3
TIK04810,2026-04-26,Minggu,11:00,Program Studi,Komputer/Laptop,Sedang,Email,63,7.5,1,Tidak,Sesuai SLA,2
TIK04811,2026-04-26,Minggu,11:10,Kemahasiswaan,Internet/WiFi,Tinggi,WhatsApp,12,11.4,1,Ya,Lewat SLA,3
TIK04812,2026-04-26,Minggu,11:20,Laboratorium,Internet/WiFi,Sedang,Form Online,85,8.0,1,Tidak,Sesuai SLA,3
TIK04813,2026-04-26,Minggu,11:40,Program Studi,Printer,Rendah,WhatsApp,35,4.8,1,Tidak,Sesuai SLA,4
TIK04814,2026-04-26,Minggu,12:30,Akademik,Sistem Akademik,Sedang,Form Online,47,7.3,1,Tidak,Sesuai SLA,3
TIK04815,2026-04-26,Minggu,12:40,Program Studi,Komputer/Laptop,Rendah,Datang Langsung,28,7.2,2,Tidak,Sesuai SLA,4
TIK04816,2026-04-26,Minggu,12:40,Kemahasiswaan,Komputer/Laptop,Rendah,Email,85,6.0,1,Tidak,Sesuai SLA,4
TIK04817,2026-04-26,Minggu,12:50,Akademik,Komputer/Laptop,Rendah,Email,90,12.0,2,Tidak,Sesuai SLA,3
TIK04818,2026-04-26,Minggu,13:00,Program Studi,Sistem Akademik,Sedang,Email,74,11.7,1,Ya,Lewat SLA,2
TIK04819,2026-04-26,Minggu,13:05,Akademik,Internet/WiFi,Sedang,WhatsApp,32,10.1,1,Tidak,Lewat SLA,4
TIK04820,2026-04-26,Minggu,13:10,Laboratorium,Printer,Sedang,Datang Langsung,34,2.9,1,Tidak,Sesuai SLA,5
TIK04821,2026-04-26,Minggu,13:15,Keuangan,Sistem Akademik,Sedang,WhatsApp,45,9.4,1,Tidak,Sesuai SLA,3
TIK04822,2026-04-26,Minggu,13:55,Kemahasiswaan,Internet/WiFi,Rendah,WhatsApp,43,9.6,1,Tidak,Sesuai SLA,4
TIK04823,2026-04-26,Minggu,14:50,Keuangan,Sistem Akademik,Tinggi,WhatsApp,52,10.6,2,Ya,Lewat SLA,4
TIK04824,2026-04-26,Minggu,15:00,Kemahasiswaan,Internet/WiFi,Sedang,Datang Langsung,40,7.0,1,Tidak,Sesuai SLA,4
TIK04825,2026-04-26,Minggu,15:20,Program Studi,Akun/Login,Sedang,WhatsApp,28,3.5,1,Tidak,Sesuai SLA,4
TIK04826,2026-04-26,Minggu,16:05,Program Studi,Akun/Login,Sedang,Form Online,56,2.6,1,Tidak,Sesuai SLA,5
TIK04827,2026-04-27,Senin,07:00,Program Studi,Internet/WiFi,Tinggi,Email,65,11.4,2,Ya,Lewat SLA,4
TIK04828,2026-04-27,Senin,07:00,Akademik,Sistem Akademik,Sedang,Form Online,61,7.7,1,Tidak,Sesuai SLA,4
TIK04829,2026-04-27,Senin,07:15,Program Studi,Sistem Akademik,Rendah,Datang Langsung,40,7.2,1,Tidak,Sesuai SLA,3
TIK04830,2026-04-27,Senin,08:10,Program Studi,Internet/WiFi,Sedang,WhatsApp,66,6.0,1,Tidak,Sesuai SLA,5
TIK04831,2026-04-27,Senin,08:15,Program Studi,Printer,Rendah,Email,80,4.3,1,Tidak,Sesuai SLA,4
TIK04832,2026-04-27,Senin,08:35,Kemahasiswaan,Akun/Login,Rendah,Email,82,3.8,2,Tidak,Sesuai SLA,3
TIK04833,2026-04-27,Senin,08:45,Program Studi,Akun/Login,Sedang,Datang Langsung,49,5.3,1,Tidak,Sesuai SLA,4
TIK04834,2026-04-27,Senin,09:20,Umum,Internet/WiFi,Sedang,Form Online,49,6.1,1,Tidak,Sesuai SLA,4
TIK04835,2026-04-27,Senin,09:35,Perpustakaan,Sistem Akademik,Sedang,WhatsApp,63,8.0,1,Tidak,Sesuai SLA,5
TIK04836,2026-04-27,Senin,09:45,Kemahasiswaan,Sistem Akademik,Tinggi,WhatsApp,34,14.7,3,Ya,Lewat SLA,2
TIK04837,2026-04-27,Senin,10:15,Program Studi,Internet/WiFi,Rendah,Form Online,48,9.3,1,Tidak,Sesuai SLA,5
TIK04838,2026-04-27,Senin,10:15,Umum,Internet/WiFi,Rendah,Form Online,104,8.8,2,Ya,Sesuai SLA,4
TIK04839,2026-04-27,Senin,10:20,Umum,Komputer/Laptop,Rendah,Form Online,51,6.0,1,Tidak,Sesuai SLA,4
TIK04840,2026-04-27,Senin,10:25,Kemahasiswaan,Printer,Rendah,WhatsApp,92,3.3,1,Tidak,Sesuai SLA,4
TIK04841,2026-04-27,Senin,10:25,Umum,Internet/WiFi,Tinggi,Email,80,12.0,2,Ya,Lewat SLA,2
TIK04842,2026-04-27,Senin,10:30,Akademik,Komputer/Laptop,Sedang,Form Online,87,5.5,1,Tidak,Sesuai SLA,4
TIK04843,2026-04-27,Senin,10:35,Akademik,Printer,Tinggi,Form Online,72,7.8,2,Tidak,Lewat SLA,2
TIK04844,2026-04-27,Senin,10:40,Akademik,Internet/WiFi,Rendah,Datang Langsung,45,5.9,1,Tidak,Sesuai SLA,5
TIK04845,2026-04-27,Senin,10:40,Umum,Akun/Login,Sedang,Form Online,45,2.7,2,Tidak,Sesuai SLA,5
TIK04846,2026-04-27,Senin,10:45,Umum,Printer,Sedang,Email,69,4.0,2,Tidak,Sesuai SLA,3
TIK04847,2026-04-27,Senin,10:50,Umum,Proyektor,Rendah,WhatsApp,33,2.9,1,Tidak,Sesuai SLA,5
TIK04848,2026-04-27,Senin,10:50,Keuangan,Proyektor,Sedang,WhatsApp,27,2.6,1,Tidak,Sesuai SLA,5
TIK04849,2026-04-27,Senin,10:50,Program Studi,Internet/WiFi,Sedang,Form Online,61,7.5,2,Tidak,Sesuai SLA,4
TIK04850,2026-04-27,Senin,11:30,Akademik,Internet/WiFi,Rendah,WhatsApp,38,8.6,1,Tidak,Sesuai SLA,4
TIK04851,2026-04-27,Senin,12:00,Perpustakaan,Internet/WiFi,Rendah,WhatsApp,40,5.7,1,Tidak,Sesuai SLA,4
TIK04852,2026-04-27,Senin,12:10,Program Studi,Komputer/Laptop,Rendah,WhatsApp,46,4.1,1,Tidak,Sesuai SLA,5
TIK04853,2026-04-27,Senin,12:10,Program Studi,Internet/WiFi,Sedang,Form Online,43,9.7,2,Tidak,Sesuai SLA,4
TIK04854,2026-04-27,Senin,12:40,Program Studi,Internet/WiFi,Sedang,WhatsApp,55,8.7,1,Tidak,Sesuai SLA,3
TIK04855,2026-04-27,Senin,13:05,Umum,Akun/Login,Rendah,Email,98,4.3,2,Tidak,Sesuai SLA,4
TIK04856,2026-04-27,Senin,13:35,Program Studi,Printer,Sedang,Email,60,8.9,1,Tidak,Sesuai SLA,4
TIK04857,2026-04-27,Senin,13:40,Program Studi,Sistem Akademik,Tinggi,WhatsApp,22,9.6,1,Tidak,Lewat SLA,4
TIK04858,2026-04-27,Senin,14:40,Program Studi,Internet/WiFi,Rendah,Email,74,8.0,1,Tidak,Sesuai SLA,4
TIK04859,2026-04-27,Senin,15:00,Keuangan,Sistem Akademik,Tinggi,WhatsApp,50,11.0,1,Tidak,Lewat SLA,3
TIK04860,2026-04-27,Senin,15:35,Umum,Akun/Login,Rendah,WhatsApp,45,2.2,1,Tidak,Sesuai SLA,5
TIK04861,2026-04-28,Selasa,07:00,Akademik,Proyektor,Rendah,Email,79,5.3,2,Tidak,Sesuai SLA,5
TIK04862,2026-04-28,Selasa,07:10,Program Studi,Internet/WiFi,Rendah,WhatsApp,59,6.9,1,Tidak,Sesuai SLA,5
TIK04863,2026-04-28,Selasa,07:15,Akademik,Printer,Rendah,WhatsApp,59,2.5,1,Tidak,Sesuai SLA,4
TIK04864,2026-04-28,Selasa,07:35,Program Studi,Akun/Login,Rendah,Datang Langsung,61,1.4,1,Tidak,Sesuai SLA,5
TIK04865,2026-04-28,Selasa,07:40,Akademik,Sistem Akademik,Rendah,WhatsApp,37,9.6,2,Ya,Sesuai SLA,4
TIK04866,2026-04-28,Selasa,07:45,Akademik,Printer,Rendah,Datang Langsung,37,5.5,2,Tidak,Sesuai SLA,4
TIK04867,2026-04-28,Selasa,07:50,Akademik,Akun/Login,Rendah,WhatsApp,40,11.3,1,Ya,Sesuai SLA,4
TIK04868,2026-04-28,Selasa,08:10,Keuangan,Akun/Login,Rendah,Form Online,54,1.2,1,Tidak,Sesuai SLA,5
TIK04869,2026-04-28,Selasa,08:15,Program Studi,Printer,Rendah,Datang Langsung,55,4.2,2,Tidak,Sesuai SLA,5
TIK04870,2026-04-28,Selasa,08:30,Perpustakaan,Sistem Akademik,Sedang,Email,67,12.2,1,Tidak,Lewat SLA,2
TIK04871,2026-04-28,Selasa,09:05,Umum,Akun/Login,Rendah,WhatsApp,69,1.3,1,Tidak,Sesuai SLA,5
TIK04872,2026-04-28,Selasa,09:35,Keuangan,Internet/WiFi,Tinggi,WhatsApp,34,10.8,3,Ya,Lewat SLA,3
TIK04873,2026-04-28,Selasa,09:50,Kemahasiswaan,Proyektor,Rendah,WhatsApp,37,7.7,2,Tidak,Sesuai SLA,5
TIK04874,2026-04-28,Selasa,09:55,Akademik,Sistem Akademik,Rendah,Email,91,11.7,1,Tidak,Sesuai SLA,3
TIK04875,2026-04-28,Selasa,10:00,Program Studi,Printer,Sedang,WhatsApp,63,3.7,1,Tidak,Sesuai SLA,4
TIK04876,2026-04-28,Selasa,10:05,Akademik,Printer,Rendah,Form Online,72,4.6,1,Ya,Sesuai SLA,4
TIK04877,2026-04-28,Selasa,10:15,Program Studi,Sistem Akademik,Tinggi,Datang Langsung,31,7.5,3,Tidak,Lewat SLA,4
TIK04878,2026-04-28,Selasa,10:35,Perpustakaan,Sistem Akademik,Tinggi,WhatsApp,24,14.0,2,Ya,Lewat SLA,3
TIK04879,2026-04-28,Selasa,10:45,Akademik,Komputer/Laptop,Tinggi,Datang Langsung,13,6.0,3,Tidak,Sesuai SLA,4
TIK04880,2026-04-28,Selasa,10:55,Akademik,Komputer/Laptop,Sedang,Form Online,50,6.7,1,Tidak,Sesuai SLA,5
TIK04881,2026-04-28,Selasa,11:00,Keuangan,Komputer/Laptop,Rendah,Form Online,80,5.8,2,Tidak,Sesuai SLA,4
TIK04882,2026-04-28,Selasa,11:10,Keuangan,Internet/WiFi,Sedang,WhatsApp,37,8.2,2,Tidak,Sesuai SLA,4
TIK04883,2026-04-28,Selasa,11:20,Keuangan,Printer,Rendah,Form Online,56,2.5,1,Tidak,Sesuai SLA,4
TIK04884,2026-04-28,Selasa,11:40,Perpustakaan,Akun/Login,Rendah,Form Online,83,3.2,2,Tidak,Sesuai SLA,4
TIK04885,2026-04-28,Selasa,12:05,Akademik,Printer,Sedang,Email,65,8.9,1,Tidak,Sesuai SLA,4
TIK04886,2026-04-28,Selasa,12:10,Program Studi,Komputer/Laptop,Rendah,Form Online,74,4.9,1,Tidak,Sesuai SLA,5
TIK04887,2026-04-28,Selasa,12:15,Akademik,Internet/WiFi,Rendah,WhatsApp,48,12.2,1,Ya,Sesuai SLA,5
TIK04888,2026-04-28,Selasa,12:20,Umum,Proyektor,Sedang,Datang Langsung,21,3.0,1,Tidak,Sesuai SLA,5
TIK04889,2026-04-28,Selasa,12:40,Laboratorium,Internet/WiFi,Rendah,Form Online,56,7.5,1,Tidak,Sesuai SLA,3
TIK04890,2026-04-28,Selasa,13:00,Program Studi,Komputer/Laptop,Rendah,WhatsApp,73,4.5,1,Tidak,Sesuai SLA,4
TIK04891,2026-04-28,Selasa,13:10,Laboratorium,Printer,Tinggi,WhatsApp,24,3.5,3,Tidak,Sesuai SLA,4
TIK04892,2026-04-28,Selasa,13:30,Laboratorium,Internet/WiFi,Tinggi,WhatsApp,21,7.9,1,Tidak,Lewat SLA,4
TIK04893,2026-04-28,Selasa,13:40,Keuangan,Proyektor,Rendah,Datang Langsung,46,1.3,1,Tidak,Sesuai SLA,5
TIK04894,2026-04-28,Selasa,13:50,Program Studi,Komputer/Laptop,Rendah,WhatsApp,38,5.3,2,Tidak,Sesuai SLA,4
TIK04895,2026-04-28,Selasa,13:55,Keuangan,Internet/WiFi,Sedang,WhatsApp,32,6.3,1,Tidak,Sesuai SLA,3
TIK04896,2026-04-28,Selasa,14:00,Akademik,Printer,Rendah,WhatsApp,44,5.8,1,Tidak,Sesuai SLA,4
TIK04897,2026-04-28,Selasa,15:15,Keuangan,Internet/WiFi,Sedang,Form Online,50,9.2,1,Tidak,Sesuai SLA,4
TIK04898,2026-04-28,Selasa,15:25,Keuangan,Komputer/Laptop,Rendah,WhatsApp,41,4.7,1,Tidak,Sesuai SLA,4
TIK04899,2026-04-28,Selasa,15:30,Akademik,Komputer/Laptop,Rendah,Email,103,8.2,1,Tidak,Sesuai SLA,3
TIK04900,2026-04-28,Selasa,17:50,Akademik,Proyektor,Rendah,WhatsApp,58,5.5,2,Tidak,Sesuai SLA,3
TIK04901,2026-04-29,Rabu,07:05,Laboratorium,Akun/Login,Sedang,Email,80,7.9,1,Ya,Sesuai SLA,3
TIK04902,2026-04-29,Rabu,07:15,Umum,Sistem Akademik,Rendah,Email,85,14.9,1,Tidak,Sesuai SLA,1
TIK04903,2026-04-29,Rabu,07:30,Laboratorium,Akun/Login,Rendah,WhatsApp,70,3.8,2,Tidak,Sesuai SLA,4
TIK04904,2026-04-29,Rabu,07:30,Keuangan,Komputer/Laptop,Rendah,Email,76,6.7,1,Tidak,Sesuai SLA,3
TIK04905,2026-04-29,Rabu,08:10,Akademik,Internet/WiFi,Sedang,WhatsApp,27,6.8,1,Tidak,Sesuai SLA,4
TIK04906,2026-04-29,Rabu,08:15,Laboratorium,Proyektor,Rendah,Email,92,3.0,1,Tidak,Sesuai SLA,4
TIK04907,2026-04-29,Rabu,08:35,Perpustakaan,Komputer/Laptop,Rendah,Form Online,50,7.4,1,Tidak,Sesuai SLA,4
TIK04908,2026-04-29,Rabu,08:35,Program Studi,Akun/Login,Rendah,Email,88,4.6,1,Tidak,Sesuai SLA,5
TIK04909,2026-04-29,Rabu,08:40,Akademik,Internet/WiFi,Tinggi,WhatsApp,36,10.5,1,Tidak,Lewat SLA,3
TIK04910,2026-04-29,Rabu,08:55,Laboratorium,Printer,Sedang,WhatsApp,134,7.1,1,Tidak,Sesuai SLA,4
TIK04911,2026-04-29,Rabu,08:55,Akademik,Sistem Akademik,Rendah,WhatsApp,35,7.7,1,Tidak,Sesuai SLA,4
TIK04912,2026-04-29,Rabu,09:05,Program Studi,Printer,Rendah,WhatsApp,60,10.5,2,Ya,Sesuai SLA,3
TIK04913,2026-04-29,Rabu,09:05,Laboratorium,Proyektor,Tinggi,WhatsApp,20,3.8,2,Tidak,Sesuai SLA,4
TIK04914,2026-04-29,Rabu,09:30,Keuangan,Sistem Akademik,Sedang,Form Online,42,10.3,1,Tidak,Lewat SLA,3
TIK04915,2026-04-29,Rabu,09:35,Akademik,Printer,Rendah,Form Online,55,3.3,1,Tidak,Sesuai SLA,4
TIK04916,2026-04-29,Rabu,09:40,Keuangan,Akun/Login,Sedang,Form Online,76,2.3,2,Tidak,Sesuai SLA,4
TIK04917,2026-04-29,Rabu,09:40,Kemahasiswaan,Internet/WiFi,Rendah,WhatsApp,38,9.5,1,Tidak,Sesuai SLA,3
TIK04918,2026-04-29,Rabu,09:45,Akademik,Sistem Akademik,Tinggi,WhatsApp,61,10.5,2,Tidak,Lewat SLA,4
TIK04919,2026-04-29,Rabu,09:50,Program Studi,Proyektor,Tinggi,WhatsApp,19,3.9,2,Tidak,Sesuai SLA,5
TIK04920,2026-04-29,Rabu,10:20,Kemahasiswaan,Akun/Login,Sedang,Email,66,6.2,1,Tidak,Sesuai SLA,5
TIK04921,2026-04-29,Rabu,10:25,Umum,Akun/Login,Rendah,WhatsApp,53,1.3,1,Tidak,Sesuai SLA,5
TIK04922,2026-04-29,Rabu,10:30,Perpustakaan,Printer,Sedang,Form Online,80,3.9,2,Tidak,Sesuai SLA,4
TIK04923,2026-04-29,Rabu,10:30,Keuangan,Printer,Sedang,WhatsApp,37,4.5,1,Tidak,Sesuai SLA,5
TIK04924,2026-04-29,Rabu,10:30,Kemahasiswaan,Sistem Akademik,Sedang,Datang Langsung,52,6.8,1,Tidak,Sesuai SLA,4
TIK04925,2026-04-29,Rabu,10:30,Laboratorium,Internet/WiFi,Rendah,WhatsApp,40,7.5,1,Tidak,Sesuai SLA,5
TIK04926,2026-04-29,Rabu,10:35,Perpustakaan,Akun/Login,Sedang,WhatsApp,37,4.4,1,Tidak,Sesuai SLA,5
TIK04927,2026-04-29,Rabu,10:35,Kemahasiswaan,Printer,Sedang,Form Online,52,4.2,1,Tidak,Sesuai SLA,5
TIK04928,2026-04-29,Rabu,11:00,Akademik,Printer,Rendah,WhatsApp,54,2.9,1,Tidak,Sesuai SLA,5
TIK04929,2026-04-29,Rabu,11:10,Akademik,Internet/WiFi,Rendah,WhatsApp,34,5.8,1,Tidak,Sesuai SLA,4
TIK04930,2026-04-29,Rabu,11:20,Akademik,Proyektor,Sedang,Form Online,51,11.3,1,Tidak,Lewat SLA,3
TIK04931,2026-04-29,Rabu,11:30,Program Studi,Sistem Akademik,Rendah,Form Online,68,9.7,1,Ya,Sesuai SLA,4
TIK04932,2026-04-29,Rabu,11:35,Kemahasiswaan,Akun/Login,Rendah,WhatsApp,36,3.7,1,Tidak,Sesuai SLA,4
TIK04933,2026-04-29,Rabu,11:55,Laboratorium,Printer,Rendah,Form Online,53,3.6,1,Tidak,Sesuai SLA,5
TIK04934,2026-04-29,Rabu,12:00,Kemahasiswaan,Proyektor,Rendah,WhatsApp,67,5.8,1,Tidak,Sesuai SLA,4
TIK04935,2026-04-29,Rabu,12:20,Umum,Sistem Akademik,Tinggi,WhatsApp,32,11.7,1,Tidak,Lewat SLA,3
TIK04936,2026-04-29,Rabu,12:30,Laboratorium,Proyektor,Rendah,Email,80,3.3,1,Tidak,Sesuai SLA,4
TIK04937,2026-04-29,Rabu,12:30,Laboratorium,Internet/WiFi,Sedang,Form Online,48,6.3,1,Tidak,Sesuai SLA,4
TIK04938,2026-04-29,Rabu,12:40,Kemahasiswaan,Komputer/Laptop,Rendah,Form Online,60,11.7,1,Ya,Sesuai SLA,3
TIK04939,2026-04-29,Rabu,12:40,Kemahasiswaan,Internet/WiFi,Sedang,Form Online,62,7.2,1,Tidak,Sesuai SLA,4
TIK04940,2026-04-29,Rabu,12:45,Keuangan,Sistem Akademik,Sedang,WhatsApp,24,8.0,1,Tidak,Sesuai SLA,4
TIK04941,2026-04-29,Rabu,12:50,Program Studi,Internet/WiFi,Sedang,Form Online,89,14.3,1,Ya,Lewat SLA,3
TIK04942,2026-04-29,Rabu,12:50,Program Studi,Akun/Login,Rendah,Form Online,87,1.7,1,Tidak,Sesuai SLA,4
TIK04943,2026-04-29,Rabu,12:55,Keuangan,Internet/WiFi,Rendah,WhatsApp,47,8.9,2,Ya,Sesuai SLA,4
TIK04944,2026-04-29,Rabu,13:05,Akademik,Internet/WiFi,Tinggi,Datang Langsung,14,8.2,2,Tidak,Lewat SLA,4
TIK04945,2026-04-29,Rabu,13:15,Program Studi,Internet/WiFi,Rendah,WhatsApp,87,7.2,1,Tidak,Sesuai SLA,3
TIK04946,2026-04-29,Rabu,13:20,Akademik,Internet/WiFi,Tinggi,WhatsApp,32,7.5,2,Tidak,Lewat SLA,2
TIK04947,2026-04-29,Rabu,13:30,Perpustakaan,Akun/Login,Rendah,Form Online,54,1.2,1,Tidak,Sesuai SLA,5
TIK04948,2026-04-29,Rabu,14:05,Keuangan,Proyektor,Rendah,WhatsApp,72,4.7,2,Tidak,Sesuai SLA,5
TIK04949,2026-04-29,Rabu,14:45,Keuangan,Akun/Login,Sedang,Email,57,3.6,1,Tidak,Sesuai SLA,5
TIK04950,2026-04-29,Rabu,15:10,Laboratorium,Komputer/Laptop,Tinggi,Form Online,74,8.0,2,Tidak,Lewat SLA,4
TIK04951,2026-04-29,Rabu,15:25,Akademik,Printer,Sedang,WhatsApp,33,4.7,1,Tidak,Sesuai SLA,5
TIK04952,2026-04-29,Rabu,15:35,Keuangan,Internet/WiFi,Rendah,Form Online,66,9.3,1,Ya,Sesuai SLA,4
TIK04953,2026-04-29,Rabu,15:40,Keuangan,Internet/WiFi,Sedang,Datang Langsung,15,8.0,2,Tidak,Sesuai SLA,4
TIK04954,2026-04-30,Kamis,07:10,Perpustakaan,Komputer/Laptop,Rendah,Email,130,5.7,1,Tidak,Sesuai SLA,4
TIK04955,2026-04-30,Kamis,07:25,Umum,Akun/Login,Rendah,Form Online,64,2.1,1,Tidak,Sesuai SLA,5
TIK04956,2026-04-30,Kamis,07:25,Laboratorium,Proyektor,Sedang,Form Online,44,4.2,1,Tidak,Sesuai SLA,4
TIK04957,2026-04-30,Kamis,07:50,Umum,Internet/WiFi,Sedang,Form Online,46,6.7,1,Tidak,Sesuai SLA,4
TIK04958,2026-04-30,Kamis,07:55,Keuangan,Internet/WiFi,Sedang,WhatsApp,30,6.8,2,Tidak,Sesuai SLA,5
TIK04959,2026-04-30,Kamis,07:55,Keuangan,Akun/Login,Rendah,Datang Langsung,44,0.9,1,Tidak,Sesuai SLA,5
TIK04960,2026-04-30,Kamis,08:00,Akademik,Komputer/Laptop,Rendah,Email,85,6.8,1,Tidak,Sesuai SLA,4
TIK04961,2026-04-30,Kamis,08:10,Laboratorium,Proyektor,Sedang,WhatsApp,34,2.9,2,Tidak,Sesuai SLA,5
TIK04962,2026-04-30,Kamis,08:25,Akademik,Internet/WiFi,Rendah,Datang Langsung,42,8.7,1,Tidak,Sesuai SLA,4
TIK04963,2026-04-30,Kamis,08:25,Umum,Komputer/Laptop,Tinggi,WhatsApp,26,5.4,3,Tidak,Sesuai SLA,5
TIK04964,2026-04-30,Kamis,08:30,Akademik,Akun/Login,Rendah,WhatsApp,57,3.5,1,Tidak,Sesuai SLA,5
TIK04965,2026-04-30,Kamis,09:05,Laboratorium,Printer,Sedang,Datang Langsung,33,2.6,1,Tidak,Sesuai SLA,5
TIK04966,2026-04-30,Kamis,09:15,Kemahasiswaan,Sistem Akademik,Tinggi,WhatsApp,33,10.8,2,Ya,Lewat SLA,2
TIK04967,2026-04-30,Kamis,09:35,Akademik,Internet/WiFi,Sedang,WhatsApp,56,6.9,2,Tidak,Sesuai SLA,4
TIK04968,2026-04-30,Kamis,09:35,Kemahasiswaan,Akun/Login,Sedang,WhatsApp,32,2.7,1,Tidak,Sesuai SLA,4
TIK04969,2026-04-30,Kamis,09:50,Program Studi,Sistem Akademik,Sedang,Form Online,84,9.4,2,Tidak,Sesuai SLA,4
TIK04970,2026-04-30,Kamis,10:05,Umum,Sistem Akademik,Sedang,Form Online,87,7.5,2,Tidak,Sesuai SLA,3
TIK04971,2026-04-30,Kamis,10:05,Keuangan,Sistem Akademik,Rendah,WhatsApp,51,7.7,1,Tidak,Sesuai SLA,5
TIK04972,2026-04-30,Kamis,10:10,Laboratorium,Akun/Login,Sedang,WhatsApp,36,1.9,1,Tidak,Sesuai SLA,5
TIK04973,2026-04-30,Kamis,10:15,Laboratorium,Komputer/Laptop,Sedang,Form Online,70,8.7,1,Ya,Sesuai SLA,4
TIK04974,2026-04-30,Kamis,10:20,Program Studi,Akun/Login,Rendah,WhatsApp,55,2.0,2,Tidak,Sesuai SLA,4
TIK04975,2026-04-30,Kamis,10:25,Laboratorium,Komputer/Laptop,Sedang,Datang Langsung,54,8.1,1,Ya,Sesuai SLA,3
TIK04976,2026-04-30,Kamis,10:30,Akademik,Printer,Tinggi,Form Online,41,5.4,2,Tidak,Sesuai SLA,4
TIK04977,2026-04-30,Kamis,10:35,Akademik,Komputer/Laptop,Rendah,WhatsApp,32,5.8,1,Tidak,Sesuai SLA,4
TIK04978,2026-04-30,Kamis,10:40,Keuangan,Internet/WiFi,Rendah,Email,76,8.2,1,Tidak,Sesuai SLA,3
TIK04979,2026-04-30,Kamis,10:55,Akademik,Sistem Akademik,Rendah,Form Online,59,9.7,1,Tidak,Sesuai SLA,4
TIK04980,2026-04-30,Kamis,11:15,Program Studi,Internet/WiFi,Rendah,WhatsApp,64,11.3,2,Tidak,Sesuai SLA,3
TIK04981,2026-04-30,Kamis,11:15,Perpustakaan,Akun/Login,Sedang,Form Online,53,3.0,1,Tidak,Sesuai SLA,4
TIK04982,2026-04-30,Kamis,11:20,Keuangan,Printer,Rendah,WhatsApp,36,6.9,1,Tidak,Sesuai SLA,3
TIK04983,2026-04-30,Kamis,11:20,Laboratorium,Sistem Akademik,Rendah,Datang Langsung,46,7.7,1,Tidak,Sesuai SLA,4
TIK04984,2026-04-30,Kamis,11:50,Laboratorium,Internet/WiFi,Sedang,WhatsApp,47,6.0,1,Tidak,Sesuai SLA,4
TIK04985,2026-04-30,Kamis,12:10,Program Studi,Printer,Sedang,Datang Langsung,28,4.7,2,Tidak,Sesuai SLA,5
TIK04986,2026-04-30,Kamis,12:15,Keuangan,Internet/WiFi,Sedang,WhatsApp,33,6.1,1,Tidak,Sesuai SLA,4
TIK04987,2026-04-30,Kamis,12:15,Keuangan,Akun/Login,Rendah,WhatsApp,34,4.3,1,Tidak,Sesuai SLA,4
TIK04988,2026-04-30,Kamis,12:35,Program Studi,Sistem Akademik,Sedang,Email,96,15.1,2,Ya,Lewat SLA,2
TIK04989,2026-04-30,Kamis,12:50,Program Studi,Sistem Akademik,Sedang,WhatsApp,59,11.5,1,Tidak,Lewat SLA,3
TIK04990,2026-04-30,Kamis,12:50,Umum,Printer,Rendah,WhatsApp,72,2.4,1,Tidak,Sesuai SLA,4
TIK04991,2026-04-30,Kamis,13:05,Akademik,Komputer/Laptop,Sedang,Email,77,7.5,1,Tidak,Sesuai SLA,5
TIK04992,2026-04-30,Kamis,13:25,Laboratorium,Komputer/Laptop,Sedang,WhatsApp,35,4.9,1,Tidak,Sesuai SLA,3
TIK04993,2026-04-30,Kamis,13:30,Akademik,Akun/Login,Sedang,WhatsApp,25,4.9,1,Tidak,Sesuai SLA,4
TIK04994,2026-04-30,Kamis,13:30,Perpustakaan,Akun/Login,Sedang,Email,66,5.5,1,Ya,Sesuai SLA,3
TIK04995,2026-04-30,Kamis,13:35,Perpustakaan,Proyektor,Sedang,WhatsApp,21,3.8,1,Tidak,Sesuai SLA,5
TIK04996,2026-04-30,Kamis,13:55,Keuangan,Internet/WiFi,Sedang,Form Online,46,9.7,2,Tidak,Sesuai SLA,4
TIK04997,2026-04-30,Kamis,14:25,Laboratorium,Akun/Login,Tinggi,WhatsApp,23,5.7,1,Ya,Sesuai SLA,4
TIK04998,2026-04-30,Kamis,15:00,Laboratorium,Internet/WiFi,Rendah,Form Online,69,6.2,2,Tidak,Sesuai SLA,5
TIK04999,2026-04-30,Kamis,15:45,Laboratorium,Printer,Sedang,Form Online,60,4.5,1,Tidak,Sesuai SLA,4
TIK05000,2026-04-30,Kamis,17:20,Program Studi,Printer,Rendah,Email,88,7.4,1,Tidak,Sesuai SLA,3
