id_mahasiswa,semester,kelas,jenis_kelamin,kehadiran_persen,tugas_rata,kuis_rata,nilai_uts,akses_lms,forum_posts,jam_belajar_per_minggu,jumlah_terlambat_tugas,ikut_bimbingan,nilai_uas,nilai_akhir,status_lulus
MHS00001,3,SI-C,P,93.0,100.0,86.8,100.0,40,5,11.5,1,Ya,85.1,92.9,Lulus
MHS00002,6,SI-A,L,79.9,68.4,65.8,56.2,44,6,7.7,1,Tidak,61.6,62.8,Lulus
MHS00003,5,SI-A,L,85.7,59.9,50.3,59.8,34,2,3.2,1,Tidak,48.4,54.5,Tidak Lulus
MHS00004,4,SI-D,L,79.0,52.3,61.5,65.2,35,4,6.1,1,Tidak,56.7,58.7,Tidak Lulus
MHS00005,1,SI-C,L,57.0,30.0,31.8,20.0,36,5,3.1,4,Tidak,21.4,25.3,Tidak Lulus
MHS00006,1,SI-B,L,67.7,91.0,84.1,79.4,51,4,8.4,3,Ya,62.5,78.2,Lulus
MHS00007,1,SI-D,P,86.1,72.3,69.3,68.3,41,2,2.4,0,Ya,64.7,68.4,Lulus
MHS00008,5,SI-C,L,80.0,67.1,78.1,70.8,44,4,5.6,2,Tidak,65.6,69.8,Lulus
MHS00009,4,SI-C,P,92.2,76.0,64.8,50.2,31,4,3.5,2,Ya,56.9,61.6,Lulus
MHS00010,4,SI-B,P,82.8,58.8,51.6,63.0,44,1,6.9,1,Tidak,61.5,59.2,Tidak Lulus
MHS00011,1,SI-D,L,66.4,57.6,56.4,48.3,41,1,5.4,4,Ya,44.0,51.0,Tidak Lulus
MHS00012,6,SI-C,L,68.4,84.9,42.6,46.6,52,5,7.0,2,Ya,54.0,57.6,Tidak Lulus
MHS00013,5,SI-C,L,79.2,98.0,75.9,79.9,44,3,6.6,1,Tidak,73.1,81.6,Lulus
MHS00014,2,SI-C,P,50.2,51.6,60.1,53.0,47,4,3.5,2,Tidak,38.4,49.7,Tidak Lulus
MHS00015,2,SI-B,P,98.1,73.5,63.6,68.0,44,5,8.4,2,Tidak,70.1,69.1,Lulus
MHS00016,2,SI-D,L,83.3,69.8,61.4,65.9,36,5,6.4,1,Tidak,55.5,62.9,Lulus
MHS00017,2,SI-D,L,92.7,84.7,70.0,70.0,31,2,3.5,0,Tidak,84.2,77.9,Lulus
MHS00018,3,SI-D,P,59.0,59.4,77.0,51.2,53,8,13.2,3,Tidak,71.1,64.4,Lulus
MHS00019,3,SI-D,L,92.9,100.0,90.8,83.2,42,7,7.9,1,Tidak,82.9,88.8,Lulus
MHS00020,2,SI-A,L,100.0,69.1,70.0,79.4,37,4,6.0,1,Tidak,73.8,73.3,Lulus
MHS00021,4,SI-A,P,62.1,78.1,95.9,84.6,37,4,10.7,1,Tidak,76.3,82.7,Lulus
MHS00022,1,SI-D,P,87.3,77.1,69.2,65.9,53,4,12.0,1,Tidak,74.5,71.9,Lulus
MHS00023,2,SI-B,P,78.0,56.5,49.6,53.6,34,3,6.1,3,Tidak,51.4,52.9,Tidak Lulus
MHS00024,3,SI-A,P,59.5,50.2,43.7,46.2,47,1,7.5,2,Tidak,45.5,46.5,Tidak Lulus
MHS00025,3,SI-C,P,83.9,71.7,67.3,67.7,47,3,3.5,1,Tidak,66.2,68.2,Lulus
MHS00026,5,SI-A,L,88.0,86.8,86.7,77.5,37,1,6.1,1,Ya,68.8,79.1,Lulus
MHS00027,2,SI-C,P,70.8,60.9,47.1,59.3,39,6,5.9,0,Tidak,57.3,56.7,Tidak Lulus
MHS00028,3,SI-D,P,92.0,95.7,74.9,72.4,35,2,7.1,2,Tidak,65.3,76.6,Lulus
MHS00029,4,SI-A,P,58.0,66.9,67.8,64.2,48,2,7.5,4,Tidak,53.6,62.4,Lulus
MHS00030,1,SI-B,L,60.1,69.4,76.8,58.3,43,3,8.2,2,Tidak,62.2,65.9,Lulus
MHS00031,4,SI-A,L,79.6,72.9,66.0,67.8,37,2,7.2,0,Tidak,65.9,68.1,Lulus
MHS00032,1,SI-A,L,78.3,64.8,66.0,65.0,53,3,2.9,1,Tidak,62.8,64.5,Lulus
MHS00033,1,SI-A,L,69.4,52.4,40.6,46.6,31,0,3.7,2,Tidak,39.7,44.8,Tidak Lulus
MHS00034,6,SI-D,L,87.7,77.4,75.6,50.0,33,4,4.9,2,Ya,74.9,69.4,Lulus
MHS00035,6,SI-B,P,84.4,63.0,58.5,61.3,34,1,5.7,2,Tidak,56.6,59.8,Tidak Lulus
MHS00036,5,SI-A,P,88.3,99.2,74.8,84.2,49,2,9.7,1,Tidak,71.6,82.3,Lulus
MHS00037,2,SI-B,L,76.5,57.6,45.9,54.1,33,5,3.0,0,Tidak,46.8,51.1,Tidak Lulus
MHS00038,1,SI-D,P,85.2,74.7,94.4,83.1,38,3,5.4,1,Tidak,75.3,80.9,Lulus
MHS00039,4,SI-C,L,72.7,92.3,72.3,82.5,51,5,9.4,0,Tidak,84.4,83.5,Lulus
MHS00040,3,SI-A,L,100.0,77.6,76.2,68.2,32,2,5.6,1,Tidak,71.1,73.0,Lulus
MHS00041,1,SI-B,L,68.2,62.8,54.9,37.8,51,4,7.9,5,Tidak,43.9,49.3,Tidak Lulus
MHS00042,3,SI-B,L,100.0,88.0,100.0,76.7,47,4,6.1,0,Tidak,74.1,83.4,Lulus
MHS00043,1,SI-D,L,78.4,85.7,71.6,68.2,42,3,7.3,3,Ya,78.5,76.3,Lulus
MHS00044,6,SI-A,L,61.5,59.7,73.5,63.8,46,7,5.8,1,Tidak,48.0,60.0,Lulus
MHS00045,2,SI-C,L,94.4,73.4,75.6,73.4,41,4,8.5,0,Tidak,62.0,70.4,Lulus
MHS00046,4,SI-B,P,79.5,89.9,73.4,57.1,24,6,1.9,1,Tidak,58.4,69.0,Lulus
MHS00047,2,SI-A,L,88.2,59.1,71.3,66.7,32,1,5.4,1,Tidak,63.3,64.7,Lulus
MHS00048,3,SI-C,P,92.7,91.1,87.5,79.4,51,5,7.4,2,Tidak,74.4,82.4,Lulus
MHS00049,4,SI-B,P,82.1,72.9,80.3,73.8,36,1,8.1,0,Tidak,63.9,71.9,Lulus
MHS00050,2,SI-B,P,70.9,74.2,72.8,83.9,48,2,11.0,0,Tidak,64.6,73.5,Lulus
MHS00051,6,SI-C,P,89.7,78.2,64.8,74.9,37,1,5.3,0,Tidak,79.0,74.9,Lulus
MHS00052,5,SI-C,L,78.0,80.1,67.4,68.5,49,4,10.9,1,Tidak,70.2,71.7,Lulus
MHS00053,6,SI-D,L,86.2,71.4,46.2,46.9,31,3,4.5,1,Ya,60.6,57.0,Tidak Lulus
MHS00054,6,SI-A,P,52.2,95.2,70.5,78.4,54,2,10.5,1,Tidak,81.2,81.9,Lulus
MHS00055,4,SI-A,L,83.4,70.5,70.4,55.3,51,2,9.0,0,Ya,80.5,69.7,Lulus
MHS00056,6,SI-D,P,70.3,63.1,81.6,62.3,30,2,3.8,0,Tidak,51.3,63.1,Lulus
MHS00057,1,SI-B,P,97.8,70.0,69.3,58.2,47,1,7.4,3,Tidak,62.1,64.5,Lulus
MHS00058,2,SI-C,P,85.5,67.6,62.9,61.4,45,3,6.3,0,Tidak,67.5,65.1,Lulus
MHS00059,1,SI-C,P,80.9,85.1,84.3,75.0,47,3,8.4,1,Ya,75.5,79.5,Lulus
MHS00060,2,SI-C,P,83.8,77.6,54.6,50.6,40,3,5.8,2,Tidak,50.3,58.1,Tidak Lulus
MHS00061,3,SI-B,P,66.0,74.0,50.2,33.3,41,3,5.6,3,Tidak,24.1,44.1,Tidak Lulus
MHS00062,2,SI-C,L,97.5,87.0,69.8,70.2,43,9,10.6,0,Tidak,88.7,79.9,Lulus
MHS00063,5,SI-C,P,100.0,86.4,81.7,68.7,35,8,6.2,0,Tidak,90.4,82.2,Lulus
MHS00064,2,SI-D,L,82.7,77.8,81.0,65.9,44,1,9.0,1,Tidak,72.2,73.8,Lulus
MHS00065,2,SI-B,L,97.1,65.6,62.8,60.9,37,3,5.8,3,Tidak,57.7,61.5,Lulus
MHS00066,4,SI-A,P,71.2,92.1,72.9,85.4,49,6,11.5,1,Tidak,71.9,80.5,Lulus
MHS00067,1,SI-D,L,68.4,48.6,53.3,43.9,35,3,4.5,2,Tidak,42.5,46.5,Tidak Lulus
MHS00068,5,SI-D,L,78.5,78.4,71.0,60.7,47,1,4.7,2,Tidak,67.6,69.3,Lulus
MHS00069,1,SI-A,L,83.2,95.3,100.0,85.4,59,2,11.1,1,Tidak,86.9,91.2,Lulus
MHS00070,6,SI-D,P,73.3,74.5,71.0,69.5,38,7,5.2,1,Tidak,48.1,64.6,Lulus
MHS00071,5,SI-B,L,84.5,66.3,66.9,71.1,48,4,11.3,2,Tidak,76.6,70.7,Lulus
MHS00072,2,SI-C,P,81.7,63.7,52.3,42.1,49,3,9.2,3,Tidak,54.9,53.4,Tidak Lulus
MHS00073,1,SI-B,L,66.0,68.8,55.4,42.9,37,6,6.0,5,Tidak,35.7,49.7,Tidak Lulus
MHS00074,5,SI-A,P,84.2,51.2,47.9,60.2,38,2,1.1,0,Tidak,54.1,53.7,Tidak Lulus
MHS00075,4,SI-A,P,88.4,83.1,79.9,71.1,42,2,6.4,0,Tidak,72.6,76.3,Lulus
MHS00076,5,SI-D,L,80.1,82.1,93.9,84.7,36,2,6.8,1,Ya,77.0,83.6,Lulus
MHS00077,5,SI-B,L,91.8,88.8,75.6,83.1,50,4,10.0,1,Tidak,70.9,79.4,Lulus
MHS00078,1,SI-B,L,63.4,80.5,76.0,51.3,56,3,11.3,1,Tidak,60.1,66.2,Lulus
MHS00079,2,SI-A,P,83.6,69.2,63.3,50.2,30,3,4.4,0,Tidak,45.3,56.1,Tidak Lulus
MHS00080,1,SI-B,P,64.0,72.5,75.2,59.2,39,6,8.9,4,Ya,66.6,67.9,Lulus
MHS00081,5,SI-A,P,64.6,63.5,60.7,62.6,49,4,8.8,0,Ya,54.9,60.1,Lulus
MHS00082,4,SI-B,L,70.4,77.3,64.1,62.8,52,2,9.7,1,Ya,71.8,69.4,Lulus
MHS00083,2,SI-B,P,66.7,49.2,63.4,51.6,39,3,8.0,3,Tidak,50.5,53.0,Tidak Lulus
MHS00084,1,SI-B,P,71.4,64.7,62.1,54.1,31,7,0.7,2,Ya,49.3,56.9,Tidak Lulus
MHS00085,2,SI-A,P,75.4,71.5,66.2,63.3,41,4,6.0,0,Tidak,56.3,63.8,Lulus
MHS00086,2,SI-D,P,88.0,68.5,66.2,64.1,34,2,3.0,0,Tidak,61.8,64.9,Lulus
MHS00087,5,SI-B,L,74.1,58.7,67.3,39.5,38,3,5.9,2,Tidak,55.7,54.7,Tidak Lulus
MHS00088,4,SI-A,L,59.0,55.1,41.4,44.7,49,3,9.4,2,Tidak,48.7,47.8,Tidak Lulus
MHS00089,6,SI-A,P,91.7,78.6,78.9,72.8,38,3,7.4,0,Tidak,76.2,76.5,Lulus
MHS00090,3,SI-B,P,68.0,70.1,63.1,53.8,45,5,9.9,1,Ya,59.6,61.5,Lulus
MHS00091,1,SI-B,P,77.3,74.4,89.6,67.2,38,6,7.5,1,Ya,76.7,76.3,Lulus
MHS00092,5,SI-D,L,83.4,51.4,54.0,39.9,35,1,2.6,1,Tidak,33.6,43.7,Tidak Lulus
MHS00093,5,SI-A,L,80.4,69.6,69.2,64.8,26,8,0.0,0,Tidak,62.1,66.1,Lulus
MHS00094,4,SI-A,L,91.1,83.2,81.2,67.6,42,1,6.9,0,Tidak,71.1,75.3,Lulus
MHS00095,5,SI-C,L,83.7,78.9,90.2,75.4,37,3,5.9,0,Tidak,63.5,75.7,Lulus
MHS00096,3,SI-A,P,67.7,80.4,52.2,52.7,43,3,3.6,1,Tidak,49.7,58.6,Tidak Lulus
MHS00097,3,SI-D,P,100.0,56.9,53.7,55.1,23,2,1.4,2,Tidak,62.3,57.4,Tidak Lulus
MHS00098,3,SI-C,L,80.3,61.5,47.3,62.3,42,1,4.3,0,Tidak,57.6,57.7,Tidak Lulus
MHS00099,1,SI-C,L,76.2,57.4,52.4,48.8,46,5,5.9,1,Ya,60.4,55.2,Tidak Lulus
MHS00100,1,SI-C,L,89.6,78.5,73.8,71.8,39,3,8.5,1,Tidak,66.3,72.2,Lulus
MHS00101,1,SI-B,L,81.0,66.3,60.1,66.7,45,4,7.1,1,Tidak,48.9,59.9,Tidak Lulus
MHS00102,4,SI-B,P,82.8,91.9,86.0,81.7,56,9,11.3,1,Ya,95.5,89.2,Lulus
MHS00103,2,SI-A,P,100.0,67.4,54.0,56.8,40,2,3.4,0,Tidak,54.5,58.2,Tidak Lulus
MHS00104,3,SI-C,L,74.7,96.7,85.8,63.2,54,3,9.1,3,Ya,68.2,77.6,Lulus
MHS00105,6,SI-D,P,74.2,76.4,63.9,55.5,52,3,6.6,2,Ya,50.1,60.8,Lulus
MHS00106,2,SI-B,P,79.4,100.0,77.0,79.3,40,5,8.6,0,Tidak,87.0,86.3,Lulus
MHS00107,3,SI-D,P,90.9,48.0,46.9,49.6,37,2,5.2,4,Tidak,46.0,47.6,Tidak Lulus
MHS00108,5,SI-D,L,59.9,65.7,73.5,61.8,41,3,9.7,6,Tidak,47.7,60.9,Lulus
MHS00109,2,SI-B,P,54.4,49.9,47.7,40.5,39,5,7.4,4,Tidak,40.6,44.3,Tidak Lulus
MHS00110,1,SI-B,L,71.0,78.2,55.9,53.8,46,3,4.5,0,Tidak,53.6,60.3,Lulus
MHS00111,2,SI-B,L,58.4,81.0,65.9,45.8,39,3,6.5,4,Ya,45.6,58.6,Tidak Lulus
MHS00112,1,SI-B,L,72.9,67.4,57.0,49.4,39,2,5.8,0,Ya,47.4,54.8,Tidak Lulus
MHS00113,6,SI-C,L,84.0,60.7,68.7,56.2,46,1,8.0,1,Ya,51.6,58.4,Tidak Lulus
MHS00114,5,SI-C,L,67.3,59.2,42.6,59.1,40,3,3.0,0,Tidak,55.7,54.8,Tidak Lulus
MHS00115,4,SI-C,L,60.9,69.3,56.9,45.1,50,2,6.4,2,Ya,58.6,57.6,Tidak Lulus
MHS00116,6,SI-C,L,78.8,60.0,34.9,41.7,47,3,7.7,1,Tidak,35.6,43.1,Tidak Lulus
MHS00117,5,SI-A,P,88.4,86.2,69.9,67.0,38,2,6.6,0,Tidak,68.3,72.8,Lulus
MHS00118,2,SI-C,P,57.7,66.4,73.8,70.1,53,3,10.5,2,Ya,62.3,67.6,Lulus
MHS00119,6,SI-B,L,87.8,79.6,73.5,76.3,52,6,8.8,1,Ya,71.3,75.1,Lulus
MHS00120,3,SI-D,P,87.8,70.0,64.9,62.3,44,5,6.5,2,Tidak,55.7,62.8,Lulus
MHS00121,5,SI-C,P,89.4,60.3,60.4,49.8,36,3,7.2,1,Tidak,56.8,56.6,Tidak Lulus
MHS00122,6,SI-A,P,92.6,79.1,65.6,67.6,42,1,7.4,2,Tidak,59.2,67.6,Lulus
MHS00123,2,SI-B,L,100.0,76.5,71.5,80.1,40,3,7.7,0,Tidak,74.8,75.9,Lulus
MHS00124,1,SI-D,P,73.7,73.1,58.1,67.6,25,1,1.0,0,Tidak,46.8,60.8,Lulus
MHS00125,2,SI-D,P,79.3,54.3,38.8,32.1,49,1,5.6,0,Tidak,39.9,41.3,Tidak Lulus
MHS00126,3,SI-C,P,73.0,71.9,53.3,48.8,34,1,2.0,0,Tidak,47.7,55.1,Tidak Lulus
MHS00127,5,SI-D,L,78.0,76.0,76.7,69.6,55,5,10.3,2,Tidak,65.6,71.4,Lulus
MHS00128,5,SI-C,L,96.4,50.6,78.9,76.2,41,4,6.3,1,Tidak,74.4,69.8,Lulus
MHS00129,1,SI-C,P,61.9,66.8,57.5,42.1,38,5,5.9,2,Tidak,42.9,51.6,Tidak Lulus
MHS00130,3,SI-B,L,67.7,88.7,91.8,66.3,51,3,9.2,1,Tidak,76.5,80.1,Lulus
MHS00131,3,SI-B,L,94.5,70.2,83.0,70.6,46,4,7.8,0,Tidak,52.0,67.4,Lulus
MHS00132,2,SI-A,L,90.2,72.9,53.4,47.8,41,2,3.1,1,Tidak,54.1,57.1,Tidak Lulus
MHS00133,1,SI-B,P,73.6,94.9,78.3,54.4,40,2,6.3,2,Tidak,47.1,67.1,Lulus
MHS00134,2,SI-B,P,88.3,74.5,60.4,78.8,38,4,5.5,2,Tidak,72.6,72.2,Lulus
MHS00135,6,SI-C,L,82.1,61.9,48.2,49.1,29,1,1.3,1,Tidak,60.3,55.5,Tidak Lulus
MHS00136,2,SI-B,P,96.0,66.0,62.2,57.5,35,1,4.4,1,Tidak,57.8,60.7,Lulus
MHS00137,3,SI-C,L,78.9,68.8,54.9,48.2,40,1,5.9,1,Tidak,64.1,59.5,Tidak Lulus
MHS00138,4,SI-C,P,90.3,85.0,80.4,73.4,35,4,6.2,1,Tidak,65.9,75.4,Lulus
MHS00139,3,SI-B,P,100.0,50.2,63.6,55.4,39,5,2.1,0,Tidak,65.1,58.6,Tidak Lulus
MHS00140,6,SI-A,P,85.2,90.3,73.8,80.4,51,3,10.0,1,Tidak,81.0,81.7,Lulus
MHS00141,6,SI-A,P,78.6,73.3,64.2,51.2,34,4,6.2,3,Tidak,52.4,59.7,Tidak Lulus
MHS00142,2,SI-D,L,86.7,66.3,72.8,63.2,39,3,6.6,3,Tidak,58.7,64.5,Lulus
MHS00143,3,SI-D,P,73.6,98.2,81.5,71.3,49,4,7.7,3,Ya,73.3,80.7,Lulus
MHS00144,2,SI-B,L,100.0,93.0,65.7,77.0,44,1,4.1,0,Tidak,74.3,77.9,Lulus
MHS00145,2,SI-A,P,80.2,53.4,78.5,61.1,45,4,7.9,2,Tidak,61.1,62.7,Lulus
MHS00146,1,SI-C,P,74.7,75.3,70.4,69.1,38,1,5.4,0,Ya,79.5,74.0,Lulus
MHS00147,4,SI-D,P,68.0,78.5,69.1,63.2,39,0,3.8,1,Tidak,69.9,70.2,Lulus
MHS00148,3,SI-C,L,91.2,90.6,75.5,79.4,56,4,8.2,3,Tidak,78.8,81.2,Lulus
MHS00149,1,SI-D,P,88.4,100.0,100.0,90.7,52,5,11.0,2,Tidak,100.0,97.7,Lulus
MHS00150,2,SI-B,L,72.0,87.2,74.1,68.9,47,7,8.7,0,Tidak,63.6,72.9,Lulus
MHS00151,6,SI-A,L,84.9,100.0,92.8,95.8,52,2,9.3,1,Tidak,89.6,94.4,Lulus
MHS00152,2,SI-D,P,59.9,43.9,54.7,40.6,34,3,4.9,2,Tidak,44.1,45.3,Tidak Lulus
MHS00153,1,SI-A,L,80.2,61.5,49.5,64.8,31,1,1.7,0,Tidak,49.1,56.2,Tidak Lulus
MHS00154,3,SI-C,P,83.4,91.4,80.2,86.7,51,4,11.0,0,Tidak,95.9,89.3,Lulus
MHS00155,6,SI-B,L,98.5,89.0,92.6,89.8,51,5,12.7,2,Tidak,96.9,92.3,Lulus
MHS00156,2,SI-A,L,68.8,78.3,64.1,60.8,48,4,11.1,4,Ya,63.5,66.6,Lulus
MHS00157,4,SI-B,P,62.7,58.2,68.8,48.2,52,5,5.5,3,Tidak,42.9,53.2,Tidak Lulus
MHS00158,5,SI-A,L,67.3,40.4,31.9,36.3,32,1,3.0,4,Tidak,16.5,30.5,Tidak Lulus
MHS00159,2,SI-C,L,62.0,40.8,30.2,34.6,38,3,3.3,4,Tidak,19.9,30.9,Tidak Lulus
MHS00160,5,SI-C,P,94.0,58.9,48.0,54.5,30,5,1.4,0,Tidak,65.5,57.6,Tidak Lulus
MHS00161,3,SI-B,L,96.6,67.9,82.9,75.7,37,2,6.2,2,Tidak,65.6,72.2,Lulus
MHS00162,4,SI-C,P,81.8,79.2,84.8,83.2,58,1,11.3,1,Tidak,83.1,82.5,Lulus
MHS00163,4,SI-D,L,92.7,92.0,65.7,66.1,39,2,6.1,0,Tidak,72.2,74.3,Lulus
MHS00164,3,SI-A,P,79.6,71.4,52.4,51.7,31,5,7.4,3,Tidak,38.1,52.7,Tidak Lulus
MHS00165,1,SI-C,P,76.9,90.4,79.9,65.2,48,2,10.6,1,Tidak,68.2,75.3,Lulus
MHS00166,5,SI-D,P,74.0,63.3,61.5,58.3,36,3,5.3,3,Tidak,43.6,55.8,Tidak Lulus
MHS00167,2,SI-B,L,74.3,80.5,74.2,84.2,53,5,12.6,1,Tidak,80.3,80.1,Lulus
MHS00168,2,SI-D,P,59.4,100.0,87.3,65.6,58,6,12.5,2,Ya,80.8,83.1,Lulus
MHS00169,1,SI-B,P,81.2,83.8,78.8,66.4,40,6,6.1,0,Tidak,68.9,74.0,Lulus
MHS00170,4,SI-B,P,77.5,70.6,72.5,54.2,28,4,4.8,0,Ya,72.2,67.4,Lulus
MHS00171,4,SI-A,L,86.9,65.3,89.4,69.3,54,2,8.6,1,Tidak,76.6,74.5,Lulus
MHS00172,1,SI-A,P,79.1,49.3,52.1,35.9,35,6,5.5,1,Tidak,43.5,44.8,Tidak Lulus
MHS00173,3,SI-D,P,76.0,46.4,45.7,56.2,30,3,3.0,1,Tidak,48.7,49.4,Tidak Lulus
MHS00174,2,SI-A,L,67.5,76.9,61.9,68.0,48,5,10.3,2,Tidak,56.1,65.4,Lulus
MHS00175,4,SI-A,L,78.9,95.0,64.8,73.5,47,4,10.1,1,Tidak,69.0,75.8,Lulus
MHS00176,1,SI-A,P,86.9,75.9,57.0,70.3,46,3,7.0,2,Tidak,66.4,67.9,Lulus
MHS00177,4,SI-D,L,64.3,30.0,37.4,40.5,35,1,2.7,4,Tidak,26.8,33.1,Tidak Lulus
MHS00178,3,SI-C,P,79.0,37.9,48.8,45.3,33,2,2.8,2,Tidak,29.5,39.4,Tidak Lulus
MHS00179,6,SI-A,P,80.8,55.0,70.6,51.4,33,1,6.8,1,Ya,58.9,58.4,Tidak Lulus
MHS00180,1,SI-A,P,69.4,49.9,45.4,36.0,36,2,5.0,6,Tidak,29.0,39.3,Tidak Lulus
MHS00181,2,SI-D,L,70.9,67.8,62.6,59.7,39,1,5.5,0,Ya,52.6,60.2,Lulus
MHS00182,1,SI-C,L,80.8,87.1,70.1,64.6,52,3,9.6,2,Tidak,58.9,69.6,Lulus
MHS00183,6,SI-A,P,64.4,58.5,68.5,69.8,41,3,8.7,4,Tidak,50.7,61.0,Lulus
MHS00184,6,SI-B,L,82.2,90.2,81.2,80.2,49,5,10.6,0,Tidak,80.8,83.1,Lulus
MHS00185,2,SI-D,P,67.3,56.9,39.7,42.2,29,3,3.5,5,Tidak,31.8,42.3,Tidak Lulus
MHS00186,4,SI-A,L,90.8,86.1,64.5,77.0,46,2,5.5,1,Tidak,70.9,74.9,Lulus
MHS00187,5,SI-A,L,100.0,87.1,78.0,82.5,52,4,8.8,0,Tidak,79.3,81.8,Lulus
MHS00188,4,SI-B,L,67.7,69.8,56.5,56.3,37,3,7.8,1,Tidak,58.2,60.3,Lulus
MHS00189,3,SI-B,L,84.4,95.8,100.0,99.9,49,4,11.1,0,Tidak,88.2,95.4,Lulus
MHS00190,2,SI-D,P,69.3,70.4,79.8,67.0,48,2,7.8,4,Tidak,45.4,63.9,Lulus
MHS00191,1,SI-D,L,90.5,89.7,100.0,82.1,63,4,12.0,2,Tidak,74.7,85.4,Lulus
MHS00192,6,SI-B,L,62.8,61.4,53.9,54.6,39,2,8.1,2,Tidak,44.3,53.1,Tidak Lulus
MHS00193,6,SI-D,L,83.8,85.4,63.5,65.9,39,3,9.7,1,Ya,78.1,74.0,Lulus
MHS00194,4,SI-B,L,67.5,60.9,50.7,42.3,34,3,5.5,4,Tidak,33.5,46.0,Tidak Lulus
MHS00195,2,SI-A,L,75.5,78.3,54.5,66.0,33,5,6.5,2,Ya,63.3,66.0,Lulus
MHS00196,2,SI-B,P,65.6,62.7,51.7,49.0,48,5,9.2,3,Ya,54.0,54.5,Tidak Lulus
MHS00197,5,SI-B,L,87.9,91.7,92.5,77.8,53,5,11.3,1,Tidak,72.9,82.7,Lulus
MHS00198,6,SI-C,L,68.0,91.6,82.3,72.6,37,3,8.7,3,Tidak,63.3,76.5,Lulus
MHS00199,6,SI-B,L,84.6,59.1,72.6,72.9,33,3,6.3,1,Tidak,63.0,66.4,Lulus
MHS00200,5,SI-B,P,73.9,80.9,71.1,53.0,53,4,10.6,1,Ya,64.5,67.0,Lulus
MHS00201,4,SI-C,L,76.6,61.2,58.8,49.2,29,2,0.0,0,Ya,54.7,55.8,Tidak Lulus
MHS00202,1,SI-D,L,79.8,48.9,40.5,24.0,28,1,2.2,5,Tidak,31.9,35.9,Tidak Lulus
MHS00203,1,SI-C,P,68.9,89.3,72.7,42.7,50,4,8.5,1,Tidak,62.1,66.2,Lulus
MHS00204,6,SI-A,P,80.5,100.0,80.6,78.3,44,1,6.5,0,Tidak,80.9,85.0,Lulus
MHS00205,4,SI-C,L,96.4,90.4,96.4,75.7,45,3,8.3,0,Tidak,81.4,85.2,Lulus
MHS00206,1,SI-A,L,68.7,45.6,51.1,53.7,37,1,6.7,3,Tidak,42.5,47.8,Tidak Lulus
MHS00207,1,SI-D,P,92.1,80.0,82.5,65.6,51,4,8.2,2,Tidak,72.1,74.5,Lulus
MHS00208,4,SI-C,L,96.0,65.6,61.4,67.1,37,2,4.1,2,Tidak,51.2,60.8,Lulus
MHS00209,1,SI-C,P,68.2,81.6,74.6,68.0,43,4,8.2,3,Tidak,65.2,71.9,Lulus
MHS00210,1,SI-D,P,60.5,90.0,75.2,59.5,52,5,9.5,3,Ya,59.5,70.3,Lulus
MHS00211,4,SI-A,L,81.6,76.5,71.7,64.1,47,6,10.2,3,Tidak,63.2,68.4,Lulus
MHS00212,4,SI-C,L,71.4,85.3,100.0,83.1,55,3,12.5,1,Tidak,82.4,86.8,Lulus
MHS00213,4,SI-A,L,100.0,60.9,75.4,73.5,49,2,7.2,2,Tidak,69.5,69.5,Lulus
MHS00214,2,SI-C,P,78.4,83.0,70.4,78.6,41,6,7.3,2,Tidak,58.0,71.9,Lulus
MHS00215,5,SI-B,L,68.4,63.0,70.3,55.7,29,2,1.9,4,Ya,37.2,54.9,Tidak Lulus
MHS00216,2,SI-C,L,64.2,71.8,48.9,48.2,38,1,4.9,5,Ya,35.3,50.4,Tidak Lulus
MHS00217,2,SI-D,P,91.1,91.5,77.0,76.9,45,1,5.9,0,Ya,77.8,80.8,Lulus
MHS00218,5,SI-D,P,71.1,74.4,69.1,64.1,46,5,9.7,1,Tidak,72.8,70.3,Lulus
MHS00219,4,SI-A,L,78.5,68.1,63.3,58.3,45,2,4.7,0,Tidak,54.6,60.6,Lulus
MHS00220,5,SI-C,P,89.5,78.9,91.2,72.8,50,3,8.9,0,Tidak,69.6,77.0,Lulus
MHS00221,4,SI-A,L,72.2,81.8,79.4,72.7,36,5,6.5,1,Ya,62.7,73.3,Lulus
MHS00222,4,SI-A,L,77.4,58.7,70.1,56.0,45,7,6.0,0,Ya,65.8,62.4,Lulus
MHS00223,1,SI-B,L,77.8,81.2,67.9,69.9,46,3,7.2,0,Tidak,74.4,73.7,Lulus
MHS00224,3,SI-B,L,86.2,66.5,45.5,55.1,34,4,5.3,2,Tidak,59.4,57.3,Tidak Lulus
MHS00225,2,SI-D,L,85.1,68.1,61.0,67.2,35,2,5.2,1,Tidak,54.4,62.3,Lulus
MHS00226,2,SI-A,L,75.4,56.0,45.7,51.7,30,3,1.4,0,Tidak,35.8,46.8,Tidak Lulus
MHS00227,6,SI-D,P,78.8,67.3,41.8,49.0,42,1,5.8,0,Tidak,51.7,52.9,Tidak Lulus
MHS00228,3,SI-C,P,73.5,63.2,70.9,52.5,39,1,5.1,1,Ya,65.9,62.9,Lulus
MHS00229,6,SI-A,P,60.3,47.8,43.2,49.2,40,0,5.0,4,Tidak,37.1,44.0,Tidak Lulus
MHS00230,4,SI-A,L,81.1,63.8,42.3,50.7,45,4,7.8,2,Tidak,41.8,49.6,Tidak Lulus
MHS00231,5,SI-C,L,100.0,75.5,75.1,87.3,40,5,8.5,0,Tidak,78.1,79.1,Lulus
MHS00232,3,SI-C,L,67.4,68.4,64.6,38.2,39,1,7.2,2,Tidak,40.5,51.7,Tidak Lulus
MHS00233,4,SI-D,P,68.7,51.7,66.1,58.9,56,1,9.5,2,Ya,57.4,58.1,Tidak Lulus
MHS00234,3,SI-D,P,67.6,69.6,68.7,68.5,50,2,8.2,2,Ya,60.6,66.4,Lulus
MHS00235,2,SI-C,L,86.7,82.7,73.2,72.6,43,3,5.6,0,Tidak,67.9,73.8,Lulus
MHS00236,5,SI-D,L,83.4,63.6,69.1,66.2,48,1,5.1,0,Tidak,56.8,63.3,Lulus
MHS00237,2,SI-C,L,76.1,95.9,74.7,78.9,36,3,7.4,0,Tidak,75.6,81.3,Lulus
MHS00238,1,SI-A,L,67.0,79.6,77.4,72.5,44,6,8.2,3,Tidak,71.7,75.0,Lulus
MHS00239,4,SI-A,L,79.1,84.3,90.6,83.7,45,3,10.7,1,Tidak,87.8,86.5,Lulus
MHS00240,1,SI-B,P,59.2,73.5,51.0,66.7,54,3,10.1,1,Ya,62.6,64.0,Lulus
MHS00241,6,SI-A,P,79.7,55.2,55.8,51.7,39,4,4.9,1,Tidak,60.2,55.9,Tidak Lulus
MHS00242,6,SI-C,L,88.5,74.0,78.6,85.8,37,3,6.2,0,Tidak,65.6,75.4,Lulus
MHS00243,6,SI-D,L,63.0,89.7,85.0,65.6,43,5,8.5,0,Tidak,66.9,75.9,Lulus
MHS00244,3,SI-B,P,59.6,69.3,76.6,68.7,42,4,9.7,4,Tidak,49.3,64.6,Lulus
MHS00245,1,SI-D,L,97.0,91.1,100.0,90.5,45,3,9.3,1,Tidak,81.6,89.9,Lulus
MHS00246,6,SI-C,L,70.7,67.7,57.7,73.5,41,8,6.3,3,Tidak,50.4,62.0,Lulus
MHS00247,3,SI-A,L,91.6,66.1,37.1,54.3,25,1,2.7,2,Tidak,58.7,55.1,Tidak Lulus
MHS00248,6,SI-B,L,76.2,59.2,56.3,59.1,33,4,3.5,2,Ya,49.9,55.8,Tidak Lulus
MHS00249,6,SI-C,L,76.1,89.8,85.9,63.4,40,2,7.3,0,Tidak,68.3,76.0,Lulus
MHS00250,5,SI-B,P,83.3,77.7,62.0,74.0,47,4,7.5,0,Ya,59.9,68.3,Lulus
MHS00251,2,SI-B,L,67.4,89.7,80.8,70.8,43,0,3.2,1,Ya,50.8,71.5,Lulus
MHS00252,3,SI-A,L,79.6,72.7,80.2,76.7,41,3,6.6,0,Tidak,80.7,77.6,Lulus
MHS00253,5,SI-C,P,73.4,69.9,82.7,60.6,42,2,8.4,2,Ya,61.1,67.5,Lulus
MHS00254,2,SI-D,L,62.2,55.9,49.2,43.7,38,8,3.0,1,Tidak,60.8,53.0,Tidak Lulus
MHS00255,1,SI-B,P,82.0,68.3,58.7,64.0,56,3,9.8,2,Tidak,59.8,62.8,Lulus
MHS00256,4,SI-B,P,74.8,75.7,91.0,71.5,38,1,5.4,1,Tidak,56.3,71.9,Lulus
MHS00257,6,SI-D,L,76.1,76.8,77.1,72.2,44,6,10.3,2,Ya,70.8,73.9,Lulus
MHS00258,4,SI-C,P,63.5,54.1,46.7,48.1,34,3,4.9,2,Ya,44.5,48.2,Tidak Lulus
MHS00259,4,SI-B,L,97.1,66.6,73.0,62.5,32,1,3.4,2,Tidak,60.1,64.9,Lulus
MHS00260,1,SI-B,P,88.5,66.6,57.8,59.5,47,0,5.1,1,Tidak,56.3,60.0,Lulus
MHS00261,4,SI-B,L,89.6,64.9,89.7,68.4,39,4,6.2,0,Tidak,59.0,69.0,Lulus
MHS00262,6,SI-C,P,74.3,76.6,70.6,87.0,40,4,5.3,1,Tidak,56.1,71.8,Lulus
MHS00263,1,SI-C,P,57.2,79.4,80.6,69.2,31,2,5.9,0,Tidak,69.1,74.0,Lulus
MHS00264,3,SI-D,L,100.0,92.1,91.9,98.3,42,3,7.5,1,Tidak,98.6,95.6,Lulus
MHS00265,6,SI-C,L,77.3,63.6,69.5,54.2,37,5,6.0,1,Ya,57.6,60.6,Lulus
MHS00266,5,SI-C,P,69.0,67.0,48.7,51.1,48,4,6.3,3,Tidak,34.9,49.7,Tidak Lulus
MHS00267,4,SI-A,P,83.0,81.5,56.0,56.9,33,5,1.4,1,Tidak,65.3,65.4,Lulus
MHS00268,4,SI-D,L,92.0,68.8,42.9,61.4,36,7,7.7,2,Ya,55.5,57.8,Tidak Lulus
MHS00269,2,SI-B,P,77.7,86.4,88.4,77.9,32,2,6.2,0,Tidak,74.1,81.0,Lulus
MHS00270,2,SI-C,L,93.3,92.5,98.0,78.4,51,4,11.3,1,Tidak,79.8,86.3,Lulus
MHS00271,5,SI-B,L,91.0,70.4,77.7,73.9,28,1,3.7,0,Tidak,62.2,70.3,Lulus
MHS00272,5,SI-B,L,65.1,46.7,41.3,42.9,32,2,1.1,2,Tidak,28.4,39.2,Tidak Lulus
MHS00273,5,SI-A,L,69.9,73.2,75.8,68.1,45,3,8.4,2,Tidak,71.2,71.8,Lulus
MHS00274,6,SI-C,P,89.5,68.7,60.9,74.1,41,4,7.5,1,Tidak,68.5,68.4,Lulus
MHS00275,3,SI-D,L,45.4,53.9,41.0,46.8,44,2,3.5,2,Tidak,37.0,44.5,Tidak Lulus
MHS00276,3,SI-C,P,76.2,68.6,45.4,64.0,23,1,1.9,2,Tidak,47.7,56.5,Tidak Lulus
MHS00277,5,SI-B,L,60.8,63.3,50.4,54.3,46,3,11.1,4,Tidak,49.5,54.3,Tidak Lulus
MHS00278,4,SI-D,L,72.3,82.2,81.9,80.9,51,2,10.7,1,Tidak,63.4,76.2,Lulus
MHS00279,4,SI-C,L,74.4,37.6,40.5,37.1,24,3,0.0,3,Tidak,34.2,37.0,Tidak Lulus
MHS00280,5,SI-B,L,73.7,63.3,60.1,59.2,43,1,5.1,1,Tidak,61.4,61.1,Lulus
MHS00281,6,SI-B,L,71.4,68.3,75.6,72.9,46,2,11.5,1,Tidak,66.9,70.5,Lulus
MHS00282,2,SI-A,L,64.8,65.2,69.7,54.1,32,6,5.1,2,Ya,60.7,62.0,Lulus
MHS00283,3,SI-A,P,100.0,61.3,57.9,63.4,36,5,5.0,1,Ya,61.2,61.1,Lulus
MHS00284,1,SI-A,L,100.0,79.5,77.1,63.2,32,1,5.7,2,Tidak,68.1,71.5,Lulus
MHS00285,4,SI-B,L,64.1,54.7,45.8,56.6,34,2,3.1,1,Tidak,40.9,49.3,Tidak Lulus
MHS00286,1,SI-C,L,97.0,59.6,51.3,68.2,31,2,1.4,0,Tidak,45.8,56.0,Tidak Lulus
MHS00287,3,SI-A,P,73.2,85.7,83.4,63.6,46,6,9.7,2,Ya,69.1,74.7,Lulus
MHS00288,4,SI-C,P,79.6,62.7,36.6,58.3,37,3,1.0,0,Ya,59.4,55.4,Tidak Lulus
MHS00289,2,SI-A,L,77.2,63.9,61.5,68.4,34,4,7.2,1,Tidak,49.8,60.3,Lulus
MHS00290,4,SI-D,L,70.1,88.6,57.0,68.6,48,5,9.2,0,Ya,80.8,74.9,Lulus
MHS00291,1,SI-D,L,89.8,79.5,71.1,71.3,30,1,2.1,0,Tidak,60.6,70.1,Lulus
MHS00292,1,SI-A,P,79.5,49.3,28.7,47.0,25,4,3.7,2,Tidak,43.5,42.9,Tidak Lulus
MHS00293,5,SI-B,L,72.3,56.8,64.6,45.4,53,5,10.1,5,Tidak,58.8,56.1,Tidak Lulus
MHS00294,3,SI-A,L,62.3,71.0,82.8,85.2,35,3,8.1,1,Tidak,78.3,79.1,Lulus
MHS00295,1,SI-A,L,67.3,66.6,69.1,39.9,34,2,4.6,3,Ya,58.8,58.1,Tidak Lulus
MHS00296,3,SI-B,L,58.3,59.7,47.2,37.8,44,2,10.1,3,Tidak,35.7,44.5,Tidak Lulus
MHS00297,5,SI-D,L,78.1,79.3,66.7,77.1,52,3,10.1,1,Tidak,76.8,75.5,Lulus
MHS00298,2,SI-C,P,63.6,71.7,61.4,65.4,41,3,7.3,2,Ya,53.2,62.5,Lulus
MHS00299,4,SI-A,L,74.8,41.1,65.0,68.0,40,5,3.8,0,Tidak,48.0,54.7,Tidak Lulus
MHS00300,1,SI-B,P,94.4,75.3,69.3,68.8,46,2,5.3,2,Tidak,60.1,67.9,Lulus
MHS00301,1,SI-A,L,92.4,90.3,100.0,78.5,43,4,7.4,0,Tidak,90.5,89.4,Lulus
MHS00302,3,SI-B,L,77.6,66.6,58.1,59.8,36,5,5.9,1,Tidak,53.5,59.3,Tidak Lulus
MHS00303,4,SI-C,P,77.0,84.8,92.9,86.3,50,5,9.3,0,Tidak,74.1,83.6,Lulus
MHS00304,4,SI-C,L,100.0,76.8,68.4,63.9,25,2,1.9,0,Tidak,75.3,71.4,Lulus
MHS00305,5,SI-D,P,84.2,69.6,73.7,57.1,26,5,2.0,0,Tidak,58.9,64.1,Lulus
MHS00306,6,SI-B,L,74.1,65.7,62.7,60.8,37,2,7.0,1,Tidak,60.6,62.3,Lulus
MHS00307,3,SI-B,L,60.9,64.0,50.5,41.8,44,1,5.0,4,Tidak,31.7,46.1,Tidak Lulus
MHS00308,2,SI-D,P,82.7,96.4,65.3,69.5,38,0,4.6,0,Tidak,63.8,73.7,Lulus
MHS00309,5,SI-D,L,88.0,58.5,51.5,49.3,31,4,1.2,1,Tidak,48.0,51.6,Tidak Lulus
MHS00310,2,SI-B,P,70.4,72.9,69.9,69.6,48,4,6.6,0,Tidak,59.8,67.5,Lulus
MHS00311,3,SI-D,L,81.5,74.3,61.0,61.1,37,5,6.3,0,Tidak,62.0,64.6,Lulus
MHS00312,1,SI-C,P,73.6,100.0,93.3,75.5,47,4,8.5,2,Ya,70.7,83.7,Lulus
MHS00313,1,SI-A,L,75.8,83.8,68.5,71.8,40,1,6.7,2,Ya,63.9,71.8,Lulus
MHS00314,6,SI-C,L,48.1,35.0,44.0,30.4,34,6,6.1,1,Ya,43.4,38.2,Tidak Lulus
MHS00315,5,SI-D,P,75.3,61.6,65.2,55.6,38,1,10.0,1,Ya,46.9,56.4,Tidak Lulus
MHS00316,4,SI-B,P,89.6,57.1,39.2,53.7,30,6,2.6,1,Tidak,49.3,50.3,Tidak Lulus
MHS00317,3,SI-B,P,70.4,79.7,66.1,56.9,48,4,8.1,2,Tidak,55.5,64.0,Lulus
MHS00318,1,SI-C,P,78.6,58.8,59.9,63.2,34,4,1.5,3,Ya,47.6,56.8,Tidak Lulus
MHS00319,1,SI-B,P,68.9,46.8,58.6,41.4,36,1,4.0,2,Tidak,53.9,49.9,Tidak Lulus
MHS00320,2,SI-D,L,82.3,59.2,71.8,60.4,39,1,2.9,1,Tidak,65.1,63.8,Lulus
MHS00321,4,SI-C,L,75.4,97.9,87.1,70.6,41,3,8.8,2,Tidak,67.7,79.9,Lulus
MHS00322,5,SI-B,L,66.7,82.7,58.5,71.5,27,8,6.3,2,Ya,53.2,66.2,Lulus
MHS00323,4,SI-A,L,94.0,89.5,83.6,70.0,38,4,6.5,1,Tidak,84.2,81.9,Lulus
MHS00324,2,SI-A,L,89.1,63.0,49.0,69.2,30,4,3.2,3,Tidak,55.7,59.6,Tidak Lulus
MHS00325,6,SI-D,L,70.7,47.2,52.3,51.2,34,3,5.6,1,Tidak,37.9,46.4,Tidak Lulus
MHS00326,5,SI-B,L,84.0,77.5,63.1,63.9,46,4,4.2,0,Tidak,57.3,65.2,Lulus
MHS00327,4,SI-D,P,84.4,70.3,66.5,48.2,38,2,7.7,2,Ya,59.2,60.7,Lulus
MHS00328,4,SI-C,L,85.7,67.5,59.0,72.3,45,2,3.5,2,Tidak,70.1,67.8,Lulus
MHS00329,3,SI-A,L,57.7,68.0,43.0,54.3,54,4,10.5,3,Tidak,45.7,52.9,Tidak Lulus
MHS00330,2,SI-C,L,90.1,85.8,66.8,58.7,37,0,1.5,0,Tidak,64.6,68.9,Lulus
MHS00331,2,SI-B,P,71.2,73.8,49.8,52.4,32,3,4.1,0,Tidak,48.2,56.0,Tidak Lulus
MHS00332,5,SI-D,P,73.7,82.5,75.7,59.2,47,7,11.5,1,Tidak,72.0,72.2,Lulus
MHS00333,1,SI-D,P,100.0,71.3,73.2,65.9,32,3,5.2,0,Tidak,56.4,65.9,Lulus
MHS00334,1,SI-D,L,81.6,47.1,45.5,45.4,30,1,2.6,3,Tidak,43.1,45.2,Tidak Lulus
MHS00335,1,SI-C,L,73.4,77.0,51.0,73.6,50,2,7.2,0,Tidak,63.8,67.0,Lulus
MHS00336,1,SI-A,L,51.5,46.0,38.8,54.3,36,4,5.1,6,Tidak,24.6,40.2,Tidak Lulus
MHS00337,5,SI-C,L,94.7,53.8,50.5,61.9,34,2,4.0,0,Tidak,32.3,48.7,Tidak Lulus
MHS00338,4,SI-C,L,61.9,39.9,39.5,26.7,30,1,3.2,2,Ya,42.3,37.2,Tidak Lulus
MHS00339,3,SI-B,L,66.0,84.5,62.3,82.4,56,2,14.8,5,Ya,53.5,70.2,Lulus
MHS00340,1,SI-B,L,74.0,71.6,78.3,52.4,40,1,5.7,1,Tidak,65.8,66.4,Lulus
MHS00341,3,SI-B,P,95.0,73.4,48.0,63.9,25,1,0.7,2,Tidak,47.2,58.1,Tidak Lulus
MHS00342,3,SI-A,P,87.3,79.4,78.0,76.0,46,3,11.0,1,Ya,78.4,78.0,Lulus
MHS00343,1,SI-A,L,76.1,65.6,57.3,65.2,44,5,8.3,5,Tidak,56.8,61.2,Lulus
MHS00344,3,SI-B,L,81.7,60.2,70.8,57.2,47,1,4.2,0,Tidak,69.0,64.2,Lulus
MHS00345,3,SI-B,L,70.8,41.1,46.1,53.8,32,3,3.7,1,Ya,37.5,44.2,Tidak Lulus
MHS00346,4,SI-A,L,79.7,81.2,64.0,79.0,39,4,8.5,1,Tidak,67.7,73.2,Lulus
MHS00347,4,SI-D,P,78.9,90.4,91.4,81.7,43,4,5.8,0,Ya,72.0,82.9,Lulus
MHS00348,1,SI-A,L,89.6,66.6,61.3,59.9,30,3,0.7,1,Tidak,47.9,58.3,Tidak Lulus
MHS00349,3,SI-A,P,89.6,76.5,81.0,84.0,52,3,11.9,2,Tidak,75.8,79.1,Lulus
MHS00350,4,SI-A,L,83.9,70.9,95.2,86.4,39,2,5.2,0,Tidak,79.1,82.1,Lulus
MHS00351,3,SI-B,P,73.7,73.2,88.8,70.6,53,5,11.0,1,Ya,91.0,81.0,Lulus
MHS00352,5,SI-D,L,86.9,66.4,71.4,65.4,49,3,10.3,0,Tidak,66.4,67.2,Lulus
MHS00353,4,SI-A,P,76.9,69.0,68.0,56.4,33,4,3.5,1,Ya,57.8,62.3,Lulus
MHS00354,1,SI-B,L,65.0,77.3,62.7,45.1,54,2,9.6,1,Tidak,55.5,59.8,Tidak Lulus
MHS00355,1,SI-C,P,73.2,69.3,56.6,66.1,47,3,4.5,0,Tidak,59.2,62.9,Lulus
MHS00356,4,SI-C,L,79.0,51.3,50.2,48.3,32,2,0.9,2,Tidak,43.7,48.0,Tidak Lulus
MHS00357,1,SI-A,L,88.9,83.5,91.5,75.3,37,3,5.2,1,Tidak,64.2,77.3,Lulus
MHS00358,4,SI-C,P,75.8,78.7,66.6,63.8,37,4,7.7,0,Tidak,45.0,62.4,Lulus
MHS00359,6,SI-D,P,63.5,67.8,72.1,61.5,40,6,5.1,3,Ya,54.2,63.0,Lulus
MHS00360,4,SI-C,P,78.7,94.9,75.5,67.2,47,1,5.6,1,Tidak,80.7,79.8,Lulus
MHS00361,3,SI-C,P,79.4,67.8,76.6,76.5,47,3,9.9,1,Ya,70.9,72.7,Lulus
MHS00362,4,SI-D,P,80.2,86.8,79.2,68.8,45,5,6.8,2,Ya,69.5,75.6,Lulus
MHS00363,3,SI-A,L,89.0,61.5,75.1,56.3,38,3,4.0,1,Tidak,58.6,62.0,Lulus
MHS00364,4,SI-A,L,90.2,75.9,81.4,80.9,59,4,8.6,0,Tidak,72.0,77.1,Lulus
MHS00365,6,SI-D,L,70.9,64.8,62.6,53.9,52,3,7.1,0,Tidak,56.2,59.1,Tidak Lulus
MHS00366,3,SI-D,P,70.6,52.8,32.5,40.5,29,5,0.0,1,Tidak,37.7,41.1,Tidak Lulus
MHS00367,6,SI-D,L,65.5,87.0,98.1,85.4,42,2,7.8,0,Tidak,74.8,85.2,Lulus
MHS00368,6,SI-C,L,86.4,73.0,65.2,67.2,43,4,7.7,1,Tidak,65.7,67.8,Lulus
MHS00369,2,SI-D,P,95.4,83.0,75.2,74.0,41,2,6.6,2,Tidak,69.9,75.3,Lulus
MHS00370,1,SI-B,P,74.2,41.3,54.5,49.7,33,2,9.2,1,Tidak,47.0,47.8,Tidak Lulus
MHS00371,1,SI-C,L,75.1,59.6,61.2,59.6,32,3,4.5,0,Tidak,62.5,60.8,Lulus
MHS00372,1,SI-A,L,95.6,87.7,80.1,74.1,43,4,7.5,0,Tidak,90.1,83.5,Lulus
MHS00373,1,SI-A,L,84.1,64.1,45.2,57.1,23,5,1.8,1,Tidak,38.9,51.0,Tidak Lulus
MHS00374,4,SI-A,L,83.2,82.0,68.3,67.9,48,4,7.7,0,Tidak,65.2,70.7,Lulus
MHS00375,1,SI-C,L,63.7,100.0,73.4,72.6,55,3,12.4,1,Tidak,56.3,74.7,Lulus
MHS00376,2,SI-B,P,86.1,91.2,71.1,63.6,31,4,3.5,0,Tidak,70.5,74.1,Lulus
MHS00377,5,SI-D,P,66.9,30.0,25.0,35.3,35,1,4.2,4,Tidak,33.0,31.2,Tidak Lulus
MHS00378,1,SI-D,P,64.4,57.1,58.0,47.0,43,6,4.4,2,Ya,49.8,52.6,Tidak Lulus
MHS00379,5,SI-A,L,73.8,70.3,73.7,57.9,45,1,6.9,0,Tidak,61.0,65.1,Lulus
MHS00380,2,SI-A,P,71.0,60.4,56.6,50.8,32,1,3.3,0,Ya,47.0,53.2,Tidak Lulus
MHS00381,1,SI-C,L,75.3,79.0,73.5,76.3,44,7,7.8,0,Tidak,72.5,75.3,Lulus
MHS00382,4,SI-B,L,60.7,85.8,64.5,66.5,44,3,9.0,3,Tidak,57.3,68.2,Lulus
MHS00383,4,SI-D,P,89.5,66.6,82.7,53.3,53,3,8.1,2,Tidak,70.6,67.7,Lulus
MHS00384,6,SI-C,L,91.5,52.4,39.1,42.5,31,2,1.2,2,Tidak,56.0,48.3,Tidak Lulus
MHS00385,5,SI-D,L,54.6,51.1,41.7,55.6,51,4,9.5,3,Tidak,53.8,51.2,Tidak Lulus
MHS00386,5,SI-A,P,89.7,76.2,77.5,82.8,48,2,9.3,2,Ya,89.7,82.2,Lulus
MHS00387,2,SI-D,L,68.3,58.8,43.7,38.5,52,2,9.0,4,Ya,47.9,47.4,Tidak Lulus
MHS00388,1,SI-B,P,88.3,75.5,72.6,78.9,42,2,7.6,0,Tidak,73.2,75.1,Lulus
MHS00389,5,SI-B,L,77.2,63.8,26.6,36.9,40,1,7.2,1,Tidak,42.8,43.3,Tidak Lulus
MHS00390,5,SI-A,P,78.3,95.7,67.5,66.0,40,2,9.6,1,Tidak,70.6,75.1,Lulus
MHS00391,6,SI-B,L,75.8,94.9,87.8,71.0,41,4,12.3,2,Ya,78.7,82.6,Lulus
MHS00392,3,SI-B,L,92.5,77.9,63.1,73.1,25,1,3.6,0,Tidak,73.5,72.4,Lulus
MHS00393,3,SI-C,P,63.1,74.5,55.1,58.3,39,4,9.7,2,Tidak,53.2,60.2,Lulus
MHS00394,5,SI-D,L,85.3,76.5,77.0,74.6,36,1,6.2,1,Ya,61.4,71.6,Lulus
MHS00395,2,SI-A,L,91.2,75.9,61.0,50.5,47,8,6.1,1,Tidak,63.1,62.7,Lulus
MHS00396,6,SI-A,L,86.6,53.5,45.9,57.1,27,2,1.9,2,Tidak,39.5,48.7,Tidak Lulus
MHS00397,5,SI-A,L,100.0,84.9,83.2,91.2,44,2,5.6,1,Tidak,76.5,83.6,Lulus
MHS00398,3,SI-A,L,71.7,71.9,59.3,58.6,36,2,3.5,2,Tidak,39.1,56.2,Tidak Lulus
MHS00399,5,SI-A,L,89.5,73.4,92.1,88.8,42,2,5.1,3,Tidak,70.1,80.0,Lulus
MHS00400,5,SI-B,P,76.7,71.8,65.1,67.9,35,2,3.2,1,Tidak,51.2,63.3,Lulus
MHS00401,1,SI-C,L,92.8,72.1,70.7,81.7,34,3,5.2,2,Tidak,71.4,74.0,Lulus
MHS00402,6,SI-A,L,77.9,64.4,39.3,48.8,41,2,5.3,2,Tidak,43.6,49.2,Tidak Lulus
MHS00403,3,SI-C,L,73.3,51.2,52.6,56.9,41,6,6.8,0,Tidak,40.6,49.7,Tidak Lulus
MHS00404,5,SI-C,L,93.7,63.3,59.9,54.8,30,3,1.7,1,Tidak,51.8,57.0,Tidak Lulus
MHS00405,2,SI-B,P,72.1,72.6,51.8,43.0,34,2,2.2,1,Ya,48.7,53.9,Tidak Lulus
MHS00406,6,SI-A,L,61.0,78.9,60.8,55.1,44,3,7.6,0,Tidak,59.5,63.5,Lulus
MHS00407,3,SI-B,P,71.8,71.4,76.5,66.5,41,1,4.1,1,Tidak,62.2,68.4,Lulus
MHS00408,1,SI-A,L,85.4,99.8,70.5,67.7,46,4,9.7,0,Tidak,69.6,76.9,Lulus
MHS00409,6,SI-B,P,94.7,84.6,63.6,71.8,30,3,7.2,1,Tidak,63.1,70.8,Lulus
MHS00410,1,SI-C,L,79.3,71.7,90.1,57.7,42,3,8.3,0,Tidak,66.8,70.4,Lulus
MHS00411,2,SI-A,P,93.8,94.3,76.4,78.6,59,6,10.7,0,Ya,87.6,84.8,Lulus
MHS00412,6,SI-D,P,61.7,63.5,52.2,52.0,36,0,5.6,3,Tidak,45.5,53.0,Tidak Lulus
MHS00413,6,SI-C,L,72.7,81.6,64.0,58.7,43,2,4.8,0,Tidak,66.3,67.8,Lulus
MHS00414,4,SI-D,L,74.5,65.8,62.1,58.3,41,4,9.1,2,Tidak,44.8,56.9,Tidak Lulus
MHS00415,4,SI-C,L,76.6,68.2,54.5,59.5,44,3,8.0,1,Ya,66.3,62.7,Lulus
MHS00416,3,SI-B,P,79.0,85.8,77.9,69.5,47,3,5.9,0,Tidak,75.0,76.9,Lulus
MHS00417,2,SI-A,L,86.3,87.9,96.8,82.4,57,4,10.7,4,Tidak,82.1,86.6,Lulus
MHS00418,2,SI-C,L,72.7,55.2,60.1,42.4,47,3,5.9,1,Ya,49.8,51.4,Tidak Lulus
MHS00419,4,SI-B,P,79.7,49.5,50.6,45.1,36,2,6.6,0,Tidak,50.7,49.0,Tidak Lulus
MHS00420,5,SI-A,L,77.5,63.7,79.0,58.2,40,1,6.6,1,Tidak,61.8,64.8,Lulus
MHS00421,5,SI-A,P,66.9,79.2,76.3,64.1,46,1,3.7,0,Ya,61.5,69.5,Lulus
MHS00422,5,SI-C,P,76.6,85.5,91.4,90.5,40,1,6.7,1,Tidak,80.2,86.3,Lulus
MHS00423,1,SI-A,P,76.3,90.0,93.9,85.4,49,4,10.7,1,Tidak,70.7,83.8,Lulus
MHS00424,3,SI-C,P,76.0,51.2,50.0,39.8,48,4,7.8,1,Tidak,53.2,48.7,Tidak Lulus
MHS00425,1,SI-A,L,78.4,69.4,62.8,64.0,39,3,6.6,1,Tidak,62.6,64.7,Lulus
MHS00426,4,SI-D,L,78.9,54.1,63.7,52.9,41,2,6.0,2,Tidak,61.3,57.9,Tidak Lulus
MHS00427,3,SI-B,L,72.8,83.1,38.4,54.0,44,3,7.5,0,Tidak,69.8,62.9,Lulus
MHS00428,6,SI-D,L,93.3,88.9,77.2,72.8,42,3,8.7,0,Tidak,74.4,78.2,Lulus
MHS00429,2,SI-C,P,64.0,75.1,70.6,61.9,40,1,8.3,1,Tidak,68.7,69.0,Lulus
MHS00430,1,SI-D,P,69.3,69.3,67.3,44.2,40,1,5.5,3,Tidak,49.5,56.7,Tidak Lulus
MHS00431,1,SI-C,L,100.0,68.3,59.8,64.9,45,5,7.5,2,Tidak,66.8,65.3,Lulus
MHS00432,5,SI-A,L,65.5,65.7,71.7,58.7,42,3,7.9,6,Ya,53.0,61.3,Lulus
MHS00433,4,SI-A,P,61.8,43.0,52.9,38.3,34,3,3.5,2,Tidak,27.1,39.0,Tidak Lulus
MHS00434,1,SI-C,L,86.8,95.3,94.2,79.2,43,2,7.0,0,Tidak,86.8,88.5,Lulus
MHS00435,1,SI-D,L,53.1,38.5,25.5,21.1,29,1,0.0,1,Tidak,15.0,24.5,Tidak Lulus
MHS00436,4,SI-A,L,75.2,55.0,63.2,54.6,42,2,7.9,2,Tidak,55.2,56.6,Tidak Lulus
MHS00437,1,SI-B,P,100.0,81.5,73.5,76.6,38,4,8.5,1,Ya,59.3,72.0,Lulus
MHS00438,5,SI-A,P,59.5,83.4,78.3,65.3,42,1,8.7,2,Tidak,58.1,70.3,Lulus
MHS00439,4,SI-B,P,54.2,63.3,73.0,55.5,41,2,5.3,7,Tidak,39.5,56.2,Tidak Lulus
MHS00440,1,SI-D,P,60.0,59.6,63.1,63.6,43,2,7.4,1,Ya,59.6,61.3,Lulus
MHS00441,1,SI-B,L,88.8,97.2,87.4,76.3,59,3,10.8,3,Tidak,87.0,87.0,Lulus
MHS00442,6,SI-B,L,91.5,87.5,93.0,82.9,52,3,10.7,0,Tidak,82.4,85.9,Lulus
MHS00443,3,SI-B,P,71.8,34.8,51.6,35.6,42,5,6.4,4,Ya,30.2,37.0,Tidak Lulus
MHS00444,3,SI-B,L,86.2,92.2,76.1,72.2,51,4,6.9,0,Tidak,71.3,77.7,Lulus
MHS00445,5,SI-A,P,94.7,86.8,90.1,81.8,50,5,9.8,2,Tidak,81.2,84.5,Lulus
MHS00446,6,SI-B,P,99.4,65.2,68.5,70.2,47,0,2.0,2,Tidak,61.1,65.9,Lulus
MHS00447,6,SI-A,P,75.0,56.6,52.6,53.2,39,3,5.5,1,Tidak,37.8,49.3,Tidak Lulus
MHS00448,5,SI-B,P,50.4,53.8,41.9,45.7,46,3,10.5,4,Tidak,34.3,43.5,Tidak Lulus
MHS00449,3,SI-C,P,68.1,67.5,68.6,49.0,39,4,9.4,4,Ya,49.5,57.7,Tidak Lulus
MHS00450,1,SI-D,P,72.9,91.0,90.4,78.7,50,4,7.6,1,Ya,75.0,83.0,Lulus
MHS00451,5,SI-B,L,74.9,50.2,38.7,36.9,29,2,2.0,2,Tidak,40.3,41.6,Tidak Lulus
MHS00452,4,SI-C,L,75.7,65.0,53.9,66.3,31,1,6.4,4,Tidak,43.4,56.6,Tidak Lulus
MHS00453,3,SI-B,L,91.4,57.0,60.0,74.7,31,4,4.7,1,Tidak,67.9,65.3,Lulus
MHS00454,6,SI-B,P,93.3,92.1,87.6,93.4,47,3,7.5,1,Tidak,86.6,89.9,Lulus
MHS00455,1,SI-B,L,75.9,44.2,52.1,42.6,39,6,4.1,1,Tidak,30.9,41.4,Tidak Lulus
MHS00456,3,SI-C,P,91.2,70.1,78.9,73.2,33,1,3.4,2,Tidak,59.4,69.4,Lulus
MHS00457,1,SI-D,L,82.3,64.6,58.0,34.9,28,2,0.3,2,Tidak,44.6,49.9,Tidak Lulus
MHS00458,3,SI-C,P,78.8,68.5,69.9,75.8,45,2,10.2,1,Tidak,76.4,73.0,Lulus
MHS00459,1,SI-D,L,88.9,72.4,79.4,70.3,39,2,5.3,1,Tidak,57.4,68.8,Lulus
MHS00460,1,SI-B,P,78.9,61.9,70.3,50.1,40,5,7.0,0,Tidak,47.0,56.2,Tidak Lulus
MHS00461,1,SI-A,L,100.0,84.0,74.6,81.5,44,6,6.5,0,Tidak,80.0,80.3,Lulus
MHS00462,4,SI-B,L,60.7,52.0,46.1,42.7,31,1,3.3,1,Tidak,31.1,42.2,Tidak Lulus
MHS00463,5,SI-D,L,71.8,45.5,38.6,40.7,25,6,2.7,1,Tidak,39.0,41.0,Tidak Lulus
MHS00464,4,SI-C,P,76.5,52.6,45.4,53.6,39,6,3.5,1,Tidak,43.4,48.7,Tidak Lulus
MHS00465,6,SI-B,L,83.3,60.2,47.1,61.0,35,3,4.3,2,Tidak,57.2,56.9,Tidak Lulus
MHS00466,3,SI-C,L,93.2,96.3,96.3,88.5,52,3,7.6,0,Tidak,90.4,92.6,Lulus
MHS00467,2,SI-C,P,77.7,98.0,79.9,55.2,30,5,4.1,1,Tidak,61.0,72.6,Lulus
MHS00468,5,SI-C,P,60.9,77.1,76.5,69.2,64,3,11.7,2,Tidak,74.9,74.3,Lulus
MHS00469,2,SI-B,P,88.1,91.3,71.3,68.2,50,3,9.6,0,Tidak,74.4,76.5,Lulus
MHS00470,6,SI-C,L,87.1,92.4,92.4,86.1,43,5,8.9,1,Tidak,83.3,88.1,Lulus
MHS00471,1,SI-C,L,54.7,45.9,33.6,34.2,50,3,6.1,8,Tidak,18.1,32.2,Tidak Lulus
MHS00472,6,SI-B,P,78.0,90.2,100.0,82.1,55,2,11.0,0,Tidak,76.0,85.9,Lulus
MHS00473,1,SI-C,L,58.9,78.2,68.5,57.5,34,4,5.8,3,Tidak,62.5,66.4,Lulus
MHS00474,6,SI-B,P,70.0,63.2,72.4,47.1,34,4,6.4,1,Tidak,54.3,58.3,Tidak Lulus
MHS00475,3,SI-D,L,67.2,80.7,62.1,76.0,39,7,7.0,0,Tidak,67.8,71.9,Lulus
MHS00476,6,SI-D,L,87.7,90.1,93.0,85.0,50,3,8.6,0,Tidak,77.8,85.7,Lulus
MHS00477,1,SI-D,L,79.4,73.8,70.1,67.7,38,2,8.4,2,Tidak,63.5,68.4,Lulus
MHS00478,4,SI-C,L,62.6,66.1,64.2,57.6,24,1,5.1,2,Ya,50.5,58.9,Tidak Lulus
MHS00479,6,SI-A,L,88.6,68.2,56.3,47.3,34,1,4.9,0,Tidak,54.9,56.6,Tidak Lulus
MHS00480,3,SI-A,L,60.8,71.5,58.0,61.6,40,6,8.4,4,Tidak,63.0,63.8,Lulus
MHS00481,4,SI-C,P,82.0,61.4,98.4,72.4,45,4,8.6,0,Tidak,72.7,74.9,Lulus
MHS00482,4,SI-A,L,68.2,77.2,65.6,58.4,37,4,5.3,4,Tidak,43.7,60.1,Lulus
MHS00483,3,SI-B,P,73.6,58.9,54.8,45.6,29,6,1.7,2,Ya,51.2,52.4,Tidak Lulus
MHS00484,4,SI-A,P,84.1,77.4,47.6,50.6,41,1,5.9,0,Tidak,53.7,57.6,Tidak Lulus
MHS00485,4,SI-C,P,84.3,57.8,63.6,57.4,41,3,8.4,1,Tidak,50.9,56.8,Tidak Lulus
MHS00486,6,SI-C,L,94.0,76.4,89.3,78.7,49,4,11.9,1,Tidak,73.7,78.7,Lulus
MHS00487,1,SI-B,P,77.0,46.8,35.1,39.6,19,3,2.9,4,Tidak,40.2,40.7,Tidak Lulus
MHS00488,2,SI-D,P,81.7,65.5,59.5,54.1,33,2,5.2,2,Ya,47.4,56.0,Tidak Lulus
MHS00489,6,SI-C,P,72.7,60.8,60.9,53.2,37,1,5.3,3,Ya,42.6,53.5,Tidak Lulus
MHS00490,6,SI-B,P,80.2,74.3,78.8,68.0,45,4,10.6,2,Tidak,67.4,71.6,Lulus
MHS00491,3,SI-A,P,83.3,71.0,81.8,58.8,48,3,6.4,1,Tidak,61.5,67.3,Lulus
MHS00492,4,SI-A,P,76.8,74.5,58.3,59.9,30,2,3.8,0,Tidak,49.6,60.1,Lulus
MHS00493,2,SI-B,L,56.4,62.2,52.1,44.2,38,3,8.2,7,Tidak,41.7,49.5,Tidak Lulus
MHS00494,2,SI-B,P,82.0,63.6,60.8,51.5,35,2,5.3,3,Ya,49.4,55.8,Tidak Lulus
MHS00495,3,SI-C,L,82.4,74.8,81.7,72.9,34,2,2.8,3,Tidak,51.0,68.6,Lulus
MHS00496,2,SI-A,P,69.8,58.5,57.0,53.9,39,3,3.8,0,Tidak,52.9,55.4,Tidak Lulus
MHS00497,4,SI-B,L,62.6,78.0,80.4,70.2,48,7,11.7,3,Ya,73.5,75.2,Lulus
MHS00498,1,SI-A,L,95.7,85.0,55.3,61.1,41,3,7.7,1,Tidak,68.9,68.3,Lulus
MHS00499,6,SI-B,P,83.9,79.3,80.8,67.7,42,5,6.8,0,Tidak,75.2,75.5,Lulus
MHS00500,6,SI-A,P,75.3,76.7,61.9,57.2,30,2,5.8,3,Ya,59.6,63.7,Lulus
MHS00501,4,SI-D,L,64.4,52.0,55.2,40.8,31,3,7.4,2,Tidak,40.8,46.5,Tidak Lulus
MHS00502,3,SI-C,L,68.1,70.6,67.6,48.0,40,2,7.3,0,Tidak,52.3,58.9,Tidak Lulus
MHS00503,2,SI-A,P,93.6,63.8,56.4,74.5,40,3,7.4,0,Tidak,60.8,64.1,Lulus
MHS00504,5,SI-D,L,79.7,83.8,69.4,63.5,48,5,6.8,1,Tidak,65.9,70.5,Lulus
MHS00505,4,SI-A,P,71.4,89.9,87.6,74.4,48,3,9.1,1,Ya,63.0,77.5,Lulus
MHS00506,1,SI-A,L,84.1,75.5,72.8,71.7,40,4,6.6,0,Tidak,60.3,69.4,Lulus
MHS00507,6,SI-D,P,68.2,54.2,29.5,35.2,36,2,3.6,5,Tidak,38.6,39.8,Tidak Lulus
MHS00508,5,SI-A,P,96.0,65.8,47.3,47.1,36,4,4.7,3,Tidak,57.2,54.8,Tidak Lulus
MHS00509,6,SI-A,L,94.2,57.5,52.7,64.6,20,4,0.6,0,Tidak,56.4,58.0,Tidak Lulus
MHS00510,5,SI-C,L,72.4,82.8,77.5,66.8,47,4,12.6,3,Ya,79.3,76.7,Lulus
MHS00511,4,SI-D,L,70.5,81.0,83.4,74.4,46,1,9.1,3,Tidak,66.7,75.5,Lulus
MHS00512,3,SI-D,P,46.6,58.2,58.4,57.0,26,2,4.0,3,Ya,41.8,53.0,Tidak Lulus
MHS00513,6,SI-B,L,60.2,68.2,57.7,42.2,39,4,5.7,3,Tidak,34.8,49.6,Tidak Lulus
MHS00514,5,SI-A,P,61.9,54.8,33.4,46.9,44,4,4.6,3,Tidak,35.7,42.8,Tidak Lulus
MHS00515,1,SI-C,L,79.6,67.6,64.0,65.4,47,1,11.1,2,Tidak,67.3,66.2,Lulus
MHS00516,1,SI-A,L,74.1,53.6,48.9,42.1,28,0,2.2,1,Ya,47.0,47.8,Tidak Lulus
MHS00517,3,SI-A,L,61.9,54.1,54.8,52.7,43,2,6.8,3,Tidak,57.2,54.8,Tidak Lulus
MHS00518,5,SI-B,L,74.6,36.2,37.7,43.7,39,4,6.2,2,Tidak,39.5,39.4,Tidak Lulus
MHS00519,6,SI-A,P,84.1,74.6,79.8,67.8,47,5,9.0,1,Tidak,51.7,67.1,Lulus
MHS00520,1,SI-C,P,84.3,86.0,72.4,86.3,39,1,6.2,1,Tidak,73.0,79.5,Lulus
MHS00521,4,SI-C,P,55.2,61.2,30.7,40.1,26,3,1.2,3,Tidak,15.0,36.0,Tidak Lulus
MHS00522,3,SI-B,L,76.5,55.2,59.1,47.7,39,9,5.7,1,Ya,52.9,53.4,Tidak Lulus
MHS00523,6,SI-A,P,61.4,44.2,30.3,39.8,32,1,3.6,2,Tidak,37.4,38.3,Tidak Lulus
MHS00524,5,SI-C,P,88.8,66.5,58.2,62.4,44,1,6.7,0,Ya,75.2,66.4,Lulus
MHS00525,5,SI-A,P,87.4,82.9,66.3,63.1,50,2,10.8,1,Tidak,60.8,68.0,Lulus
MHS00526,3,SI-A,L,67.2,50.1,38.6,40.7,34,3,1.3,1,Tidak,40.1,42.4,Tidak Lulus
MHS00527,3,SI-A,L,68.8,69.9,43.2,51.0,39,6,4.1,4,Tidak,55.4,55.5,Tidak Lulus
MHS00528,2,SI-B,L,72.5,74.2,62.6,50.9,33,2,4.8,3,Tidak,50.2,58.9,Tidak Lulus
MHS00529,1,SI-A,P,51.0,69.1,73.8,47.3,38,4,5.4,1,Ya,48.1,58.3,Tidak Lulus
MHS00530,5,SI-C,L,82.0,57.7,68.9,51.7,41,6,8.7,2,Tidak,70.2,62.2,Lulus
MHS00531,5,SI-A,L,74.7,63.5,52.1,42.8,39,4,6.0,3,Tidak,53.0,52.9,Tidak Lulus
MHS00532,6,SI-C,L,89.6,74.2,64.2,69.5,40,5,7.7,3,Tidak,63.6,67.8,Lulus
MHS00533,6,SI-A,P,64.8,48.4,44.2,49.1,42,2,4.6,1,Tidak,31.2,42.6,Tidak Lulus
MHS00534,4,SI-C,P,70.6,60.5,61.2,50.7,39,2,7.2,1,Tidak,48.9,54.7,Tidak Lulus
MHS00535,5,SI-C,L,59.9,78.5,75.3,63.0,48,2,8.8,2,Ya,56.0,67.2,Lulus
MHS00536,6,SI-A,L,65.9,56.3,66.0,46.2,39,2,4.3,0,Tidak,36.9,49.9,Tidak Lulus
MHS00537,5,SI-A,P,63.8,48.4,38.3,40.0,43,2,8.8,2,Tidak,48.9,44.4,Tidak Lulus
MHS00538,2,SI-C,P,90.0,67.6,76.7,64.4,35,3,6.7,1,Tidak,68.3,68.8,Lulus
MHS00539,3,SI-D,P,69.6,85.9,91.8,76.5,39,2,9.6,3,Ya,65.0,78.5,Lulus
MHS00540,1,SI-B,P,79.5,45.4,49.6,60.9,47,3,5.9,1,Tidak,46.8,50.5,Tidak Lulus
MHS00541,6,SI-D,P,73.4,77.4,52.1,51.3,49,3,7.6,1,Tidak,52.7,58.4,Tidak Lulus
MHS00542,4,SI-D,P,62.8,57.9,42.9,41.8,43,3,6.4,1,Tidak,36.4,44.4,Tidak Lulus
MHS00543,2,SI-A,L,76.0,65.2,56.5,61.6,36,5,6.2,0,Ya,80.7,67.2,Lulus
MHS00544,4,SI-B,P,85.2,97.4,76.9,63.8,36,4,7.3,2,Tidak,63.8,74.8,Lulus
MHS00545,4,SI-D,P,63.5,79.3,74.9,59.1,39,6,8.1,1,Tidak,59.4,67.4,Lulus
MHS00546,2,SI-A,P,87.7,54.5,50.3,62.0,33,5,2.8,0,Tidak,50.3,54.3,Tidak Lulus
MHS00547,1,SI-D,L,67.8,78.1,56.1,72.3,53,3,10.8,1,Tidak,50.7,64.0,Lulus
MHS00548,4,SI-D,L,72.2,54.6,49.2,42.1,26,3,0.9,0,Tidak,34.3,44.3,Tidak Lulus
MHS00549,3,SI-A,L,84.4,53.9,64.7,53.7,32,4,4.4,0,Tidak,62.8,58.7,Tidak Lulus
MHS00550,5,SI-A,L,70.0,57.2,59.9,61.3,45,1,6.2,1,Tidak,49.8,56.5,Tidak Lulus
MHS00551,3,SI-A,L,78.5,73.8,74.9,76.1,34,2,7.7,1,Tidak,68.3,72.9,Lulus
MHS00552,5,SI-B,P,74.2,77.5,70.5,64.4,49,5,11.2,3,Tidak,66.4,69.5,Lulus
MHS00553,4,SI-D,L,79.6,49.7,66.0,49.2,27,5,0.9,1,Ya,54.0,54.1,Tidak Lulus
MHS00554,4,SI-A,L,49.4,46.9,34.6,42.5,36,1,5.0,1,Tidak,28.5,37.8,Tidak Lulus
MHS00555,6,SI-C,L,56.0,54.0,40.0,44.1,26,4,0.1,0,Tidak,49.3,47.3,Tidak Lulus
MHS00556,3,SI-D,P,85.4,83.2,86.5,75.2,33,3,6.6,1,Tidak,77.5,80.2,Lulus
MHS00557,1,SI-C,L,90.4,76.4,55.2,79.3,39,8,7.3,1,Tidak,72.8,71.8,Lulus
MHS00558,1,SI-B,L,67.1,84.9,85.8,72.8,47,4,11.3,4,Ya,69.9,77.6,Lulus
MHS00559,5,SI-A,P,75.1,75.3,68.0,55.6,38,3,6.9,1,Tidak,49.1,61.1,Lulus
MHS00560,4,SI-C,L,81.5,89.7,76.9,79.5,49,4,9.6,0,Tidak,82.2,82.3,Lulus
MHS00561,4,SI-B,P,86.3,72.3,79.0,67.3,40,3,8.3,0,Ya,70.5,71.8,Lulus
MHS00562,2,SI-A,P,53.7,49.8,59.1,46.1,39,2,5.2,2,Ya,36.9,46.9,Tidak Lulus
MHS00563,1,SI-C,L,67.4,66.5,57.2,60.9,27,1,2.3,0,Tidak,43.4,56.3,Tidak Lulus
MHS00564,1,SI-C,L,74.0,67.5,61.7,67.5,49,4,7.3,1,Ya,69.6,67.0,Lulus
MHS00565,2,SI-B,P,86.4,70.0,67.6,39.1,34,2,2.0,1,Tidak,42.0,53.4,Tidak Lulus
MHS00566,4,SI-A,L,100.0,79.1,66.8,68.2,55,1,10.4,2,Tidak,66.7,70.2,Lulus
MHS00567,3,SI-A,L,75.3,82.8,67.3,62.9,40,4,6.0,0,Tidak,65.1,69.4,Lulus
MHS00568,3,SI-C,L,61.1,72.5,75.8,65.5,52,1,10.1,1,Ya,62.3,68.4,Lulus
MHS00569,6,SI-C,P,82.8,81.0,73.7,60.6,32,1,5.1,2,Tidak,62.5,68.9,Lulus
MHS00570,2,SI-C,L,93.9,94.4,83.0,76.2,48,5,7.3,2,Ya,87.0,85.4,Lulus
MHS00571,3,SI-A,P,79.3,84.5,56.5,63.6,43,4,7.1,1,Ya,69.5,69.2,Lulus
MHS00572,5,SI-B,P,67.1,58.2,65.3,40.1,39,4,6.4,4,Ya,46.4,51.6,Tidak Lulus
MHS00573,3,SI-B,L,89.5,79.9,92.4,76.7,42,2,5.2,0,Ya,73.2,79.6,Lulus
MHS00574,4,SI-A,L,86.0,85.2,85.4,85.6,40,5,7.7,0,Tidak,68.3,80.3,Lulus
MHS00575,5,SI-D,P,65.7,30.0,36.4,23.1,34,0,3.7,5,Tidak,19.9,26.5,Tidak Lulus
MHS00576,6,SI-B,L,82.6,72.2,61.5,63.1,35,1,2.9,0,Tidak,55.4,62.7,Lulus
MHS00577,1,SI-C,P,90.0,79.1,73.9,75.7,50,4,10.2,0,Tidak,78.8,77.1,Lulus
MHS00578,6,SI-D,L,92.2,78.2,61.3,53.1,49,2,8.7,2,Tidak,60.4,63.2,Lulus
MHS00579,3,SI-D,L,77.2,74.7,69.3,62.7,43,7,6.7,1,Tidak,71.1,69.5,Lulus
MHS00580,2,SI-B,L,73.7,90.3,92.9,78.3,51,5,11.5,2,Ya,75.4,83.4,Lulus
MHS00581,3,SI-D,L,92.7,73.5,69.7,79.8,33,5,5.7,0,Tidak,66.9,72.3,Lulus
MHS00582,6,SI-D,L,63.5,76.1,86.1,66.9,60,5,10.5,2,Ya,71.6,74.4,Lulus
MHS00583,3,SI-B,P,83.3,66.1,75.6,66.8,44,4,7.0,4,Tidak,59.6,66.2,Lulus
MHS00584,2,SI-B,L,61.6,60.0,45.3,42.8,39,2,3.4,0,Tidak,45.7,48.5,Tidak Lulus
MHS00585,4,SI-D,L,90.8,72.9,77.9,76.4,56,4,12.0,2,Tidak,72.2,74.6,Lulus
MHS00586,2,SI-C,L,74.9,70.9,73.6,74.5,47,4,9.5,1,Tidak,66.9,71.1,Lulus
MHS00587,1,SI-A,P,93.2,82.0,60.8,56.0,37,1,6.1,0,Tidak,61.3,65.0,Lulus
MHS00588,1,SI-D,L,83.9,60.4,91.6,72.8,53,4,8.7,2,Tidak,68.8,72.3,Lulus
MHS00589,1,SI-D,P,63.3,62.5,44.3,52.4,26,3,5.3,2,Tidak,52.2,53.2,Tidak Lulus
MHS00590,1,SI-C,L,95.1,87.2,53.2,69.3,49,3,9.0,0,Tidak,67.4,70.0,Lulus
MHS00591,1,SI-D,L,96.6,64.0,62.1,61.3,31,3,0.0,2,Tidak,50.4,58.9,Tidak Lulus
MHS00592,4,SI-D,L,88.6,57.2,51.8,61.7,32,1,3.4,1,Tidak,54.5,56.4,Tidak Lulus
MHS00593,2,SI-A,P,68.9,88.0,83.6,64.0,40,5,9.4,0,Tidak,68.8,75.4,Lulus
MHS00594,2,SI-A,L,74.3,81.4,36.4,57.5,26,1,5.8,1,Tidak,61.0,60.3,Lulus
MHS00595,6,SI-A,L,79.7,67.2,53.2,68.5,40,2,7.1,1,Tidak,62.9,63.4,Lulus
MHS00596,3,SI-B,L,69.6,58.9,53.4,47.9,35,2,2.5,1,Ya,53.5,53.4,Tidak Lulus
MHS00597,4,SI-B,P,98.3,98.1,96.0,84.8,54,4,12.0,1,Tidak,94.5,93.3,Lulus
MHS00598,1,SI-A,L,79.7,80.6,60.8,63.3,42,2,10.1,0,Tidak,60.7,66.3,Lulus
MHS00599,2,SI-A,L,45.6,51.7,55.2,48.9,41,5,5.9,1,Tidak,43.4,49.2,Tidak Lulus
MHS00600,1,SI-B,L,82.1,79.4,63.9,76.6,36,4,5.3,1,Tidak,69.9,72.8,Lulus
MHS00601,1,SI-C,L,73.8,61.6,75.9,81.3,42,4,9.6,2,Tidak,64.4,70.2,Lulus
MHS00602,2,SI-D,P,77.1,91.4,77.1,89.1,47,6,12.4,1,Tidak,73.0,82.4,Lulus
MHS00603,1,SI-D,P,73.6,100.0,85.0,77.0,43,4,9.4,0,Tidak,83.6,86.3,Lulus
MHS00604,1,SI-A,L,87.7,89.1,85.6,76.4,49,3,13.0,0,Tidak,79.3,82.3,Lulus
MHS00605,1,SI-C,L,91.4,52.0,67.5,48.5,36,4,3.7,1,Tidak,56.1,55.5,Tidak Lulus
MHS00606,3,SI-B,L,81.4,64.5,58.4,62.1,30,2,4.0,1,Tidak,58.4,60.8,Lulus
MHS00607,2,SI-A,L,73.9,57.5,57.8,77.4,34,2,2.9,1,Tidak,64.8,64.7,Lulus
MHS00608,3,SI-C,L,77.5,67.0,71.2,68.2,42,3,7.8,0,Tidak,65.5,67.7,Lulus
MHS00609,3,SI-C,P,78.2,72.1,76.5,70.8,42,8,7.0,1,Tidak,53.6,67.1,Lulus
MHS00610,4,SI-C,P,68.4,85.6,62.9,62.0,40,4,6.0,2,Tidak,59.5,67.3,Lulus
MHS00611,1,SI-B,P,84.9,92.0,74.8,81.1,46,3,8.9,0,Tidak,78.4,81.8,Lulus
MHS00612,5,SI-B,P,83.5,85.3,60.1,64.2,41,1,10.2,1,Tidak,53.3,65.4,Lulus
MHS00613,4,SI-D,P,96.5,64.7,48.3,59.9,31,3,1.9,1,Tidak,65.1,60.3,Lulus
MHS00614,1,SI-D,P,93.1,80.1,68.5,68.2,35,2,4.7,0,Tidak,48.4,65.3,Lulus
MHS00615,6,SI-C,L,69.8,73.2,50.8,61.2,52,3,9.0,2,Tidak,59.7,61.7,Lulus
MHS00616,6,SI-C,P,87.8,71.6,59.6,63.0,36,4,5.1,1,Tidak,49.7,60.5,Lulus
MHS00617,1,SI-B,L,66.6,70.8,70.3,64.8,38,0,4.1,1,Tidak,62.1,66.6,Lulus
MHS00618,2,SI-D,L,86.4,70.7,85.9,66.4,53,2,9.6,2,Ya,73.9,73.6,Lulus
MHS00619,5,SI-C,P,71.8,44.2,41.3,54.0,44,2,2.6,0,Tidak,54.3,49.1,Tidak Lulus
MHS00620,5,SI-D,L,65.7,53.7,69.7,62.3,32,4,5.6,3,Ya,55.4,59.6,Tidak Lulus
MHS00621,2,SI-D,L,81.4,81.9,76.2,69.2,27,3,7.5,1,Tidak,68.8,73.7,Lulus
MHS00622,2,SI-C,P,45.9,63.7,72.7,49.3,35,1,4.8,2,Tidak,41.2,55.2,Tidak Lulus
MHS00623,3,SI-B,L,57.0,85.0,83.2,58.3,52,6,8.8,2,Ya,52.8,68.3,Lulus
MHS00624,3,SI-C,L,75.9,68.2,79.5,55.5,38,3,4.8,2,Tidak,71.6,68.3,Lulus
MHS00625,4,SI-C,P,79.0,99.2,88.3,77.4,44,2,10.7,2,Tidak,71.8,83.4,Lulus
MHS00626,3,SI-D,P,73.6,80.4,57.8,63.0,44,3,6.1,1,Tidak,61.6,65.9,Lulus
MHS00627,3,SI-C,L,59.0,89.8,77.6,69.5,52,4,8.5,2,Tidak,58.5,72.9,Lulus
MHS00628,5,SI-B,L,68.2,69.1,49.4,66.8,40,3,8.7,4,Tidak,43.2,56.8,Tidak Lulus
MHS00629,1,SI-C,L,82.7,60.8,53.9,51.5,39,2,4.6,2,Tidak,50.1,53.9,Tidak Lulus
MHS00630,2,SI-B,P,85.0,61.8,60.1,53.1,32,1,0.3,0,Tidak,54.4,57.1,Tidak Lulus
MHS00631,5,SI-B,P,77.8,71.1,63.0,62.6,44,1,7.6,1,Tidak,71.3,67.4,Lulus
MHS00632,6,SI-D,L,91.9,95.4,83.3,72.1,43,6,6.7,1,Tidak,83.6,83.6,Lulus
MHS00633,3,SI-A,L,82.8,80.8,68.2,81.5,46,3,8.2,1,Tidak,71.9,75.8,Lulus
MHS00634,3,SI-A,L,69.0,60.4,37.3,59.0,49,2,5.8,4,Tidak,42.3,50.0,Tidak Lulus
MHS00635,1,SI-D,P,74.6,59.1,45.0,59.2,34,2,5.2,0,Ya,55.9,55.3,Tidak Lulus
MHS00636,3,SI-C,L,61.2,73.5,73.9,73.3,50,3,12.5,2,Ya,64.2,70.7,Lulus
MHS00637,3,SI-D,P,76.7,79.1,59.2,59.8,33,6,2.1,0,Tidak,60.9,64.8,Lulus
MHS00638,2,SI-B,L,91.3,100.0,55.8,77.6,49,9,8.7,1,Tidak,71.4,77.0,Lulus
MHS00639,2,SI-A,P,86.2,73.1,64.0,75.6,42,2,4.8,0,Tidak,61.4,68.4,Lulus
MHS00640,3,SI-D,P,94.8,70.4,62.2,61.9,44,3,5.5,2,Tidak,60.3,63.6,Lulus
MHS00641,1,SI-C,P,74.4,72.4,68.9,74.9,42,3,5.5,1,Tidak,64.5,70.0,Lulus
MHS00642,2,SI-D,L,94.2,72.0,70.5,66.5,39,2,4.1,2,Tidak,60.9,67.0,Lulus
MHS00643,2,SI-A,P,75.7,68.4,69.5,64.1,50,4,8.2,1,Ya,66.1,66.9,Lulus
MHS00644,2,SI-D,P,95.7,87.7,99.7,80.0,42,2,10.7,1,Tidak,75.0,84.4,Lulus
MHS00645,1,SI-D,L,77.7,83.4,73.1,72.0,47,3,7.9,1,Ya,61.8,72.0,Lulus
MHS00646,6,SI-A,P,86.5,72.8,57.8,73.8,43,5,6.8,0,Tidak,66.5,68.2,Lulus
MHS00647,4,SI-B,P,95.7,50.7,50.7,35.1,39,4,3.5,3,Tidak,32.8,41.4,Tidak Lulus
MHS00648,4,SI-B,P,75.7,87.5,82.6,76.9,44,4,8.1,1,Tidak,77.7,80.9,Lulus
MHS00649,5,SI-A,P,80.6,100.0,88.9,88.8,50,4,13.0,2,Tidak,72.4,86.7,Lulus
MHS00650,3,SI-D,L,93.5,92.6,79.1,78.9,35,0,5.4,0,Tidak,71.1,80.0,Lulus
MHS00651,1,SI-A,L,76.4,76.4,67.3,47.4,35,4,5.4,2,Ya,60.6,62.6,Lulus
MHS00652,3,SI-B,L,62.1,57.2,52.4,37.1,39,1,4.8,3,Ya,46.5,48.0,Tidak Lulus
MHS00653,4,SI-C,P,100.0,59.0,72.2,66.7,23,2,5.0,1,Tidak,66.3,65.8,Lulus
MHS00654,5,SI-D,P,72.4,47.1,53.1,32.7,33,1,0.0,2,Ya,40.8,42.8,Tidak Lulus
MHS00655,3,SI-B,P,79.9,77.7,60.8,85.2,44,4,7.7,2,Tidak,84.2,78.1,Lulus
MHS00656,1,SI-D,L,91.9,79.7,61.9,77.7,32,3,4.0,0,Ya,62.6,70.5,Lulus
MHS00657,2,SI-A,L,70.7,82.8,71.9,55.2,31,3,1.7,1,Ya,60.4,67.0,Lulus
MHS00658,3,SI-C,P,65.9,76.5,67.2,67.5,51,2,8.8,4,Tidak,60.3,67.5,Lulus
MHS00659,4,SI-A,L,81.0,63.8,64.3,66.4,34,2,3.3,0,Tidak,60.5,63.6,Lulus
MHS00660,4,SI-C,L,56.5,74.9,58.7,54.3,34,1,5.5,0,Ya,50.3,59.1,Tidak Lulus
MHS00661,2,SI-D,P,74.5,95.7,77.9,82.9,55,3,10.9,2,Tidak,78.0,83.6,Lulus
MHS00662,6,SI-D,L,80.9,75.7,65.6,45.8,37,2,2.3,1,Tidak,56.7,60.5,Lulus
MHS00663,4,SI-A,L,74.8,74.1,45.2,51.6,36,1,1.9,0,Tidak,58.5,58.0,Tidak Lulus
MHS00664,2,SI-C,L,59.5,81.0,74.8,62.2,37,5,7.3,0,Tidak,65.6,70.4,Lulus
MHS00665,1,SI-C,L,97.1,86.1,94.7,99.1,50,2,9.9,1,Tidak,72.0,86.8,Lulus
MHS00666,1,SI-D,P,79.2,68.0,71.8,55.5,30,3,1.8,0,Tidak,62.0,63.8,Lulus
MHS00667,2,SI-A,L,95.2,65.6,69.0,75.2,43,1,7.7,0,Tidak,65.5,68.6,Lulus
MHS00668,1,SI-C,L,74.9,84.6,66.4,63.4,38,3,8.2,0,Tidak,63.7,69.4,Lulus
MHS00669,2,SI-D,L,67.4,49.4,43.8,50.8,33,4,0.3,2,Ya,33.3,43.8,Tidak Lulus
MHS00670,2,SI-B,P,81.2,87.5,73.9,69.6,45,3,8.9,1,Tidak,70.5,75.2,Lulus
MHS00671,1,SI-A,L,75.4,78.6,80.4,63.3,50,2,9.1,0,Tidak,81.4,76.0,Lulus
MHS00672,6,SI-B,P,63.9,56.7,63.2,53.6,41,0,5.6,2,Tidak,53.6,56.3,Tidak Lulus
MHS00673,1,SI-A,L,95.6,69.1,86.1,85.3,49,6,10.3,0,Tidak,72.1,77.4,Lulus
MHS00674,3,SI-D,L,70.5,91.7,85.5,81.6,49,3,9.9,0,Ya,77.1,83.6,Lulus
MHS00675,3,SI-C,L,55.9,65.5,45.3,36.6,40,2,6.8,2,Tidak,47.2,48.7,Tidak Lulus
MHS00676,6,SI-C,P,93.9,86.6,69.2,56.5,36,3,5.1,3,Ya,62.6,68.4,Lulus
MHS00677,1,SI-C,P,71.9,63.7,68.5,54.0,25,3,3.6,1,Tidak,37.4,54.3,Tidak Lulus
MHS00678,3,SI-A,L,70.7,62.9,71.6,51.5,40,4,6.4,3,Ya,50.1,58.0,Tidak Lulus
MHS00679,6,SI-D,L,56.8,59.9,48.4,43.4,42,3,8.2,1,Tidak,54.7,51.9,Tidak Lulus
MHS00680,5,SI-B,P,98.9,71.0,50.1,60.2,40,1,5.5,0,Tidak,71.6,64.3,Lulus
MHS00681,5,SI-D,L,62.5,32.5,38.9,42.1,25,4,0.0,0,Tidak,32.2,36.1,Tidak Lulus
MHS00682,2,SI-B,P,78.7,78.9,79.3,72.2,41,4,10.3,0,Tidak,69.9,74.6,Lulus
MHS00683,1,SI-A,L,89.0,75.7,69.4,61.0,43,3,7.1,0,Ya,52.7,63.9,Lulus
MHS00684,4,SI-A,P,83.1,75.9,73.3,61.8,37,4,5.4,0,Tidak,64.1,68.3,Lulus
MHS00685,6,SI-B,P,77.3,74.6,54.0,65.6,50,2,9.1,1,Tidak,56.7,62.9,Lulus
MHS00686,4,SI-B,P,57.6,82.8,67.9,64.5,53,5,11.1,1,Tidak,50.3,65.5,Lulus
MHS00687,4,SI-B,P,68.3,43.7,37.1,35.3,36,1,0.0,0,Tidak,27.7,35.5,Tidak Lulus
MHS00688,2,SI-D,L,80.3,69.3,70.7,70.3,44,3,7.8,2,Ya,55.5,65.7,Lulus
MHS00689,5,SI-B,P,68.6,72.9,65.0,63.7,29,0,2.2,2,Tidak,50.8,62.4,Lulus
MHS00690,2,SI-A,L,80.4,72.2,68.2,72.5,44,2,8.0,1,Ya,77.6,73.1,Lulus
MHS00691,2,SI-A,L,86.2,70.9,66.6,66.6,36,3,6.9,0,Tidak,63.6,66.8,Lulus
MHS00692,3,SI-C,P,89.6,89.5,66.3,65.5,39,4,8.4,1,Tidak,71.2,73.4,Lulus
MHS00693,3,SI-B,P,63.3,55.2,36.8,41.8,38,3,5.0,2,Tidak,55.8,48.3,Tidak Lulus
MHS00694,2,SI-D,P,100.0,60.4,71.0,58.7,30,6,0.9,1,Tidak,46.7,58.0,Tidak Lulus
MHS00695,1,SI-D,L,87.2,49.4,45.0,31.2,30,2,5.1,1,Tidak,44.2,42.4,Tidak Lulus
MHS00696,4,SI-D,P,78.0,75.6,71.3,65.7,44,6,7.7,1,Tidak,73.5,71.6,Lulus
MHS00697,2,SI-C,P,91.1,62.5,41.3,39.9,48,1,9.5,2,Tidak,52.4,49.6,Tidak Lulus
MHS00698,4,SI-A,L,100.0,73.1,79.2,67.3,38,3,3.0,0,Tidak,57.3,68.1,Lulus
MHS00699,1,SI-D,L,60.7,44.8,73.7,45.8,48,2,9.6,7,Ya,54.4,53.7,Tidak Lulus
MHS00700,3,SI-A,L,75.3,51.0,66.8,69.3,45,1,4.6,1,Tidak,60.2,61.5,Lulus
MHS00701,3,SI-C,L,49.5,76.3,63.8,46.0,45,4,7.6,3,Tidak,49.2,58.1,Tidak Lulus
MHS00702,1,SI-B,P,80.3,80.5,78.8,71.9,43,0,5.0,1,Tidak,55.0,70.4,Lulus
MHS00703,2,SI-B,P,82.4,62.9,66.4,60.7,39,6,7.0,1,Ya,79.3,68.0,Lulus
MHS00704,1,SI-B,P,77.5,65.6,64.4,63.6,54,3,9.2,4,Tidak,60.1,63.2,Lulus
MHS00705,1,SI-D,P,70.1,82.6,31.6,45.9,36,2,2.8,0,Ya,53.2,54.4,Tidak Lulus
MHS00706,6,SI-B,L,53.4,53.8,43.6,27.8,43,2,4.5,4,Tidak,33.5,39.2,Tidak Lulus
MHS00707,2,SI-D,P,82.5,84.7,79.6,74.3,41,7,7.1,1,Tidak,79.1,79.4,Lulus
MHS00708,5,SI-C,L,95.5,100.0,93.2,91.2,51,7,13.7,0,Tidak,94.0,94.6,Lulus
MHS00709,2,SI-C,P,70.9,51.7,46.6,48.8,33,0,3.9,2,Ya,42.1,47.1,Tidak Lulus
MHS00710,4,SI-D,L,83.3,100.0,90.9,82.9,58,2,12.6,1,Tidak,66.9,84.0,Lulus
MHS00711,5,SI-A,P,59.2,64.5,91.1,67.5,48,3,12.5,1,Tidak,59.2,69.0,Lulus
MHS00712,4,SI-B,L,83.5,74.1,67.1,71.3,40,4,6.2,2,Tidak,76.6,72.8,Lulus
MHS00713,3,SI-B,L,73.3,71.7,64.3,63.6,30,2,5.6,4,Tidak,45.4,60.3,Lulus
MHS00714,3,SI-B,P,68.9,33.8,34.0,30.6,31,2,4.4,3,Ya,28.9,31.6,Tidak Lulus
MHS00715,2,SI-D,L,68.9,36.5,46.7,42.3,40,3,6.3,3,Tidak,29.1,37.8,Tidak Lulus
MHS00716,6,SI-C,P,73.3,54.5,47.1,38.0,36,0,2.3,2,Tidak,41.7,45.1,Tidak Lulus
MHS00717,5,SI-B,L,82.6,60.7,78.6,71.1,41,4,6.3,1,Tidak,62.0,67.3,Lulus
MHS00718,6,SI-C,P,62.3,80.1,85.3,76.9,46,5,11.0,0,Tidak,69.8,77.2,Lulus
MHS00719,1,SI-B,L,73.2,53.2,61.3,66.5,39,1,4.7,1,Tidak,46.5,56.1,Tidak Lulus
MHS00720,5,SI-B,L,77.5,71.6,67.2,70.7,42,3,5.8,0,Tidak,66.4,68.9,Lulus
MHS00721,6,SI-D,L,64.8,37.9,45.5,40.4,20,3,1.4,3,Tidak,41.0,41.0,Tidak Lulus
MHS00722,2,SI-A,L,99.6,100.0,96.1,100.0,53,9,7.6,0,Ya,84.7,94.6,Lulus
MHS00723,1,SI-D,L,67.8,41.0,41.5,46.0,38,5,7.3,3,Tidak,37.4,41.3,Tidak Lulus
MHS00724,5,SI-B,L,70.0,70.8,76.0,70.9,40,3,6.7,0,Tidak,62.6,69.4,Lulus
MHS00725,4,SI-B,L,66.3,59.4,66.1,36.9,37,3,5.8,6,Tidak,32.8,47.1,Tidak Lulus
MHS00726,5,SI-A,L,99.6,68.7,60.4,72.4,47,2,5.6,1,Tidak,73.4,69.4,Lulus
MHS00727,1,SI-C,P,84.6,70.5,70.0,88.2,56,3,8.0,0,Tidak,80.8,77.9,Lulus
MHS00728,5,SI-C,P,66.8,63.4,57.5,55.8,51,3,6.4,3,Tidak,50.7,56.5,Tidak Lulus
MHS00729,2,SI-B,L,91.3,75.5,72.9,77.5,41,4,7.4,1,Tidak,65.7,72.5,Lulus
MHS00730,1,SI-C,P,80.4,75.3,71.9,77.9,45,1,7.1,0,Tidak,75.7,75.4,Lulus
MHS00731,1,SI-B,P,81.1,85.6,78.7,90.6,51,2,9.9,0,Tidak,75.6,82.5,Lulus
MHS00732,5,SI-A,L,73.9,72.0,63.6,67.2,44,3,8.5,2,Tidak,66.4,67.4,Lulus
MHS00733,4,SI-A,P,69.0,63.7,58.1,41.0,36,8,7.1,4,Ya,66.2,57.7,Tidak Lulus
MHS00734,3,SI-B,L,82.1,82.8,86.0,80.9,40,2,11.1,0,Ya,78.8,81.8,Lulus
MHS00735,2,SI-A,L,71.5,65.7,70.5,68.3,45,5,7.8,2,Tidak,61.1,65.9,Lulus
MHS00736,6,SI-D,L,99.8,96.0,96.7,92.1,42,2,10.4,3,Ya,80.5,90.5,Lulus
MHS00737,3,SI-D,P,62.8,81.3,68.4,61.0,38,4,8.3,3,Tidak,63.5,68.3,Lulus
MHS00738,5,SI-A,P,96.4,44.1,59.3,53.6,26,3,1.0,0,Tidak,53.1,52.2,Tidak Lulus
MHS00739,3,SI-B,L,76.7,83.0,63.8,64.2,55,2,10.4,2,Tidak,54.7,66.0,Lulus
MHS00740,3,SI-B,L,81.6,64.1,53.5,57.6,45,3,6.9,1,Tidak,51.0,56.4,Tidak Lulus
MHS00741,3,SI-A,P,88.0,60.7,66.0,63.3,38,8,6.3,2,Tidak,74.7,66.6,Lulus
MHS00742,2,SI-C,L,70.4,58.0,49.0,58.7,36,5,7.3,0,Tidak,52.1,54.6,Tidak Lulus
MHS00743,5,SI-D,L,88.4,70.1,68.0,69.1,30,2,5.5,1,Tidak,54.4,64.7,Lulus
MHS00744,3,SI-C,P,45.5,66.1,53.2,43.3,55,4,7.2,4,Ya,43.8,51.1,Tidak Lulus
MHS00745,2,SI-B,P,69.4,43.7,30.3,29.1,31,2,4.7,3,Tidak,26.2,32.1,Tidak Lulus
MHS00746,6,SI-B,P,66.9,79.4,64.8,65.9,50,7,10.3,3,Tidak,60.3,67.4,Lulus
MHS00747,3,SI-C,P,63.0,77.0,46.6,49.7,44,5,6.2,3,Ya,54.2,57.3,Tidak Lulus
MHS00748,4,SI-A,P,75.4,71.3,70.3,75.5,44,4,5.4,2,Tidak,63.9,69.9,Lulus
MHS00749,6,SI-C,L,82.6,65.6,67.8,69.5,35,3,3.7,1,Tidak,59.6,65.2,Lulus
MHS00750,4,SI-C,L,86.4,100.0,90.5,82.5,46,3,7.3,3,Ya,73.7,85.8,Lulus
MHS00751,1,SI-D,L,80.9,81.1,50.8,57.2,39,5,7.1,0,Tidak,49.2,59.5,Tidak Lulus
MHS00752,6,SI-D,P,70.0,72.1,76.7,56.9,37,3,7.7,0,Ya,77.0,70.7,Lulus
MHS00753,4,SI-C,P,82.4,58.0,46.5,53.8,30,0,3.4,0,Tidak,61.9,55.8,Tidak Lulus
MHS00754,2,SI-C,L,79.5,77.6,62.1,61.0,23,3,1.7,2,Ya,56.5,64.0,Lulus
MHS00755,1,SI-B,P,89.2,65.7,50.3,48.3,49,2,8.4,0,Tidak,63.7,57.7,Tidak Lulus
MHS00756,5,SI-D,L,87.3,81.4,72.0,78.9,47,3,11.0,0,Tidak,74.9,76.9,Lulus
MHS00757,4,SI-D,L,78.4,63.9,82.8,67.3,31,1,3.4,0,Tidak,55.1,65.9,Lulus
MHS00758,3,SI-B,L,67.2,91.7,77.5,52.2,40,6,11.3,1,Tidak,67.0,71.6,Lulus
MHS00759,6,SI-A,L,70.2,63.3,33.3,39.8,43,7,7.4,3,Tidak,44.5,45.8,Tidak Lulus
MHS00760,5,SI-D,P,71.4,54.5,32.2,38.6,39,3,6.5,2,Tidak,50.2,44.8,Tidak Lulus
MHS00761,1,SI-D,L,74.2,53.5,51.9,44.0,38,4,5.3,0,Tidak,49.5,49.6,Tidak Lulus
MHS00762,2,SI-A,P,81.2,60.3,57.9,55.5,35,1,2.3,4,Tidak,56.8,57.6,Tidak Lulus
MHS00763,2,SI-D,P,86.6,82.0,65.8,81.3,52,4,9.5,4,Tidak,66.1,73.8,Lulus
MHS00764,5,SI-D,L,77.4,61.8,67.2,65.0,44,1,4.2,0,Ya,56.2,62.0,Lulus
MHS00765,1,SI-A,P,78.2,78.7,65.2,70.0,35,2,4.2,0,Tidak,72.8,72.1,Lulus
MHS00766,4,SI-A,L,79.7,100.0,100.0,78.0,57,4,9.5,2,Ya,91.7,92.0,Lulus
MHS00767,5,SI-C,L,71.8,44.6,56.2,51.1,31,5,0.9,2,Tidak,42.8,48.0,Tidak Lulus
MHS00768,6,SI-B,L,66.9,65.1,73.9,57.5,28,3,1.9,1,Tidak,54.2,61.7,Lulus
MHS00769,2,SI-B,P,56.9,66.2,78.3,60.3,37,3,6.4,2,Tidak,55.2,63.8,Lulus
MHS00770,5,SI-A,L,69.7,54.6,67.3,53.8,45,3,7.4,1,Tidak,54.6,56.9,Tidak Lulus
MHS00771,1,SI-A,L,83.7,58.8,59.4,49.4,40,4,8.0,0,Tidak,54.7,55.3,Tidak Lulus
MHS00772,5,SI-D,L,69.6,66.6,52.8,61.4,38,4,5.6,2,Tidak,68.5,63.1,Lulus
MHS00773,1,SI-C,L,75.1,93.5,89.8,82.3,61,4,14.1,2,Tidak,76.6,84.9,Lulus
MHS00774,3,SI-C,P,83.6,69.2,48.3,52.5,45,2,5.8,4,Tidak,52.5,55.8,Tidak Lulus
MHS00775,5,SI-A,L,84.2,73.3,52.2,73.9,42,0,5.8,2,Ya,61.7,65.8,Lulus
MHS00776,1,SI-D,L,65.0,62.2,65.9,48.6,36,3,4.1,1,Ya,33.9,51.1,Tidak Lulus
MHS00777,2,SI-D,L,90.0,81.9,86.4,82.0,38,2,6.9,1,Ya,76.9,81.3,Lulus
MHS00778,5,SI-B,L,91.5,91.2,92.1,100.0,44,4,8.3,0,Tidak,84.1,91.4,Lulus
MHS00779,5,SI-B,P,64.4,78.0,56.6,61.0,40,3,10.1,4,Tidak,48.8,60.7,Lulus
MHS00780,4,SI-D,L,68.1,51.5,57.2,39.6,32,3,2.0,2,Ya,35.1,44.7,Tidak Lulus
MHS00781,4,SI-B,P,92.3,76.6,58.1,73.2,34,3,5.8,1,Ya,79.7,73.0,Lulus
MHS00782,4,SI-A,L,76.2,69.6,84.1,64.6,34,6,7.8,2,Tidak,55.7,67.1,Lulus
MHS00783,2,SI-D,L,51.4,41.2,42.6,34.2,45,4,8.3,4,Ya,32.8,37.2,Tidak Lulus
MHS00784,2,SI-B,P,61.2,61.7,39.2,38.2,41,2,6.5,3,Tidak,34.2,43.1,Tidak Lulus
MHS00785,2,SI-C,L,75.0,63.3,62.4,73.9,45,2,8.1,1,Tidak,52.9,62.6,Lulus
MHS00786,6,SI-D,P,64.0,63.8,47.3,44.5,31,0,4.1,3,Tidak,43.9,49.7,Tidak Lulus
MHS00787,4,SI-D,P,73.0,95.7,81.5,70.0,50,3,11.2,1,Ya,78.6,81.3,Lulus
MHS00788,3,SI-C,L,78.4,90.3,77.8,86.0,46,3,9.5,0,Tidak,73.2,81.6,Lulus
MHS00789,3,SI-A,L,95.5,56.6,42.9,36.1,37,0,2.5,5,Tidak,31.2,41.1,Tidak Lulus
MHS00790,6,SI-C,P,74.5,83.1,62.3,62.8,29,0,3.3,1,Ya,62.1,67.6,Lulus
MHS00791,1,SI-D,L,90.9,73.9,53.6,53.3,42,1,3.4,3,Tidak,55.0,59.0,Tidak Lulus
MHS00792,4,SI-A,L,95.1,82.0,70.4,77.3,50,4,8.5,2,Tidak,71.0,75.2,Lulus
MHS00793,3,SI-B,L,95.2,79.7,46.4,57.2,31,5,2.6,1,Tidak,68.5,64.1,Lulus
MHS00794,4,SI-B,L,81.4,60.1,65.4,49.6,41,3,5.5,1,Tidak,65.2,60.1,Lulus
MHS00795,1,SI-B,P,54.4,72.5,78.0,65.7,44,3,7.9,0,Tidak,56.9,67.2,Lulus
MHS00796,6,SI-D,L,83.5,80.5,84.7,70.2,33,2,6.3,1,Tidak,82.1,79.2,Lulus
MHS00797,6,SI-C,L,90.6,87.3,75.8,82.9,41,6,7.3,0,Tidak,75.8,80.4,Lulus
MHS00798,4,SI-A,P,77.0,57.9,40.7,48.4,35,1,3.3,2,Tidak,40.5,46.9,Tidak Lulus
MHS00799,4,SI-B,L,98.9,74.7,74.2,88.7,49,2,8.3,3,Tidak,76.7,78.7,Lulus
MHS00800,6,SI-A,L,88.3,69.4,77.6,65.4,28,4,4.7,0,Tidak,67.6,69.5,Lulus
MHS00801,4,SI-D,P,84.8,70.1,78.3,78.2,53,5,5.5,1,Tidak,69.4,73.6,Lulus
MHS00802,1,SI-B,L,91.0,82.2,98.9,80.2,46,4,7.2,0,Ya,68.9,81.0,Lulus
MHS00803,4,SI-D,P,82.0,83.0,57.1,63.8,38,6,6.8,1,Tidak,52.6,63.9,Lulus
MHS00804,4,SI-C,P,48.1,53.6,56.9,52.4,43,4,6.6,3,Tidak,32.4,47.6,Tidak Lulus
MHS00805,3,SI-D,L,72.0,85.0,74.7,60.8,27,4,4.2,0,Ya,64.9,70.9,Lulus
MHS00806,5,SI-D,L,92.4,59.4,89.5,81.5,43,1,5.6,1,Tidak,65.0,72.6,Lulus
MHS00807,6,SI-C,L,68.3,75.3,67.8,66.1,40,4,6.5,3,Tidak,53.8,65.0,Lulus
MHS00808,6,SI-A,L,75.3,77.4,68.2,68.9,34,5,2.4,1,Tidak,58.2,67.7,Lulus
MHS00809,3,SI-C,P,65.5,58.8,76.8,66.6,29,0,5.1,2,Tidak,58.5,64.3,Lulus
MHS00810,1,SI-C,P,99.4,83.1,80.0,83.6,44,4,7.7,0,Tidak,84.8,83.1,Lulus
MHS00811,6,SI-D,L,98.2,48.4,55.7,62.3,28,3,2.7,1,Tidak,51.1,54.1,Tidak Lulus
MHS00812,5,SI-A,P,67.4,93.0,82.6,84.1,42,4,10.0,2,Tidak,69.9,81.8,Lulus
MHS00813,1,SI-B,P,79.8,79.5,78.0,74.4,48,3,10.3,0,Tidak,66.4,74.0,Lulus
MHS00814,6,SI-C,P,69.8,50.5,59.4,47.8,26,5,2.8,3,Tidak,39.7,48.4,Tidak Lulus
MHS00815,5,SI-A,L,85.4,89.3,87.7,84.5,48,3,10.6,1,Ya,90.5,88.1,Lulus
MHS00816,3,SI-C,L,84.1,66.5,44.0,58.1,44,1,6.1,0,Ya,64.3,59.2,Tidak Lulus
MHS00817,4,SI-C,L,87.7,88.8,70.4,81.7,45,4,7.8,0,Tidak,78.1,80.1,Lulus
MHS00818,3,SI-C,P,82.0,79.2,79.6,86.6,39,3,5.0,0,Tidak,64.4,76.7,Lulus
MHS00819,1,SI-C,L,100.0,76.9,91.5,72.8,51,2,9.3,2,Tidak,74.2,78.0,Lulus
MHS00820,2,SI-D,P,65.7,74.8,59.4,59.7,44,4,7.7,2,Tidak,52.7,61.3,Lulus
MHS00821,5,SI-A,L,57.5,37.3,25.1,20.8,42,3,4.1,5,Tidak,18.8,25.2,Tidak Lulus
MHS00822,1,SI-A,L,73.3,57.7,42.2,46.7,38,2,3.0,1,Tidak,49.2,49.3,Tidak Lulus
MHS00823,2,SI-A,L,59.2,53.0,57.8,46.2,30,5,2.1,2,Tidak,48.4,50.9,Tidak Lulus
MHS00824,3,SI-C,P,60.1,66.1,65.1,52.6,42,1,7.1,3,Tidak,64.4,62.0,Lulus
MHS00825,3,SI-D,L,66.0,60.5,45.8,60.6,49,5,8.2,0,Tidak,48.5,54.0,Tidak Lulus
MHS00826,6,SI-C,P,66.9,79.1,70.5,67.6,51,2,8.5,2,Ya,71.9,72.3,Lulus
MHS00827,2,SI-C,L,66.5,40.0,55.4,35.9,43,4,6.1,8,Tidak,28.2,38.5,Tidak Lulus
MHS00828,2,SI-A,L,84.2,65.4,75.3,73.1,35,3,3.0,0,Tidak,58.5,67.2,Lulus
MHS00829,5,SI-C,L,71.9,34.7,26.5,38.2,38,3,4.5,0,Tidak,51.7,39.0,Tidak Lulus
MHS00830,3,SI-B,L,75.8,69.9,83.0,67.0,54,2,10.0,1,Tidak,78.7,74.4,Lulus
MHS00831,2,SI-C,L,88.7,74.7,81.5,63.5,37,2,5.0,1,Tidak,62.7,69.7,Lulus
MHS00832,3,SI-B,L,68.8,51.4,60.1,38.2,40,2,6.9,5,Tidak,33.3,44.4,Tidak Lulus
MHS00833,1,SI-C,L,74.8,71.1,55.5,53.3,38,1,3.3,1,Tidak,38.6,53.8,Tidak Lulus
MHS00834,1,SI-D,L,82.4,75.3,56.2,62.4,42,4,7.5,2,Tidak,68.2,66.1,Lulus
MHS00835,3,SI-D,P,54.7,40.1,37.6,44.3,33,3,5.1,3,Tidak,17.4,33.8,Tidak Lulus
MHS00836,3,SI-A,P,49.4,63.5,56.0,35.8,41,3,9.6,2,Tidak,41.7,48.5,Tidak Lulus
MHS00837,6,SI-C,L,82.2,82.2,78.1,87.1,43,4,8.8,2,Ya,68.7,78.6,Lulus
MHS00838,3,SI-B,P,83.9,50.0,73.4,55.3,31,4,5.0,1,Tidak,64.8,60.4,Lulus
MHS00839,4,SI-B,P,100.0,64.9,59.0,63.1,32,4,6.1,0,Tidak,77.0,66.9,Lulus
MHS00840,4,SI-C,L,79.9,77.6,53.9,57.6,29,0,4.8,1,Tidak,42.2,57.2,Tidak Lulus
MHS00841,1,SI-B,P,87.8,59.3,42.8,45.8,33,3,2.2,2,Tidak,46.0,48.6,Tidak Lulus
MHS00842,4,SI-D,P,75.7,70.3,65.8,58.6,34,2,3.9,1,Tidak,56.9,62.5,Lulus
MHS00843,1,SI-B,L,81.6,58.6,48.1,53.7,34,6,7.1,1,Tidak,51.8,53.2,Tidak Lulus
MHS00844,6,SI-A,L,98.0,81.5,72.7,73.2,43,2,7.5,1,Ya,69.4,74.0,Lulus
MHS00845,1,SI-D,P,52.5,66.7,63.5,63.5,45,2,6.9,5,Tidak,56.0,62.0,Lulus
MHS00846,3,SI-D,L,83.0,95.8,76.6,68.4,41,2,5.6,1,Tidak,65.2,75.9,Lulus
MHS00847,1,SI-D,L,100.0,82.5,80.8,92.7,49,3,9.3,2,Tidak,93.0,87.9,Lulus
MHS00848,6,SI-C,L,81.4,66.7,59.5,64.5,43,2,6.7,2,Ya,54.6,61.1,Lulus
MHS00849,3,SI-C,L,97.8,79.2,99.7,71.5,54,6,8.6,1,Tidak,85.2,83.2,Lulus
MHS00850,4,SI-D,P,70.4,70.1,48.6,45.1,47,4,1.2,1,Tidak,53.1,54.4,Tidak Lulus
MHS00851,1,SI-C,P,77.6,70.4,74.5,55.5,29,1,0.0,0,Tidak,49.9,61.3,Lulus
MHS00852,5,SI-B,P,78.4,86.4,89.9,77.7,42,5,7.4,0,Tidak,63.1,77.9,Lulus
MHS00853,2,SI-C,L,51.4,32.4,37.2,46.1,33,3,2.2,0,Tidak,26.9,35.1,Tidak Lulus
MHS00854,6,SI-C,L,64.0,79.8,66.2,69.8,43,3,5.9,0,Tidak,53.4,66.7,Lulus
MHS00855,2,SI-D,L,64.8,67.0,59.5,47.2,44,1,5.6,2,Ya,55.3,57.0,Tidak Lulus
MHS00856,2,SI-A,L,87.9,88.8,92.9,93.1,45,3,11.3,1,Tidak,80.2,88.1,Lulus
MHS00857,1,SI-A,L,88.5,91.7,67.8,65.8,34,3,7.7,0,Tidak,79.8,76.9,Lulus
MHS00858,3,SI-A,P,81.9,83.6,58.3,58.3,39,5,7.0,1,Tidak,66.3,67.0,Lulus
MHS00859,4,SI-B,P,87.9,80.2,62.1,78.5,46,2,9.0,0,Tidak,69.5,72.9,Lulus
MHS00860,1,SI-C,L,76.0,68.0,69.9,72.8,37,2,7.6,1,Ya,64.9,68.6,Lulus
MHS00861,5,SI-A,P,92.4,60.1,56.0,66.6,37,0,5.1,1,Tidak,47.6,57.2,Tidak Lulus
MHS00862,3,SI-D,L,78.1,61.0,69.8,63.8,48,3,9.7,2,Tidak,58.3,62.6,Lulus
MHS00863,3,SI-A,L,78.7,68.0,58.1,57.5,39,2,3.2,1,Ya,56.9,60.1,Lulus
MHS00864,3,SI-A,P,74.8,79.4,71.9,58.4,47,3,7.5,1,Tidak,59.5,66.7,Lulus
MHS00865,3,SI-C,L,86.2,53.5,54.4,55.2,35,1,1.9,0,Tidak,46.8,52.1,Tidak Lulus
MHS00866,4,SI-C,P,72.9,74.5,73.1,62.0,50,7,7.1,0,Tidak,72.9,70.6,Lulus
MHS00867,1,SI-C,P,89.7,74.5,60.1,64.4,39,3,7.1,1,Tidak,56.4,63.7,Lulus
MHS00868,2,SI-B,L,64.4,78.3,71.4,84.7,48,1,11.5,2,Tidak,69.8,76.0,Lulus
MHS00869,5,SI-B,P,64.8,66.2,48.7,51.2,31,1,1.8,2,Tidak,49.7,54.0,Tidak Lulus
MHS00870,6,SI-A,L,86.2,91.7,78.9,65.3,37,4,4.7,1,Tidak,72.1,76.7,Lulus
MHS00871,3,SI-C,L,76.9,69.5,70.8,77.6,42,5,9.0,0,Tidak,60.3,69.0,Lulus
MHS00872,2,SI-A,L,72.6,77.9,72.6,76.6,43,2,7.5,2,Tidak,64.0,72.3,Lulus
MHS00873,4,SI-D,L,88.7,86.6,76.4,86.9,35,3,7.0,0,Tidak,82.0,83.3,Lulus
MHS00874,3,SI-D,P,70.7,73.5,58.9,54.2,33,1,3.6,1,Tidak,49.1,58.4,Tidak Lulus
MHS00875,1,SI-C,L,75.6,64.9,53.3,52.6,35,4,4.7,3,Tidak,42.1,52.7,Tidak Lulus
MHS00876,1,SI-C,P,94.8,86.5,85.8,70.0,45,2,10.2,2,Tidak,67.5,76.5,Lulus
MHS00877,5,SI-D,P,96.5,85.3,59.6,82.0,42,5,6.3,1,Tidak,74.5,76.1,Lulus
MHS00878,4,SI-C,L,96.9,81.4,69.0,75.0,47,4,7.6,0,Tidak,71.8,74.4,Lulus
MHS00879,1,SI-B,P,74.6,89.5,76.7,58.8,39,4,6.2,2,Tidak,58.3,69.9,Lulus
MHS00880,2,SI-B,L,92.8,40.4,38.7,58.6,30,1,3.0,3,Tidak,27.5,40.7,Tidak Lulus
MHS00881,2,SI-C,L,66.6,80.2,86.9,68.2,47,3,9.3,0,Tidak,81.4,78.9,Lulus
MHS00882,4,SI-D,L,67.1,87.6,59.5,60.7,46,4,8.0,1,Tidak,58.8,66.6,Lulus
MHS00883,1,SI-A,L,49.8,100.0,74.3,60.9,53,6,13.4,3,Tidak,70.1,76.1,Lulus
MHS00884,1,SI-C,L,98.1,58.0,59.3,52.6,24,5,3.5,0,Tidak,67.0,59.6,Tidak Lulus
MHS00885,5,SI-C,P,67.6,58.0,64.7,57.5,52,2,9.0,5,Ya,74.0,64.0,Lulus
MHS00886,1,SI-A,L,76.5,67.7,59.7,50.8,27,2,2.6,2,Tidak,53.0,57.5,Tidak Lulus
MHS00887,4,SI-C,L,67.1,68.0,64.0,47.7,43,4,7.0,1,Tidak,55.7,58.4,Tidak Lulus
MHS00888,2,SI-A,P,86.3,74.2,66.6,76.7,51,4,9.4,1,Tidak,58.8,68.7,Lulus
MHS00889,1,SI-D,P,73.5,63.3,42.0,48.3,28,4,0.3,4,Ya,26.7,44.3,Tidak Lulus
MHS00890,2,SI-B,P,62.3,62.6,57.8,68.7,39,0,5.9,1,Tidak,34.8,54.8,Tidak Lulus
MHS00891,5,SI-D,L,83.3,53.5,53.2,52.0,45,3,4.8,1,Tidak,50.0,52.0,Tidak Lulus
MHS00892,5,SI-B,P,60.8,52.5,53.3,44.4,34,1,4.4,5,Ya,29.4,43.7,Tidak Lulus
MHS00893,5,SI-A,P,68.0,64.8,55.9,55.0,45,4,7.7,4,Ya,47.5,55.4,Tidak Lulus
MHS00894,3,SI-B,P,52.7,74.9,78.5,66.2,47,1,9.9,1,Ya,72.0,72.6,Lulus
MHS00895,4,SI-D,P,60.9,88.3,78.7,67.5,41,5,6.1,3,Tidak,64.0,73.9,Lulus
MHS00896,2,SI-B,L,80.1,69.4,69.7,63.0,47,2,7.1,1,Tidak,61.0,65.3,Lulus
MHS00897,2,SI-A,L,54.4,71.6,72.5,46.0,45,6,6.8,1,Ya,57.4,61.1,Lulus
MHS00898,6,SI-B,L,60.2,79.5,49.6,55.5,36,5,6.5,3,Tidak,44.5,57.0,Tidak Lulus
MHS00899,1,SI-C,L,78.0,65.0,68.9,65.5,38,1,3.2,1,Tidak,52.7,62.2,Lulus
MHS00900,1,SI-D,P,71.5,85.0,68.3,67.2,52,3,9.8,0,Ya,60.7,69.9,Lulus
MHS00901,2,SI-C,L,100.0,96.0,96.6,100.0,41,2,7.4,0,Tidak,93.5,96.4,Lulus
MHS00902,1,SI-A,P,100.0,93.2,74.5,75.9,42,3,7.7,0,Tidak,90.3,84.3,Lulus
MHS00903,2,SI-B,P,67.6,63.7,61.6,49.9,38,3,4.1,2,Ya,59.8,58.7,Tidak Lulus
MHS00904,4,SI-C,L,84.7,57.1,54.0,60.3,43,1,5.1,1,Ya,56.1,57.0,Tidak Lulus
MHS00905,3,SI-C,L,87.0,93.1,87.6,81.8,42,3,6.0,0,Tidak,84.3,86.5,Lulus
MHS00906,6,SI-B,P,70.8,34.2,41.8,26.0,27,1,1.9,3,Tidak,30.6,32.6,Tidak Lulus
MHS00907,5,SI-B,P,60.1,58.5,52.1,54.0,26,2,1.4,1,Tidak,43.5,51.6,Tidak Lulus
MHS00908,2,SI-D,L,77.9,62.5,77.5,61.9,42,3,4.7,0,Tidak,63.1,65.5,Lulus
MHS00909,2,SI-C,L,75.9,87.7,76.4,83.2,45,3,8.1,0,Tidak,64.2,77.3,Lulus
MHS00910,3,SI-C,L,72.8,68.8,70.3,66.4,46,2,4.5,0,Tidak,56.7,64.9,Lulus
MHS00911,4,SI-A,P,83.3,67.4,51.2,51.3,36,1,3.4,4,Tidak,40.6,52.1,Tidak Lulus
MHS00912,2,SI-D,L,69.0,49.8,35.7,46.9,31,3,4.1,7,Tidak,19.0,37.0,Tidak Lulus
MHS00913,4,SI-A,P,64.2,70.4,44.8,47.3,34,4,5.1,1,Tidak,51.3,53.8,Tidak Lulus
MHS00914,3,SI-C,L,79.3,72.2,57.4,49.9,36,3,5.4,1,Tidak,59.2,59.8,Tidak Lulus
MHS00915,4,SI-A,L,82.6,100.0,100.0,75.2,69,5,13.0,3,Ya,66.4,83.7,Lulus
MHS00916,3,SI-C,L,63.9,63.1,63.8,60.4,51,4,9.7,2,Ya,57.8,61.0,Lulus
MHS00917,2,SI-C,L,89.1,94.6,86.8,96.4,42,3,9.6,1,Tidak,80.3,89.2,Lulus
MHS00918,6,SI-A,L,56.8,58.4,54.5,45.3,46,4,10.0,7,Ya,35.9,47.6,Tidak Lulus
MHS00919,5,SI-A,L,71.1,49.2,51.9,55.6,37,4,3.5,1,Tidak,35.4,47.2,Tidak Lulus
MHS00920,1,SI-B,L,74.9,51.1,56.3,54.5,38,4,2.8,1,Tidak,48.9,52.3,Tidak Lulus
MHS00921,5,SI-B,L,70.4,57.3,66.4,52.9,41,1,3.2,1,Tidak,49.2,55.6,Tidak Lulus
MHS00922,3,SI-B,L,71.2,83.0,77.4,57.3,47,2,10.5,2,Ya,62.4,69.3,Lulus
MHS00923,6,SI-C,P,100.0,76.0,82.2,77.5,40,2,4.9,0,Tidak,79.0,78.5,Lulus
MHS00924,5,SI-A,L,67.8,66.8,58.9,59.0,23,3,2.7,3,Tidak,51.7,58.7,Tidak Lulus
MHS00925,3,SI-D,L,100.0,70.0,50.4,66.2,43,3,5.2,1,Tidak,49.1,58.9,Tidak Lulus
MHS00926,1,SI-C,P,83.2,69.1,73.3,62.7,36,2,5.8,2,Tidak,64.2,66.9,Lulus
MHS00927,2,SI-D,P,79.1,81.9,69.9,64.4,34,6,7.3,1,Ya,61.3,68.9,Lulus
MHS00928,4,SI-A,L,83.7,91.9,75.0,70.2,38,3,7.3,0,Ya,72.2,77.2,Lulus
MHS00929,4,SI-C,P,100.0,59.1,63.6,58.4,30,5,4.0,1,Tidak,71.3,63.5,Lulus
MHS00930,2,SI-D,P,66.1,72.1,69.9,59.4,36,4,8.6,5,Tidak,51.2,62.2,Lulus
MHS00931,1,SI-D,P,64.6,55.1,47.5,44.9,37,3,4.6,3,Tidak,46.8,48.5,Tidak Lulus
MHS00932,5,SI-B,L,68.9,57.6,60.5,58.6,40,2,6.0,2,Ya,50.4,56.3,Tidak Lulus
MHS00933,6,SI-B,P,78.4,72.9,66.7,57.0,54,3,8.6,2,Tidak,66.3,65.7,Lulus
MHS00934,3,SI-B,L,57.3,56.7,53.7,45.5,35,2,4.6,4,Tidak,36.6,47.3,Tidak Lulus
MHS00935,1,SI-C,P,78.3,54.8,59.8,56.1,30,3,4.8,1,Ya,52.0,55.3,Tidak Lulus
MHS00936,2,SI-A,P,98.3,88.1,80.4,74.1,46,2,8.3,2,Tidak,74.5,79.0,Lulus
MHS00937,1,SI-A,L,79.8,88.2,71.7,72.3,26,3,3.9,0,Tidak,58.5,72.0,Lulus
MHS00938,6,SI-B,P,74.5,55.9,46.8,43.1,36,3,5.3,2,Tidak,40.2,46.2,Tidak Lulus
MHS00939,1,SI-B,L,70.6,73.1,63.7,72.3,43,4,8.2,1,Tidak,66.6,69.1,Lulus
MHS00940,4,SI-B,P,88.8,100.0,95.4,92.9,53,4,12.7,0,Tidak,95.9,96.1,Lulus
MHS00941,2,SI-D,L,68.1,61.8,61.8,61.9,52,4,8.3,2,Tidak,48.8,57.9,Tidak Lulus
MHS00942,4,SI-B,L,100.0,95.6,86.1,82.8,38,5,7.9,1,Tidak,93.8,90.0,Lulus
MHS00943,4,SI-D,L,100.0,95.6,68.4,74.7,37,2,8.1,1,Tidak,87.1,82.4,Lulus
MHS00944,5,SI-A,P,81.1,69.3,64.5,49.5,31,2,3.3,6,Ya,40.0,54.6,Tidak Lulus
MHS00945,2,SI-C,L,77.9,68.6,61.9,54.0,42,2,6.8,2,Tidak,51.0,58.3,Tidak Lulus
MHS00946,1,SI-C,L,90.4,59.9,63.5,50.8,37,5,6.4,1,Tidak,57.6,57.7,Tidak Lulus
MHS00947,1,SI-C,L,91.1,94.2,62.3,71.7,54,6,7.5,2,Tidak,80.0,77.9,Lulus
MHS00948,6,SI-C,P,68.3,44.5,57.6,53.9,31,6,6.8,4,Ya,50.0,51.1,Tidak Lulus
MHS00949,6,SI-D,L,71.7,83.9,75.7,60.9,36,4,7.6,0,Tidak,63.2,70.3,Lulus
MHS00950,4,SI-D,L,62.1,54.4,47.3,56.6,41,1,5.6,3,Tidak,32.7,47.0,Tidak Lulus
MHS00951,4,SI-B,L,82.9,80.4,93.0,64.3,40,5,6.7,1,Tidak,56.5,71.7,Lulus
MHS00952,4,SI-D,L,86.0,62.9,57.1,66.0,32,3,2.8,0,Tidak,59.6,61.5,Lulus
MHS00953,1,SI-B,L,61.8,64.4,51.6,45.5,44,1,5.5,1,Ya,60.7,56.0,Tidak Lulus
MHS00954,6,SI-B,L,72.5,67.3,69.1,74.1,49,3,10.7,1,Ya,67.2,69.3,Lulus
MHS00955,3,SI-C,P,61.8,73.5,45.6,58.7,40,3,7.5,2,Tidak,53.0,58.1,Tidak Lulus
MHS00956,3,SI-D,L,67.2,46.1,59.2,71.1,38,4,6.4,3,Tidak,50.6,56.3,Tidak Lulus
MHS00957,3,SI-D,L,84.6,92.2,90.4,78.2,55,3,12.2,1,Ya,71.0,82.0,Lulus
MHS00958,1,SI-B,L,69.2,30.0,35.6,20.0,33,7,2.4,4,Tidak,36.3,30.5,Tidak Lulus
MHS00959,1,SI-B,P,74.4,53.9,50.1,36.7,37,2,3.2,0,Tidak,38.5,44.2,Tidak Lulus
MHS00960,5,SI-A,P,58.5,85.7,80.3,67.0,58,2,11.6,3,Ya,59.7,72.1,Lulus
MHS00961,1,SI-A,P,80.2,80.5,76.3,71.6,40,5,6.6,1,Tidak,71.2,74.6,Lulus
MHS00962,4,SI-B,L,77.5,57.7,63.6,52.0,49,1,5.8,2,Tidak,45.7,53.9,Tidak Lulus
MHS00963,2,SI-A,L,69.3,72.3,59.2,56.3,42,3,2.9,4,Ya,40.5,56.1,Tidak Lulus
MHS00964,3,SI-A,L,75.7,93.1,90.7,86.6,39,3,7.8,0,Tidak,84.4,88.4,Lulus
MHS00965,2,SI-B,L,80.2,79.8,81.4,76.4,44,7,8.1,2,Tidak,71.7,76.8,Lulus
MHS00966,2,SI-B,L,68.2,63.7,51.0,51.5,34,1,3.2,1,Tidak,52.6,54.8,Tidak Lulus
MHS00967,5,SI-D,P,60.3,65.7,55.4,48.4,36,4,6.1,0,Tidak,47.7,53.9,Tidak Lulus
MHS00968,2,SI-B,P,99.7,72.9,87.5,81.9,48,2,5.5,2,Tidak,69.0,76.9,Lulus
MHS00969,4,SI-B,P,70.4,75.6,65.3,74.3,44,7,7.3,1,Tidak,66.7,70.5,Lulus
MHS00970,3,SI-C,L,76.8,78.3,72.0,60.1,34,1,3.1,1,Tidak,60.0,67.0,Lulus
MHS00971,4,SI-D,P,90.1,76.4,72.1,63.5,41,2,10.3,1,Tidak,63.0,68.3,Lulus
MHS00972,6,SI-D,L,100.0,78.2,67.2,83.7,37,6,9.2,0,Tidak,72.2,75.6,Lulus
MHS00973,5,SI-D,L,63.1,54.5,57.9,50.0,42,5,5.4,5,Tidak,47.3,51.9,Tidak Lulus
MHS00974,2,SI-C,P,83.4,87.9,69.7,72.6,49,3,5.9,1,Tidak,70.7,75.3,Lulus
MHS00975,1,SI-B,L,69.5,76.1,76.3,78.7,41,5,6.1,2,Tidak,65.9,73.7,Lulus
MHS00976,2,SI-D,L,71.5,48.8,48.7,35.7,35,1,4.2,0,Ya,30.3,40.0,Tidak Lulus
MHS00977,4,SI-D,L,69.4,58.9,77.4,56.3,32,4,5.2,4,Tidak,51.1,59.6,Tidak Lulus
MHS00978,1,SI-A,P,64.5,53.6,61.2,53.2,46,5,5.7,4,Ya,50.0,53.9,Tidak Lulus
MHS00979,3,SI-D,P,77.5,100.0,68.1,91.0,52,3,11.3,1,Tidak,75.6,84.0,Lulus
MHS00980,4,SI-B,L,60.3,68.7,77.1,64.2,45,3,9.3,1,Tidak,63.7,67.8,Lulus
MHS00981,2,SI-B,P,89.4,81.5,89.0,75.3,57,2,9.3,1,Tidak,70.5,78.2,Lulus
MHS00982,5,SI-A,L,78.7,76.3,65.0,68.6,43,1,7.6,0,Tidak,66.4,69.1,Lulus
MHS00983,1,SI-D,L,83.1,54.7,59.1,59.6,33,2,3.1,3,Tidak,37.5,51.6,Tidak Lulus
MHS00984,1,SI-D,P,72.4,85.2,64.2,75.9,45,4,6.4,0,Tidak,73.5,75.2,Lulus
MHS00985,5,SI-D,P,73.6,100.0,100.0,96.7,53,3,9.4,0,Ya,82.3,93.9,Lulus
MHS00986,3,SI-C,P,81.5,76.3,52.3,43.1,32,2,2.7,1,Tidak,53.3,56.3,Tidak Lulus
MHS00987,4,SI-D,L,64.0,68.9,56.9,49.3,42,2,8.4,3,Ya,59.1,58.7,Tidak Lulus
MHS00988,3,SI-B,P,73.7,89.5,86.0,84.9,64,3,13.5,2,Ya,86.7,86.8,Lulus
MHS00989,2,SI-B,P,67.7,96.4,85.2,77.3,45,5,9.7,2,Tidak,75.3,83.1,Lulus
MHS00990,5,SI-C,P,67.3,85.4,84.7,77.6,51,2,10.7,1,Tidak,76.7,80.7,Lulus
MHS00991,5,SI-C,L,52.7,65.4,67.3,48.3,43,3,7.2,4,Tidak,54.6,58.3,Tidak Lulus
MHS00992,4,SI-D,P,94.1,88.6,77.0,79.9,50,2,9.4,1,Tidak,77.2,80.7,Lulus
MHS00993,2,SI-A,P,69.8,64.4,52.1,49.3,37,2,4.3,3,Ya,53.4,54.9,Tidak Lulus
MHS00994,4,SI-C,L,92.0,89.2,90.7,84.7,44,3,8.9,2,Tidak,69.6,82.5,Lulus
MHS00995,3,SI-C,L,90.8,100.0,100.0,92.7,35,4,8.5,0,Ya,84.5,93.5,Lulus
MHS00996,1,SI-D,L,62.6,52.8,33.9,48.5,42,2,7.4,0,Ya,57.0,49.2,Tidak Lulus
MHS00997,6,SI-D,P,64.9,74.5,76.6,68.7,40,3,10.4,2,Tidak,60.1,69.2,Lulus
MHS00998,1,SI-C,P,100.0,79.0,79.8,73.6,34,1,4.9,1,Tidak,66.0,73.9,Lulus
MHS00999,6,SI-A,P,99.0,64.2,83.6,85.7,41,0,5.9,1,Tidak,68.6,74.8,Lulus
MHS01000,3,SI-C,P,77.6,74.1,65.6,72.2,39,4,6.8,2,Ya,59.1,67.4,Lulus
MHS01001,2,SI-D,L,81.1,53.2,69.5,58.3,30,6,3.4,2,Tidak,52.0,57.4,Tidak Lulus
MHS01002,4,SI-D,L,70.4,52.4,54.9,59.4,37,5,7.2,2,Tidak,43.0,51.8,Tidak Lulus
MHS01003,6,SI-C,L,83.2,74.4,56.3,76.2,35,4,1.3,0,Ya,60.1,66.9,Lulus
MHS01004,5,SI-A,L,69.4,82.5,78.6,62.6,41,4,9.6,2,Ya,66.7,72.0,Lulus
MHS01005,5,SI-C,L,53.6,83.4,63.4,53.1,47,1,6.6,2,Tidak,62.1,65.4,Lulus
MHS01006,4,SI-C,L,62.1,65.9,59.3,53.3,34,2,4.9,3,Tidak,44.8,55.1,Tidak Lulus
MHS01007,4,SI-D,L,78.3,71.1,48.7,59.7,29,0,4.0,0,Ya,43.4,55.5,Tidak Lulus
MHS01008,5,SI-A,L,64.4,68.8,66.3,55.1,29,2,5.8,1,Ya,61.6,62.7,Lulus
MHS01009,2,SI-B,L,77.2,62.4,61.5,66.9,44,5,8.6,1,Tidak,66.4,64.5,Lulus
MHS01010,3,SI-A,L,65.1,79.5,48.0,53.2,48,5,8.1,4,Tidak,44.4,56.1,Tidak Lulus
MHS01011,2,SI-C,L,68.6,55.7,62.9,63.7,39,3,4.4,1,Ya,60.1,60.5,Lulus
MHS01012,6,SI-C,P,88.2,76.2,80.4,66.7,35,1,4.0,0,Tidak,64.8,71.2,Lulus
MHS01013,6,SI-C,P,81.0,80.3,60.3,60.5,57,1,8.5,0,Tidak,74.3,69.6,Lulus
MHS01014,1,SI-A,P,77.9,98.8,74.5,69.3,36,5,4.3,2,Ya,85.9,82.7,Lulus
MHS01015,4,SI-D,L,88.5,93.3,70.2,73.5,43,2,6.7,0,Tidak,75.2,78.3,Lulus
MHS01016,6,SI-C,P,83.8,72.2,73.6,61.2,43,1,6.9,1,Tidak,67.3,68.3,Lulus
MHS01017,2,SI-C,P,95.4,82.5,88.1,80.1,46,2,7.4,1,Tidak,87.1,84.4,Lulus
MHS01018,4,SI-A,P,72.5,85.8,78.1,65.6,45,2,9.1,2,Tidak,71.3,74.9,Lulus
MHS01019,6,SI-B,L,72.8,80.7,70.4,80.1,32,3,2.7,0,Tidak,67.5,74.5,Lulus
MHS01020,1,SI-B,P,62.4,55.1,61.2,49.7,29,1,0.8,1,Tidak,41.3,50.8,Tidak Lulus
MHS01021,4,SI-D,P,72.9,52.1,45.4,49.8,33,1,4.8,3,Tidak,32.5,44.3,Tidak Lulus
MHS01022,2,SI-D,P,89.6,100.0,88.7,76.8,48,4,11.9,0,Tidak,82.0,86.5,Lulus
MHS01023,6,SI-C,P,93.6,77.2,64.4,73.7,44,4,12.6,4,Ya,68.1,71.0,Lulus
MHS01024,6,SI-A,L,89.5,57.7,84.0,65.8,49,6,12.0,2,Tidak,68.8,68.3,Lulus
MHS01025,6,SI-C,L,56.5,60.2,58.6,61.1,40,2,5.9,0,Ya,40.6,54.2,Tidak Lulus
MHS01026,3,SI-D,L,91.0,59.9,51.9,43.2,25,2,1.2,1,Tidak,44.8,49.6,Tidak Lulus
MHS01027,5,SI-A,P,55.9,39.7,40.3,36.6,28,1,0.0,1,Ya,29.6,36.0,Tidak Lulus
MHS01028,5,SI-A,L,88.8,42.8,62.2,65.0,39,3,4.7,1,Tidak,45.0,52.9,Tidak Lulus
MHS01029,2,SI-D,L,73.6,63.8,69.9,64.3,39,1,5.9,0,Ya,63.7,65.1,Lulus
MHS01030,5,SI-B,L,86.4,76.9,95.8,78.1,48,2,10.4,2,Tidak,80.4,82.0,Lulus
MHS01031,1,SI-B,L,62.0,55.3,67.2,65.1,49,2,9.1,4,Tidak,49.6,58.4,Tidak Lulus
MHS01032,4,SI-A,L,92.1,84.0,76.8,65.8,43,5,7.2,3,Tidak,58.7,70.4,Lulus
MHS01033,2,SI-C,P,60.4,60.2,50.8,38.8,38,2,3.8,2,Tidak,38.8,46.6,Tidak Lulus
MHS01034,1,SI-B,P,70.0,71.1,76.8,53.9,37,3,3.6,2,Ya,61.3,65.0,Lulus
MHS01035,1,SI-C,L,66.0,53.6,43.5,41.0,42,2,7.3,1,Ya,50.5,47.5,Tidak Lulus
MHS01036,4,SI-B,L,56.9,62.5,38.8,48.0,48,3,8.6,4,Tidak,39.9,47.4,Tidak Lulus
MHS01037,2,SI-B,L,79.1,66.6,66.3,60.2,37,4,7.7,2,Ya,63.3,63.9,Lulus
MHS01038,5,SI-C,P,99.7,67.8,61.8,72.6,37,4,3.4,1,Tidak,59.8,65.4,Lulus
MHS01039,1,SI-D,L,100.0,91.2,91.7,88.3,41,4,8.5,1,Tidak,88.5,89.8,Lulus
MHS01040,2,SI-B,L,79.2,74.7,78.3,74.3,51,7,7.8,0,Ya,71.8,74.4,Lulus
MHS01041,3,SI-B,L,91.4,69.5,78.1,56.0,24,4,3.3,0,Ya,59.5,64.8,Lulus
MHS01042,5,SI-C,P,80.8,33.9,47.8,52.9,29,3,4.1,0,Tidak,52.1,46.9,Tidak Lulus
MHS01043,2,SI-D,P,84.0,74.0,63.6,77.8,47,5,8.6,0,Ya,73.7,72.8,Lulus
MHS01044,4,SI-B,P,73.9,55.6,63.6,55.9,44,3,5.8,3,Tidak,50.0,55.6,Tidak Lulus
MHS01045,6,SI-B,P,80.3,75.8,85.3,66.7,48,1,11.3,2,Ya,73.5,74.7,Lulus
MHS01046,4,SI-D,L,84.4,65.9,60.8,50.8,43,4,8.0,1,Tidak,57.6,58.6,Tidak Lulus
MHS01047,2,SI-B,L,71.1,71.7,59.4,65.6,42,4,5.0,2,Tidak,49.0,60.9,Lulus
MHS01048,1,SI-D,L,77.1,71.7,70.8,66.1,48,3,6.5,1,Ya,63.1,67.5,Lulus
MHS01049,6,SI-D,L,77.3,71.3,60.4,49.7,34,4,6.7,2,Ya,45.8,56.1,Tidak Lulus
MHS01050,1,SI-C,L,87.9,66.9,65.5,67.7,43,6,4.3,0,Ya,75.5,69.4,Lulus
MHS01051,6,SI-A,L,65.2,30.0,39.5,38.9,31,1,3.8,1,Tidak,24.7,32.5,Tidak Lulus
MHS01052,3,SI-D,L,77.4,81.8,60.1,79.6,42,4,8.6,0,Tidak,82.7,77.2,Lulus
MHS01053,6,SI-C,P,100.0,82.4,87.8,76.2,42,3,9.0,0,Tidak,73.7,79.3,Lulus
MHS01054,5,SI-A,P,92.0,92.5,75.4,78.9,52,3,8.3,2,Tidak,78.6,81.5,Lulus
MHS01055,6,SI-B,P,94.2,89.3,68.3,83.4,44,2,11.0,3,Ya,88.4,83.4,Lulus
MHS01056,2,SI-A,P,78.3,76.2,57.8,64.8,38,4,4.9,1,Tidak,61.0,65.1,Lulus
MHS01057,5,SI-D,L,81.9,98.0,92.4,84.1,51,4,11.5,0,Tidak,81.8,88.5,Lulus
MHS01058,3,SI-D,P,90.0,47.8,53.5,51.9,29,5,3.8,1,Tidak,51.1,51.0,Tidak Lulus
MHS01059,3,SI-D,L,96.7,54.5,75.3,62.9,37,2,3.5,1,Tidak,53.7,60.5,Lulus
MHS01060,4,SI-D,P,54.6,41.4,30.7,29.1,33,1,1.2,2,Ya,15.0,28.3,Tidak Lulus
MHS01061,6,SI-D,L,62.2,55.3,54.0,43.9,35,1,5.2,2,Tidak,45.1,49.1,Tidak Lulus
MHS01062,6,SI-C,P,93.7,73.9,71.8,79.6,37,1,5.0,0,Tidak,54.8,69.2,Lulus
MHS01063,5,SI-D,L,74.7,72.9,76.8,77.8,47,5,8.1,0,Tidak,60.4,71.2,Lulus
MHS01064,3,SI-C,L,69.9,53.2,49.0,52.8,40,4,7.2,5,Tidak,42.2,49.0,Tidak Lulus
MHS01065,3,SI-B,P,63.0,53.1,48.4,43.8,26,3,2.9,5,Tidak,28.4,42.4,Tidak Lulus
MHS01066,5,SI-D,L,71.3,87.6,66.2,65.7,42,3,5.3,2,Tidak,63.5,70.6,Lulus
MHS01067,2,SI-D,P,61.2,75.5,53.4,36.9,39,5,5.4,6,Ya,52.6,54.6,Tidak Lulus
MHS01068,1,SI-A,P,100.0,78.3,68.1,72.4,23,4,1.2,2,Tidak,61.6,69.8,Lulus
MHS01069,2,SI-B,P,77.7,74.4,74.2,66.6,39,1,3.6,0,Tidak,57.3,67.3,Lulus
MHS01070,2,SI-D,P,77.3,69.5,58.3,50.5,29,0,4.2,0,Tidak,64.5,61.0,Lulus
MHS01071,2,SI-D,P,85.1,88.0,82.6,86.9,51,3,10.8,1,Tidak,83.3,85.2,Lulus
MHS01072,2,SI-B,L,89.5,84.4,70.3,70.6,40,2,7.1,1,Tidak,74.7,75.2,Lulus
MHS01073,1,SI-C,P,89.4,78.1,58.2,74.2,39,7,8.5,0,Tidak,76.9,72.8,Lulus
MHS01074,1,SI-D,P,90.9,70.1,67.1,68.6,30,3,2.0,0,Tidak,60.6,66.3,Lulus
MHS01075,6,SI-A,P,70.4,73.9,74.3,59.5,51,3,10.1,2,Ya,60.8,66.4,Lulus
MHS01076,3,SI-D,L,74.4,85.9,72.7,76.4,44,4,10.4,2,Tidak,62.1,73.7,Lulus
MHS01077,3,SI-A,P,87.2,43.7,42.0,41.2,35,2,0.5,1,Tidak,45.8,43.4,Tidak Lulus
MHS01078,4,SI-A,P,71.7,44.2,36.5,29.1,34,1,4.4,2,Tidak,35.7,36.3,Tidak Lulus
MHS01079,2,SI-D,P,77.9,94.4,88.7,84.5,35,5,8.0,1,Tidak,81.2,86.8,Lulus
MHS01080,6,SI-D,L,82.8,91.4,81.9,79.7,43,5,8.4,0,Tidak,64.3,78.4,Lulus
MHS01081,5,SI-A,L,87.4,78.9,92.4,78.0,32,1,4.5,0,Tidak,78.0,81.1,Lulus
MHS01082,1,SI-B,L,56.7,45.9,27.9,43.0,31,3,5.6,2,Tidak,30.0,36.8,Tidak Lulus
MHS01083,3,SI-B,P,86.6,79.3,69.1,57.4,33,4,4.7,2,Ya,47.8,62.3,Lulus
MHS01084,6,SI-D,P,75.2,70.5,61.4,55.1,49,2,6.8,0,Ya,51.7,59.2,Tidak Lulus
MHS01085,6,SI-C,L,86.5,100.0,92.4,77.1,46,1,10.1,0,Tidak,77.2,85.9,Lulus
MHS01086,3,SI-B,L,87.3,71.3,72.7,60.7,44,2,4.2,3,Tidak,52.5,63.3,Lulus
MHS01087,4,SI-D,L,97.3,87.8,67.8,78.1,46,4,9.5,1,Tidak,75.7,77.7,Lulus
MHS01088,1,SI-B,L,94.2,69.2,73.6,82.3,33,3,4.2,3,Tidak,67.3,72.8,Lulus
MHS01089,6,SI-C,P,94.2,56.6,67.2,60.9,32,1,4.0,1,Tidak,56.0,59.6,Tidak Lulus
MHS01090,2,SI-D,P,95.3,96.8,75.1,81.9,59,3,9.0,0,Tidak,78.1,83.1,Lulus
MHS01091,6,SI-C,L,81.5,76.7,73.9,59.3,41,2,9.3,1,Tidak,65.0,68.3,Lulus
MHS01092,4,SI-D,L,78.4,100.0,86.9,77.0,42,4,9.1,0,Tidak,79.5,85.5,Lulus
MHS01093,4,SI-C,L,88.5,55.7,53.8,36.6,40,3,2.6,3,Ya,55.1,50.4,Tidak Lulus
MHS01094,3,SI-B,P,86.8,78.7,74.5,89.3,28,1,5.1,0,Tidak,66.4,76.8,Lulus
MHS01095,2,SI-B,L,74.3,54.9,63.9,41.0,48,2,9.0,4,Tidak,45.0,50.3,Tidak Lulus
MHS01096,1,SI-C,L,82.9,86.1,84.8,72.4,40,5,6.6,0,Tidak,85.1,82.1,Lulus
MHS01097,2,SI-C,L,77.6,54.8,58.4,54.7,40,3,3.3,0,Tidak,43.6,52.1,Tidak Lulus
MHS01098,2,SI-C,P,67.8,82.1,75.4,81.1,49,5,7.9,2,Ya,67.2,76.0,Lulus
MHS01099,5,SI-D,P,93.5,78.9,67.4,70.4,39,4,4.4,1,Tidak,60.2,68.9,Lulus
MHS01100,2,SI-B,P,78.7,66.7,65.7,54.0,43,5,11.9,2,Tidak,51.4,58.7,Tidak Lulus
MHS01101,1,SI-D,L,100.0,96.8,94.3,82.8,45,2,11.1,4,Tidak,80.8,88.0,Lulus
MHS01102,6,SI-B,L,58.5,87.2,67.2,63.8,42,2,8.3,2,Tidak,67.3,71.4,Lulus
MHS01103,6,SI-A,L,71.3,82.4,99.4,71.9,44,2,10.6,3,Ya,85.7,84.2,Lulus
MHS01104,6,SI-D,P,78.4,65.6,62.2,52.9,40,4,6.7,3,Tidak,52.3,57.8,Tidak Lulus
MHS01105,6,SI-B,L,91.6,81.9,73.4,67.5,34,4,8.8,1,Tidak,73.5,74.1,Lulus
MHS01106,1,SI-B,P,82.8,90.5,79.5,72.5,54,3,10.9,0,Tidak,80.2,80.7,Lulus
MHS01107,3,SI-D,P,81.7,78.3,81.1,64.8,49,3,7.2,1,Tidak,65.6,71.7,Lulus
MHS01108,5,SI-D,P,64.5,67.1,71.5,52.3,54,1,5.7,2,Tidak,60.5,62.3,Lulus
MHS01109,4,SI-B,L,64.1,70.0,51.9,47.5,29,7,1.4,2,Ya,46.9,53.8,Tidak Lulus
MHS01110,1,SI-D,L,81.9,70.0,61.1,69.6,38,6,6.3,0,Tidak,72.1,68.8,Lulus
MHS01111,5,SI-C,L,61.6,91.8,85.8,64.4,48,3,9.0,0,Tidak,66.3,76.1,Lulus
MHS01112,2,SI-D,P,71.6,94.2,70.3,65.9,47,3,9.3,0,Ya,63.7,73.2,Lulus
MHS01113,2,SI-D,P,84.0,82.8,68.4,70.3,42,3,8.0,1,Tidak,59.8,69.9,Lulus
MHS01114,3,SI-D,L,66.2,60.6,42.6,49.3,48,1,4.9,4,Tidak,28.1,44.4,Tidak Lulus
MHS01115,4,SI-B,L,97.3,68.0,42.8,68.4,26,2,0.6,0,Tidak,65.5,62.3,Lulus
MHS01116,4,SI-C,P,92.7,79.5,53.5,67.2,43,3,5.0,3,Tidak,68.4,67.9,Lulus
MHS01117,1,SI-A,P,59.1,58.0,60.1,52.9,30,2,5.6,2,Ya,42.2,52.4,Tidak Lulus
MHS01118,6,SI-A,L,66.8,66.3,39.9,48.4,39,4,5.6,2,Tidak,37.7,48.0,Tidak Lulus
MHS01119,2,SI-C,P,50.6,69.3,60.4,52.2,56,5,8.4,3,Ya,46.1,56.3,Tidak Lulus
MHS01120,1,SI-C,L,68.6,71.5,75.8,59.6,57,5,12.5,1,Tidak,66.7,67.9,Lulus
MHS01121,6,SI-C,L,87.2,76.1,84.3,77.0,37,3,6.9,1,Tidak,63.9,74.3,Lulus
MHS01122,6,SI-B,P,73.0,54.6,56.4,50.8,39,4,5.8,1,Tidak,53.9,53.8,Tidak Lulus
MHS01123,5,SI-A,P,83.5,69.6,74.9,68.3,36,1,5.7,1,Tidak,59.8,67.4,Lulus
MHS01124,5,SI-C,P,59.7,48.0,39.8,36.8,41,5,6.9,1,Tidak,47.5,43.4,Tidak Lulus
MHS01125,4,SI-B,L,87.6,40.0,47.5,50.4,31,5,4.0,0,Ya,56.3,49.0,Tidak Lulus
MHS01126,4,SI-A,P,71.3,54.0,53.3,46.0,38,2,6.9,1,Ya,41.8,48.2,Tidak Lulus
MHS01127,1,SI-D,L,78.1,86.9,76.2,76.3,41,3,7.9,1,Tidak,60.9,74.3,Lulus
MHS01128,3,SI-B,L,76.9,81.5,76.0,68.9,53,2,7.1,0,Tidak,69.4,73.6,Lulus
MHS01129,3,SI-A,L,62.7,67.8,62.2,60.0,36,4,7.9,1,Tidak,53.8,60.5,Lulus
MHS01130,2,SI-B,L,64.2,58.1,64.1,50.0,43,6,7.8,4,Ya,58.9,57.5,Tidak Lulus
MHS01131,5,SI-A,P,89.6,55.0,43.5,53.9,19,2,1.2,3,Ya,48.1,50.4,Tidak Lulus
MHS01132,3,SI-A,P,82.8,87.5,80.6,76.9,52,2,8.4,2,Tidak,67.7,77.5,Lulus
MHS01133,1,SI-D,L,90.6,68.3,42.2,48.4,37,3,4.5,2,Tidak,62.3,56.3,Tidak Lulus
MHS01134,2,SI-B,L,81.9,86.9,72.8,62.4,32,0,3.2,0,Tidak,59.6,69.8,Lulus
MHS01135,4,SI-C,L,79.7,77.9,75.3,74.8,35,4,3.2,0,Tidak,56.9,70.3,Lulus
MHS01136,1,SI-D,L,57.3,78.0,75.2,45.9,37,3,7.8,1,Ya,55.5,62.7,Lulus
MHS01137,5,SI-D,P,74.8,61.0,73.6,71.0,31,4,5.8,3,Ya,53.0,63.6,Lulus
MHS01138,3,SI-A,P,77.7,66.4,55.6,49.3,29,5,1.5,1,Ya,59.5,57.9,Tidak Lulus
MHS01139,3,SI-C,L,100.0,100.0,61.9,79.8,39,3,7.9,2,Tidak,66.3,77.2,Lulus
MHS01140,4,SI-B,L,86.2,80.3,50.4,61.2,33,0,2.2,2,Tidak,59.1,63.2,Lulus
MHS01141,5,SI-C,P,96.4,89.4,82.0,75.7,39,5,6.9,1,Tidak,74.4,80.0,Lulus
MHS01142,2,SI-C,P,85.2,82.5,80.9,77.5,36,3,7.2,0,Tidak,61.6,74.7,Lulus
MHS01143,4,SI-C,L,69.5,80.5,68.8,64.7,44,6,9.2,3,Tidak,64.2,69.3,Lulus
MHS01144,4,SI-C,L,79.4,73.6,64.8,73.9,55,3,11.8,1,Tidak,76.4,72.8,Lulus
MHS01145,2,SI-C,P,80.8,55.5,61.2,46.0,33,4,2.4,4,Tidak,44.4,50.9,Tidak Lulus
MHS01146,6,SI-A,L,66.7,60.6,61.9,59.5,46,5,6.3,3,Tidak,49.6,57.3,Tidak Lulus
MHS01147,5,SI-A,L,73.4,73.7,74.0,51.0,41,1,5.7,0,Tidak,71.0,67.3,Lulus
MHS01148,4,SI-D,P,75.5,57.8,62.9,62.9,45,3,7.8,2,Tidak,63.6,61.8,Lulus
MHS01149,5,SI-A,P,97.3,75.9,84.2,77.5,44,4,7.1,0,Tidak,81.5,79.6,Lulus
MHS01150,5,SI-D,P,53.0,66.5,26.8,44.2,36,4,5.4,2,Ya,26.2,40.9,Tidak Lulus
MHS01151,4,SI-D,P,92.5,55.4,55.5,64.7,36,2,5.2,0,Tidak,53.4,57.1,Tidak Lulus
MHS01152,5,SI-B,P,66.8,37.3,33.5,49.0,33,7,3.2,2,Tidak,35.8,39.0,Tidak Lulus
MHS01153,4,SI-C,L,61.5,85.0,80.3,68.5,51,3,9.5,3,Ya,68.1,74.9,Lulus
MHS01154,4,SI-A,L,92.2,100.0,86.1,76.5,33,3,7.9,0,Tidak,85.6,87.0,Lulus
MHS01155,4,SI-B,L,86.8,93.3,81.5,94.3,53,3,9.3,0,Tidak,75.4,85.8,Lulus
MHS01156,5,SI-A,L,93.1,48.2,35.3,53.1,36,2,5.6,1,Tidak,52.5,48.1,Tidak Lulus
MHS01157,1,SI-D,P,87.6,58.0,49.9,62.5,33,3,4.5,1,Tidak,45.9,53.9,Tidak Lulus
MHS01158,6,SI-A,P,100.0,68.2,73.3,65.5,33,1,3.3,1,Tidak,67.8,68.4,Lulus
MHS01159,6,SI-C,P,84.7,71.1,79.4,66.3,44,2,7.6,2,Tidak,56.0,67.0,Lulus
MHS01160,1,SI-D,P,76.1,51.6,67.5,56.4,40,2,3.4,2,Tidak,57.9,57.9,Tidak Lulus
MHS01161,5,SI-D,L,82.1,100.0,87.6,86.5,51,2,12.0,2,Tidak,81.5,88.6,Lulus
MHS01162,1,SI-B,L,92.9,74.9,71.3,69.7,23,1,2.6,1,Tidak,59.2,68.2,Lulus
MHS01163,2,SI-C,P,68.6,79.4,64.1,55.4,43,6,7.3,1,Ya,64.3,65.8,Lulus
MHS01164,5,SI-D,P,70.2,79.4,83.7,86.7,51,4,11.2,0,Tidak,71.2,79.6,Lulus
MHS01165,1,SI-C,P,74.3,81.6,74.3,57.6,43,4,8.3,3,Ya,62.7,68.5,Lulus
MHS01166,5,SI-A,P,52.7,52.4,56.6,51.2,41,6,7.0,2,Tidak,38.0,48.6,Tidak Lulus
MHS01167,5,SI-C,P,79.7,66.9,45.8,49.4,39,3,3.6,5,Tidak,44.7,51.6,Tidak Lulus
MHS01168,3,SI-D,P,55.4,44.7,51.4,62.5,36,5,2.4,2,Tidak,39.8,49.0,Tidak Lulus
MHS01169,1,SI-B,L,78.6,65.0,55.4,54.4,44,4,8.8,3,Tidak,51.9,56.5,Tidak Lulus
MHS01170,2,SI-D,P,88.4,84.8,88.8,69.9,53,4,11.0,2,Tidak,74.4,78.8,Lulus
MHS01171,4,SI-C,P,72.3,67.9,58.4,61.9,35,0,5.2,2,Tidak,44.8,57.6,Tidak Lulus
MHS01172,6,SI-C,L,98.1,89.6,69.2,69.3,38,4,3.1,0,Tidak,85.6,79.2,Lulus
MHS01173,4,SI-D,P,60.5,45.2,65.6,56.7,32,1,0.0,1,Ya,42.8,51.4,Tidak Lulus
MHS01174,2,SI-C,L,92.3,50.1,46.9,59.1,38,2,3.6,2,Tidak,57.1,53.8,Tidak Lulus
MHS01175,4,SI-A,P,86.1,69.6,69.5,73.2,42,4,6.2,0,Tidak,59.0,67.3,Lulus
MHS01176,3,SI-D,L,57.4,100.0,90.1,69.0,49,6,11.3,3,Ya,56.4,77.2,Lulus
MHS01177,5,SI-B,P,100.0,80.5,71.8,79.5,52,1,8.5,3,Tidak,72.1,76.0,Lulus
MHS01178,1,SI-D,L,77.2,84.0,89.8,94.2,43,2,7.4,1,Ya,85.3,88.1,Lulus
MHS01179,5,SI-A,P,67.5,59.2,52.7,48.4,33,1,5.3,2,Tidak,52.4,53.2,Tidak Lulus
MHS01180,4,SI-A,L,61.1,58.9,34.6,37.9,37,0,4.8,5,Tidak,36.5,42.1,Tidak Lulus
MHS01181,6,SI-A,L,75.4,89.6,71.7,72.7,46,1,10.7,0,Tidak,69.4,75.7,Lulus
MHS01182,2,SI-A,L,76.5,66.2,85.9,68.3,42,1,7.1,0,Tidak,68.9,71.5,Lulus
MHS01183,4,SI-A,P,79.2,47.9,36.1,44.4,27,2,0.2,1,Tidak,33.9,40.5,Tidak Lulus
MHS01184,6,SI-B,L,74.4,49.1,42.8,49.2,43,2,4.5,0,Tidak,41.8,45.7,Tidak Lulus
MHS01185,1,SI-C,L,85.6,47.2,48.2,49.9,35,2,3.9,2,Tidak,46.6,47.9,Tidak Lulus
MHS01186,6,SI-A,P,73.3,76.4,60.6,55.0,40,5,4.9,0,Tidak,60.3,63.1,Lulus
MHS01187,4,SI-A,L,54.8,48.0,50.5,57.4,43,3,8.2,1,Ya,44.7,49.9,Tidak Lulus
MHS01188,1,SI-D,P,76.2,69.1,61.0,62.6,44,6,6.2,2,Tidak,59.2,62.9,Lulus
MHS01189,2,SI-B,L,49.6,53.3,51.0,53.3,41,4,6.3,2,Ya,52.6,52.6,Tidak Lulus
MHS01190,4,SI-B,P,82.2,70.5,71.0,75.1,47,6,10.4,0,Tidak,65.5,70.2,Lulus
MHS01191,1,SI-C,L,66.2,43.4,54.9,27.2,42,5,4.4,1,Ya,46.7,42.6,Tidak Lulus
MHS01192,4,SI-B,L,80.0,100.0,96.3,92.0,58,4,12.1,2,Tidak,74.6,89.6,Lulus
MHS01193,2,SI-D,P,93.8,86.4,74.1,79.4,43,4,4.5,1,Tidak,60.6,74.4,Lulus
MHS01194,4,SI-D,P,66.6,70.8,45.3,54.5,34,3,6.8,2,Ya,53.2,56.3,Tidak Lulus
MHS01195,1,SI-C,P,90.7,86.3,60.7,86.8,47,2,5.7,0,Tidak,72.0,77.0,Lulus
MHS01196,6,SI-D,L,72.8,67.4,48.2,63.9,40,3,6.9,1,Ya,58.0,59.9,Tidak Lulus
MHS01197,6,SI-A,L,99.0,79.0,58.5,78.5,44,5,7.8,0,Tidak,74.1,73.3,Lulus
MHS01198,6,SI-A,L,73.6,36.9,55.8,37.8,38,5,7.8,1,Tidak,51.5,45.3,Tidak Lulus
MHS01199,5,SI-D,P,67.9,74.6,64.9,69.6,38,1,4.2,2,Tidak,58.5,66.6,Lulus
MHS01200,1,SI-C,L,86.2,64.2,78.4,70.2,24,3,3.1,2,Tidak,62.5,68.0,Lulus
MHS01201,5,SI-B,L,72.8,100.0,96.8,76.2,58,5,14.0,0,Tidak,93.7,91.5,Lulus
MHS01202,1,SI-C,L,67.9,69.5,44.7,53.7,27,3,5.0,2,Tidak,52.8,55.6,Tidak Lulus
MHS01203,1,SI-B,P,72.3,69.8,68.1,51.9,42,4,8.6,0,Tidak,61.1,62.4,Lulus
MHS01204,2,SI-D,L,77.5,46.8,53.2,54.0,37,1,1.7,2,Tidak,50.4,51.0,Tidak Lulus
MHS01205,3,SI-D,P,94.1,72.2,69.4,68.9,37,2,5.7,2,Tidak,61.1,67.5,Lulus
MHS01206,5,SI-A,L,54.8,60.1,53.3,39.7,38,4,6.1,6,Tidak,32.7,45.4,Tidak Lulus
MHS01207,4,SI-B,P,78.3,62.9,77.6,71.2,36,3,7.9,2,Ya,73.0,70.9,Lulus
MHS01208,3,SI-C,L,85.5,61.2,54.8,47.4,29,1,0.0,2,Tidak,43.4,51.1,Tidak Lulus
MHS01209,2,SI-D,P,80.3,74.9,62.9,65.5,38,6,7.0,1,Tidak,66.1,67.5,Lulus
MHS01210,6,SI-C,P,93.7,59.4,57.9,69.6,25,3,3.1,0,Tidak,61.9,62.4,Lulus
MHS01211,3,SI-A,L,77.1,62.5,54.3,54.0,36,1,7.5,2,Tidak,51.6,55.5,Tidak Lulus
MHS01212,3,SI-B,P,75.8,72.2,61.6,53.3,32,2,3.4,0,Tidak,67.2,63.9,Lulus
MHS01213,1,SI-B,L,85.1,77.6,71.9,77.3,27,1,3.9,0,Tidak,64.7,72.5,Lulus
MHS01214,5,SI-D,P,79.2,70.8,61.9,62.8,38,1,5.7,1,Tidak,69.7,66.7,Lulus
MHS01215,4,SI-B,P,73.3,50.7,49.8,66.8,34,1,3.3,0,Tidak,42.2,52.0,Tidak Lulus
MHS01216,2,SI-D,L,84.2,73.0,64.8,69.7,26,2,5.1,0,Ya,64.5,68.0,Lulus
MHS01217,1,SI-A,L,70.2,97.7,80.0,78.1,29,2,2.9,0,Ya,68.9,80.6,Lulus
MHS01218,4,SI-B,L,70.7,49.8,52.6,52.1,29,1,1.0,0,Tidak,49.2,50.8,Tidak Lulus
MHS01219,4,SI-D,L,71.7,86.3,81.9,79.3,51,2,9.6,0,Tidak,63.6,76.9,Lulus
MHS01220,2,SI-C,L,94.2,71.8,72.8,73.7,31,4,2.6,0,Tidak,69.7,71.8,Lulus
MHS01221,6,SI-D,L,39.3,57.7,48.8,45.0,39,4,6.0,5,Ya,41.2,47.8,Tidak Lulus
MHS01222,1,SI-B,L,82.7,95.4,82.4,68.2,45,4,8.8,2,Tidak,69.5,78.2,Lulus
MHS01223,3,SI-A,P,78.4,92.5,78.0,65.2,36,2,4.7,1,Tidak,61.1,73.4,Lulus
MHS01224,6,SI-B,L,57.8,71.9,72.0,64.5,34,1,4.0,1,Ya,51.3,63.9,Lulus
MHS01225,3,SI-B,L,81.7,93.2,85.4,78.2,39,4,7.2,1,Tidak,77.8,83.3,Lulus
MHS01226,4,SI-D,P,83.7,100.0,100.0,81.7,51,3,9.9,0,Tidak,73.1,87.4,Lulus
MHS01227,3,SI-C,L,85.1,65.8,41.7,54.4,23,2,3.0,2,Tidak,38.1,49.8,Tidak Lulus
MHS01228,2,SI-B,L,46.2,52.8,52.8,55.5,44,6,6.0,4,Ya,42.8,50.5,Tidak Lulus
MHS01229,6,SI-C,L,94.4,74.0,71.4,69.5,32,1,1.3,0,Tidak,67.7,70.5,Lulus
MHS01230,3,SI-D,P,69.1,64.2,46.4,50.7,37,3,5.3,5,Ya,45.3,51.6,Tidak Lulus
MHS01231,6,SI-C,P,86.2,73.4,63.5,68.0,38,4,6.6,2,Tidak,66.1,67.9,Lulus
MHS01232,2,SI-D,L,86.9,87.8,66.0,61.0,38,2,3.9,3,Ya,54.2,66.7,Lulus
MHS01233,2,SI-A,P,67.5,53.7,49.8,49.7,35,5,5.1,1,Tidak,34.4,46.1,Tidak Lulus
MHS01234,1,SI-C,L,85.9,73.1,74.4,49.5,35,2,2.3,1,Tidak,62.8,64.4,Lulus
MHS01235,4,SI-C,P,73.4,60.3,69.4,52.5,46,4,6.7,2,Tidak,44.9,55.6,Tidak Lulus
MHS01236,3,SI-A,P,53.1,56.8,65.7,53.0,50,3,9.7,3,Tidak,51.0,55.9,Tidak Lulus
MHS01237,5,SI-C,P,92.0,70.8,65.7,55.2,29,3,3.2,1,Tidak,45.3,58.2,Tidak Lulus
MHS01238,3,SI-A,L,68.7,75.8,59.6,57.6,31,0,4.6,2,Ya,57.5,62.5,Lulus
MHS01239,6,SI-B,L,67.7,67.0,71.2,55.8,40,1,8.0,5,Ya,50.7,60.2,Lulus
MHS01240,2,SI-D,L,73.2,76.0,64.9,76.5,51,3,10.1,1,Tidak,73.6,73.2,Lulus
MHS01241,5,SI-A,P,81.3,63.1,64.0,76.1,39,2,2.0,0,Tidak,65.3,67.2,Lulus
MHS01242,5,SI-C,P,77.3,64.2,54.0,56.8,26,4,6.0,1,Tidak,50.9,56.3,Tidak Lulus
MHS01243,5,SI-A,P,84.6,75.0,70.9,71.6,38,7,7.3,1,Tidak,64.4,70.2,Lulus
MHS01244,5,SI-C,P,61.9,72.3,63.2,67.3,30,4,6.2,2,Tidak,56.6,64.5,Lulus
MHS01245,5,SI-B,L,69.1,65.7,33.6,38.2,26,4,0.0,6,Ya,28.7,41.3,Tidak Lulus
MHS01246,4,SI-A,P,76.6,78.6,73.3,73.4,39,3,8.0,0,Tidak,45.0,66.2,Lulus
MHS01247,1,SI-B,P,100.0,78.8,62.6,59.6,51,2,11.1,3,Tidak,63.4,66.1,Lulus
MHS01248,1,SI-D,P,76.6,76.0,60.6,68.3,45,4,6.8,0,Tidak,57.8,65.5,Lulus
MHS01249,6,SI-C,P,91.0,79.3,69.8,79.6,37,1,3.4,0,Tidak,64.2,72.9,Lulus
MHS01250,4,SI-C,P,78.5,66.0,72.9,56.2,46,1,5.0,0,Tidak,60.6,63.3,Lulus
MHS01251,5,SI-B,L,72.2,64.9,77.1,53.8,38,5,11.8,2,Tidak,68.6,65.7,Lulus
MHS01252,3,SI-D,P,75.0,67.0,77.2,79.3,47,2,9.2,0,Tidak,81.0,76.3,Lulus
MHS01253,1,SI-A,L,76.0,52.0,61.9,57.0,45,3,8.4,0,Tidak,59.8,57.6,Tidak Lulus
MHS01254,1,SI-A,P,85.2,91.1,83.6,72.4,39,2,7.6,0,Tidak,69.6,78.5,Lulus
MHS01255,4,SI-C,P,94.5,70.2,75.9,69.3,26,0,4.5,2,Tidak,68.0,70.5,Lulus
MHS01256,3,SI-B,L,82.3,76.1,84.5,68.9,42,1,5.9,0,Tidak,57.0,70.2,Lulus
MHS01257,2,SI-B,P,92.2,56.1,70.8,56.8,42,4,6.3,1,Tidak,55.3,59.0,Tidak Lulus
MHS01258,3,SI-A,L,66.4,71.1,64.9,44.6,36,5,8.1,5,Tidak,45.3,55.5,Tidak Lulus
MHS01259,1,SI-D,L,73.0,86.6,100.0,97.0,48,3,11.0,0,Tidak,69.4,86.7,Lulus
MHS01260,4,SI-D,L,69.3,71.0,69.5,77.3,41,3,9.9,2,Tidak,64.3,70.3,Lulus
MHS01261,2,SI-A,P,81.8,73.2,68.7,61.1,36,3,2.2,1,Tidak,52.2,63.0,Lulus
MHS01262,5,SI-A,P,73.7,65.5,77.0,86.5,47,4,7.2,1,Tidak,69.0,74.1,Lulus
MHS01263,2,SI-B,P,86.8,77.5,68.3,79.3,40,7,8.7,2,Ya,70.8,74.1,Lulus
MHS01264,3,SI-D,L,66.8,53.9,66.5,55.3,48,2,8.4,3,Ya,45.8,54.3,Tidak Lulus
MHS01265,1,SI-A,P,78.5,64.9,58.3,77.6,29,1,4.6,0,Tidak,52.1,62.9,Lulus
MHS01266,1,SI-A,P,86.2,100.0,100.0,74.6,55,4,15.2,1,Tidak,85.5,89.3,Lulus
MHS01267,3,SI-C,L,53.2,53.8,26.0,34.9,26,3,2.7,1,Tidak,36.1,38.2,Tidak Lulus
MHS01268,3,SI-A,L,100.0,56.6,56.4,74.1,35,3,3.3,1,Tidak,65.2,63.5,Lulus
MHS01269,4,SI-A,L,74.6,63.8,53.6,52.1,39,4,7.2,3,Tidak,51.6,55.2,Tidak Lulus
MHS01270,2,SI-D,P,53.7,66.2,48.5,63.0,45,3,12.9,2,Tidak,56.3,58.9,Tidak Lulus
MHS01271,4,SI-B,P,79.9,65.3,50.9,47.9,29,3,4.0,1,Tidak,50.1,53.5,Tidak Lulus
MHS01272,5,SI-D,P,78.4,60.7,49.7,50.9,33,4,5.7,0,Tidak,48.0,52.2,Tidak Lulus
MHS01273,5,SI-B,L,77.0,91.1,75.2,78.2,50,5,9.7,0,Tidak,85.5,83.0,Lulus
MHS01274,1,SI-C,P,89.9,71.9,60.5,70.2,46,5,6.4,1,Tidak,60.7,65.8,Lulus
MHS01275,3,SI-A,L,87.0,79.4,73.8,70.5,32,2,5.5,2,Tidak,74.6,74.6,Lulus
MHS01276,1,SI-C,L,81.6,71.7,74.1,64.3,48,1,8.2,2,Tidak,66.1,68.6,Lulus
MHS01277,2,SI-B,P,83.4,73.9,71.8,62.1,40,3,7.3,0,Tidak,63.3,67.4,Lulus
MHS01278,6,SI-D,L,76.7,85.6,86.5,96.5,48,4,9.6,0,Tidak,71.4,84.2,Lulus
MHS01279,1,SI-D,P,99.3,100.0,99.4,93.5,50,3,10.4,1,Tidak,91.7,95.8,Lulus
MHS01280,3,SI-C,L,60.2,58.0,59.6,63.2,33,3,7.4,1,Tidak,51.0,57.5,Tidak Lulus
MHS01281,4,SI-B,P,79.7,63.3,37.4,60.7,36,4,7.4,1,Tidak,61.7,57.0,Tidak Lulus
MHS01282,4,SI-C,L,78.8,100.0,100.0,79.7,44,5,7.1,1,Tidak,72.0,86.5,Lulus
MHS01283,4,SI-C,P,87.8,94.2,73.2,75.9,47,5,8.0,1,Ya,84.7,82.6,Lulus
MHS01284,1,SI-A,L,67.9,60.1,60.6,46.9,35,2,6.7,4,Tidak,53.9,55.0,Tidak Lulus
MHS01285,2,SI-C,L,57.1,53.7,54.5,55.1,53,2,6.5,2,Ya,42.6,50.9,Tidak Lulus
MHS01286,3,SI-A,P,79.9,79.8,62.0,67.4,39,2,10.1,0,Tidak,71.3,70.6,Lulus
MHS01287,1,SI-A,L,81.4,67.3,79.9,85.9,57,4,11.0,0,Tidak,85.1,79.8,Lulus
MHS01288,2,SI-D,P,95.9,70.0,87.9,59.6,38,2,2.0,1,Tidak,73.2,71.9,Lulus
MHS01289,1,SI-A,P,62.8,71.2,42.6,55.8,50,4,6.5,1,Tidak,58.4,57.8,Tidak Lulus
MHS01290,1,SI-A,L,91.9,80.9,61.7,88.3,34,4,4.4,0,Tidak,83.4,79.7,Lulus
MHS01291,3,SI-D,L,100.0,100.0,86.1,75.8,45,2,5.6,2,Tidak,76.8,84.2,Lulus
MHS01292,1,SI-C,P,73.5,66.7,78.5,66.8,36,1,7.7,2,Ya,60.9,67.3,Lulus
MHS01293,4,SI-B,P,62.5,62.5,51.0,49.9,47,5,8.5,2,Tidak,60.1,56.3,Tidak Lulus
MHS01294,4,SI-B,P,73.1,51.5,60.5,62.7,39,2,6.2,1,Tidak,35.7,51.4,Tidak Lulus
MHS01295,5,SI-B,L,78.2,74.5,64.4,44.1,29,2,0.8,1,Tidak,48.1,57.0,Tidak Lulus
MHS01296,2,SI-C,P,84.8,55.5,53.6,44.3,35,6,3.6,2,Tidak,42.8,48.5,Tidak Lulus
MHS01297,1,SI-A,L,70.9,65.6,82.5,61.5,44,3,9.2,0,Tidak,64.1,67.5,Lulus
MHS01298,1,SI-B,P,96.7,30.4,25.0,42.8,27,2,0.0,4,Tidak,33.6,33.4,Tidak Lulus
MHS01299,4,SI-C,P,64.6,70.7,73.6,65.2,58,2,10.1,0,Tidak,67.7,69.0,Lulus
MHS01300,4,SI-A,L,57.1,71.8,62.1,52.2,47,6,8.1,2,Tidak,53.5,59.5,Tidak Lulus
MHS01301,1,SI-D,L,91.3,90.2,81.3,84.4,44,11,10.4,0,Tidak,86.6,85.9,Lulus
MHS01302,6,SI-B,L,50.7,44.3,31.9,39.6,44,1,5.9,1,Tidak,39.9,39.3,Tidak Lulus
MHS01303,1,SI-A,L,75.6,61.1,55.3,52.2,24,2,0.3,0,Tidak,43.8,52.5,Tidak Lulus
MHS01304,4,SI-B,P,100.0,64.9,66.1,64.6,44,6,7.8,1,Tidak,65.0,65.1,Lulus
MHS01305,4,SI-B,L,77.9,68.4,49.4,53.8,40,4,10.3,0,Tidak,52.3,56.1,Tidak Lulus
MHS01306,6,SI-B,L,64.6,58.2,71.2,70.0,51,5,9.3,3,Tidak,56.8,63.3,Lulus
MHS01307,5,SI-A,L,77.3,45.3,75.7,69.9,35,1,4.5,2,Tidak,41.5,56.4,Tidak Lulus
MHS01308,5,SI-C,P,77.4,72.0,70.3,56.2,39,4,6.8,0,Tidak,70.7,67.3,Lulus
MHS01309,2,SI-A,P,79.9,65.3,56.2,55.1,41,5,4.9,1,Ya,63.3,60.3,Lulus
MHS01310,5,SI-B,L,85.9,52.2,48.2,55.4,34,1,4.0,2,Tidak,40.1,48.6,Tidak Lulus
MHS01311,1,SI-A,L,65.5,57.8,39.2,40.3,48,6,9.4,3,Tidak,52.3,48.1,Tidak Lulus
MHS01312,6,SI-D,P,98.3,85.9,70.0,78.5,38,2,2.9,0,Tidak,69.5,76.0,Lulus
MHS01313,4,SI-C,P,80.9,85.2,63.4,68.1,35,5,3.8,0,Tidak,60.2,69.1,Lulus
MHS01314,5,SI-A,L,86.7,77.3,68.9,72.8,38,3,3.2,1,Tidak,66.6,71.3,Lulus
MHS01315,3,SI-D,L,70.5,60.7,67.3,75.1,45,5,2.0,1,Tidak,45.9,61.2,Lulus
MHS01316,4,SI-C,L,93.4,82.0,69.8,58.6,37,4,6.9,1,Tidak,64.0,68.3,Lulus
MHS01317,3,SI-D,L,74.9,77.4,67.3,80.3,38,2,10.0,0,Tidak,71.1,74.2,Lulus
MHS01318,5,SI-C,P,81.3,75.7,56.6,56.6,32,3,5.9,2,Tidak,67.8,64.7,Lulus
MHS01319,1,SI-A,P,66.8,41.9,34.8,45.2,26,4,2.0,1,Tidak,27.3,36.9,Tidak Lulus
MHS01320,1,SI-D,L,66.0,59.6,79.5,67.6,44,4,9.0,2,Tidak,50.7,62.9,Lulus
MHS01321,2,SI-B,P,86.3,94.0,94.0,95.0,48,4,11.6,2,Tidak,81.9,90.6,Lulus
MHS01322,1,SI-D,L,72.7,46.7,46.0,47.6,48,2,4.6,2,Tidak,39.9,44.7,Tidak Lulus
MHS01323,6,SI-C,P,67.8,43.1,40.0,36.7,35,2,5.1,2,Tidak,41.1,40.3,Tidak Lulus
MHS01324,2,SI-A,P,70.3,84.8,76.1,72.1,46,3,8.0,1,Tidak,77.4,77.7,Lulus
MHS01325,6,SI-C,L,86.4,82.4,83.1,93.1,56,1,11.4,0,Tidak,87.9,86.9,Lulus
MHS01326,2,SI-D,L,70.5,72.0,40.6,55.2,40,2,4.9,1,Tidak,46.3,53.8,Tidak Lulus
MHS01327,2,SI-D,P,76.6,61.1,52.4,47.9,22,5,2.5,2,Tidak,56.1,54.6,Tidak Lulus
MHS01328,5,SI-B,L,78.2,74.0,67.7,64.4,42,3,8.4,2,Tidak,60.4,66.3,Lulus
MHS01329,4,SI-A,L,55.0,79.0,54.9,60.1,45,1,8.9,1,Tidak,57.4,63.0,Lulus
MHS01330,3,SI-A,L,60.3,63.3,61.2,54.6,45,1,6.5,3,Tidak,49.2,56.5,Tidak Lulus
MHS01331,4,SI-D,P,82.0,64.8,60.0,60.1,32,1,4.8,1,Tidak,57.6,60.5,Lulus
MHS01332,5,SI-A,L,69.2,72.1,70.4,74.9,39,3,9.5,0,Tidak,71.7,72.3,Lulus
MHS01333,2,SI-B,P,90.7,81.7,82.5,91.8,42,2,8.1,2,Tidak,80.4,84.0,Lulus
MHS01334,6,SI-C,L,89.6,93.2,100.0,91.6,42,1,4.2,0,Tidak,85.8,91.9,Lulus
MHS01335,6,SI-A,P,86.6,94.9,76.9,78.7,46,4,6.6,3,Tidak,67.2,78.9,Lulus
MHS01336,4,SI-D,P,99.8,70.1,68.5,76.8,21,1,2.4,0,Tidak,59.1,68.2,Lulus
MHS01337,2,SI-C,P,77.0,79.7,94.0,82.5,52,2,8.6,1,Tidak,79.0,83.0,Lulus
MHS01338,4,SI-C,L,85.8,92.2,89.7,80.2,36,2,5.7,1,Tidak,76.3,83.9,Lulus
MHS01339,1,SI-B,P,71.0,80.1,85.8,66.0,33,2,5.2,1,Ya,71.4,75.1,Lulus
MHS01340,1,SI-D,P,100.0,84.8,82.4,71.7,41,2,6.4,3,Tidak,66.4,75.5,Lulus
MHS01341,2,SI-A,L,100.0,91.3,95.2,86.1,42,2,6.6,0,Tidak,88.0,89.8,Lulus
MHS01342,3,SI-D,L,78.1,84.9,84.4,79.5,41,2,9.2,0,Ya,74.3,80.3,Lulus
MHS01343,5,SI-C,L,82.6,73.3,76.0,78.5,45,3,8.3,2,Tidak,64.7,72.6,Lulus
MHS01344,5,SI-D,L,94.3,75.2,71.4,71.1,38,4,6.0,0,Tidak,78.0,74.3,Lulus
MHS01345,5,SI-A,P,76.2,98.3,92.4,78.5,49,4,8.8,1,Tidak,85.2,88.2,Lulus
MHS01346,3,SI-A,L,70.1,79.6,72.3,70.7,41,4,7.7,0,Ya,70.3,73.1,Lulus
MHS01347,2,SI-B,L,88.5,62.0,70.2,68.5,37,3,5.2,1,Tidak,59.1,64.4,Lulus
MHS01348,3,SI-A,P,78.9,69.6,67.2,55.9,39,2,6.1,4,Tidak,51.3,60.2,Lulus
MHS01349,6,SI-A,L,80.2,62.9,67.3,57.1,44,4,6.1,1,Tidak,59.0,61.2,Lulus
MHS01350,1,SI-D,L,68.0,68.2,60.1,65.0,41,5,8.0,1,Tidak,55.6,62.0,Lulus
MHS01351,5,SI-D,L,57.4,31.1,33.7,28.7,33,1,5.4,7,Ya,22.3,28.4,Tidak Lulus
MHS01352,4,SI-C,P,80.8,72.6,55.8,71.4,32,2,5.3,0,Tidak,57.1,64.3,Lulus
MHS01353,3,SI-B,P,88.9,97.6,96.9,90.7,55,7,12.4,1,Tidak,100.0,96.5,Lulus
MHS01354,5,SI-D,P,75.3,69.0,72.1,66.5,53,4,9.3,1,Tidak,50.5,63.4,Lulus
MHS01355,3,SI-A,L,95.2,69.3,54.3,54.0,31,1,4.2,0,Tidak,53.0,57.6,Tidak Lulus
MHS01356,6,SI-C,P,69.6,70.7,64.4,60.2,43,10,8.2,3,Ya,66.6,65.6,Lulus
MHS01357,6,SI-D,L,65.3,34.6,36.2,27.8,34,2,6.9,6,Tidak,35.1,33.4,Tidak Lulus
MHS01358,3,SI-B,L,77.2,89.1,65.4,57.6,45,1,7.7,2,Ya,58.7,67.4,Lulus
MHS01359,2,SI-B,L,77.0,71.0,57.7,73.3,39,3,6.9,1,Tidak,59.1,65.3,Lulus
MHS01360,4,SI-C,P,87.2,89.7,72.4,73.2,49,4,10.1,0,Tidak,78.9,78.9,Lulus
MHS01361,6,SI-C,L,68.7,52.0,55.8,57.7,41,4,7.5,4,Ya,51.9,54.2,Tidak Lulus
MHS01362,2,SI-C,L,94.4,79.0,72.2,63.4,40,3,6.3,1,Ya,70.3,71.1,Lulus
MHS01363,4,SI-C,L,100.0,95.5,84.5,78.7,46,2,9.6,1,Tidak,85.8,86.2,Lulus
MHS01364,4,SI-C,L,77.5,72.2,59.1,57.2,50,5,7.2,0,Tidak,63.5,63.2,Lulus
MHS01365,5,SI-A,P,93.0,90.5,82.1,82.9,42,2,6.9,2,Ya,78.8,83.4,Lulus
MHS01366,1,SI-A,L,65.3,65.9,76.5,68.7,44,4,7.4,0,Tidak,73.4,71.0,Lulus
MHS01367,5,SI-D,P,90.9,83.5,91.7,68.7,47,5,6.2,1,Tidak,72.7,78.2,Lulus
MHS01368,6,SI-B,L,90.6,80.3,71.7,60.3,42,2,6.5,1,Tidak,63.4,68.5,Lulus
MHS01369,1,SI-A,P,88.4,63.4,85.7,73.1,31,2,4.7,2,Tidak,60.7,69.5,Lulus
MHS01370,2,SI-A,P,77.8,62.9,64.7,71.6,41,3,4.2,0,Tidak,56.0,63.4,Lulus
MHS01371,6,SI-A,L,42.5,54.1,30.0,45.2,42,1,3.5,2,Tidak,29.8,39.8,Tidak Lulus
MHS01372,2,SI-D,L,70.3,57.1,59.4,47.2,32,0,2.3,1,Tidak,39.9,49.9,Tidak Lulus
MHS01373,5,SI-C,P,70.5,60.8,62.0,51.8,35,2,3.9,2,Tidak,50.7,55.8,Tidak Lulus
MHS01374,3,SI-D,P,66.3,71.7,53.9,60.6,33,1,6.0,1,Tidak,55.2,60.4,Lulus
MHS01375,2,SI-B,L,79.5,93.2,83.8,80.8,44,4,6.8,1,Tidak,75.9,83.0,Lulus
MHS01376,6,SI-B,L,73.0,49.8,42.6,45.6,43,4,5.7,5,Tidak,40.7,44.6,Tidak Lulus
MHS01377,3,SI-B,P,68.1,30.8,27.4,25.4,30,1,0.0,5,Ya,25.8,27.3,Tidak Lulus
MHS01378,3,SI-B,P,65.3,86.1,68.7,71.1,51,1,11.2,2,Tidak,56.5,70.0,Lulus
MHS01379,2,SI-A,L,69.4,94.4,97.8,81.0,38,2,9.8,2,Tidak,75.3,86.0,Lulus
MHS01380,4,SI-A,L,91.5,65.4,53.1,62.5,44,5,7.8,2,Tidak,71.1,63.9,Lulus
MHS01381,1,SI-D,L,70.1,94.5,76.4,82.4,58,5,12.2,1,Tidak,72.9,81.4,Lulus
MHS01382,3,SI-C,P,71.8,58.2,53.9,59.2,38,3,3.6,3,Ya,66.3,60.0,Lulus
MHS01383,6,SI-B,L,72.5,79.1,78.4,75.5,47,7,12.2,1,Tidak,70.7,75.5,Lulus
MHS01384,2,SI-D,P,82.1,55.8,42.8,53.1,25,0,3.6,1,Tidak,47.1,49.9,Tidak Lulus
MHS01385,4,SI-A,L,83.5,56.7,55.5,53.5,41,5,7.2,4,Tidak,52.0,54.3,Tidak Lulus
MHS01386,2,SI-A,L,41.5,48.6,55.6,40.1,30,2,2.7,4,Tidak,18.5,38.8,Tidak Lulus
MHS01387,5,SI-C,P,90.3,70.6,80.9,79.2,36,4,6.5,0,Ya,68.8,74.3,Lulus
MHS01388,1,SI-C,P,95.2,88.2,73.9,77.5,43,3,7.7,3,Ya,77.7,79.5,Lulus
MHS01389,6,SI-C,P,65.4,81.5,56.1,55.0,27,4,6.0,1,Tidak,52.6,61.1,Lulus
MHS01390,3,SI-D,L,66.3,93.8,75.2,61.6,44,5,8.6,5,Tidak,53.1,69.8,Lulus
MHS01391,2,SI-A,P,72.6,50.7,59.6,50.2,44,4,6.8,1,Tidak,59.2,54.9,Tidak Lulus
MHS01392,1,SI-A,P,68.9,58.2,55.8,61.5,34,1,4.9,2,Tidak,49.9,56.1,Tidak Lulus
MHS01393,1,SI-C,L,80.7,55.3,63.3,45.0,37,2,4.8,1,Tidak,49.0,52.4,Tidak Lulus
MHS01394,3,SI-B,L,54.6,59.3,55.3,38.4,42,3,8.9,4,Tidak,55.5,52.1,Tidak Lulus
MHS01395,2,SI-C,L,64.6,50.1,54.7,41.3,36,1,4.5,4,Ya,31.4,43.2,Tidak Lulus
MHS01396,5,SI-D,L,96.5,86.0,80.9,85.2,52,7,9.2,1,Ya,76.8,82.0,Lulus
MHS01397,3,SI-C,P,66.9,71.3,73.4,64.0,55,6,10.2,1,Tidak,61.6,67.0,Lulus
MHS01398,2,SI-C,L,92.9,64.4,44.5,45.7,31,0,1.5,3,Tidak,45.8,50.2,Tidak Lulus
MHS01399,4,SI-D,P,82.3,70.5,62.3,69.8,39,2,9.9,0,Tidak,68.4,68.1,Lulus
MHS01400,4,SI-C,L,56.3,81.3,74.1,70.1,58,5,12.7,2,Tidak,60.1,70.7,Lulus
MHS01401,1,SI-A,P,85.6,71.2,69.1,73.6,34,4,7.3,1,Ya,58.5,67.6,Lulus
MHS01402,1,SI-B,L,76.6,81.2,81.8,84.8,48,3,8.3,0,Tidak,78.1,81.3,Lulus
MHS01403,1,SI-C,L,72.5,80.8,79.3,81.5,49,4,9.6,1,Tidak,68.3,76.9,Lulus
MHS01404,5,SI-D,L,80.9,64.9,44.5,60.5,33,1,5.7,0,Tidak,53.8,56.4,Tidak Lulus
MHS01405,4,SI-B,L,83.7,82.8,90.0,77.4,35,5,7.0,0,Ya,78.3,81.5,Lulus
MHS01406,3,SI-D,P,86.5,56.3,58.6,60.3,27,1,2.6,1,Tidak,58.3,58.4,Tidak Lulus
MHS01407,5,SI-B,L,92.1,63.9,62.0,59.9,44,3,6.9,2,Tidak,55.4,60.0,Lulus
MHS01408,5,SI-B,P,82.9,74.5,65.1,72.5,37,3,8.0,2,Ya,76.6,72.8,Lulus
MHS01409,4,SI-C,L,61.5,52.2,65.8,51.9,41,1,8.0,1,Ya,50.1,54.2,Tidak Lulus
MHS01410,5,SI-A,L,72.3,97.7,81.7,71.8,51,5,9.7,0,Tidak,66.3,78.6,Lulus
MHS01411,2,SI-C,L,100.0,61.7,60.3,69.7,40,5,4.2,2,Tidak,54.5,61.3,Lulus
MHS01412,1,SI-D,P,86.7,72.8,72.4,54.7,41,1,4.9,2,Tidak,50.2,61.4,Lulus
MHS01413,2,SI-D,P,100.0,84.1,97.5,82.7,46,8,12.2,1,Tidak,81.8,85.7,Lulus
MHS01414,1,SI-B,L,94.7,73.6,71.1,74.8,38,3,6.0,1,Ya,72.3,73.0,Lulus
MHS01415,3,SI-B,L,80.9,73.3,69.1,65.8,31,3,7.1,1,Tidak,69.1,69.3,Lulus
MHS01416,6,SI-A,L,81.6,67.8,65.2,62.4,43,4,6.3,1,Tidak,44.9,59.1,Tidak Lulus
MHS01417,1,SI-C,P,77.6,66.2,82.9,58.2,33,2,4.0,1,Tidak,64.2,66.9,Lulus
MHS01418,1,SI-D,P,57.1,76.6,56.9,52.4,42,4,11.4,1,Tidak,65.4,63.2,Lulus
MHS01419,3,SI-B,L,78.2,51.3,52.9,52.9,34,3,4.9,0,Tidak,64.9,56.1,Tidak Lulus
MHS01420,6,SI-A,P,92.5,40.7,37.6,36.6,40,3,3.1,0,Tidak,46.9,40.9,Tidak Lulus
MHS01421,2,SI-D,L,70.8,56.4,57.0,50.4,48,3,5.1,4,Ya,34.2,48.4,Tidak Lulus
MHS01422,3,SI-B,P,82.9,46.0,59.1,62.4,38,4,0.5,0,Tidak,42.6,51.7,Tidak Lulus
MHS01423,1,SI-D,L,88.2,62.6,53.9,64.5,39,3,4.5,3,Tidak,59.6,60.4,Lulus
MHS01424,1,SI-A,P,67.1,57.6,54.7,54.7,40,4,3.6,2,Tidak,47.2,53.2,Tidak Lulus
MHS01425,6,SI-A,L,72.6,88.4,90.7,79.4,44,3,8.4,0,Tidak,70.4,81.2,Lulus
MHS01426,6,SI-D,P,65.8,55.5,59.6,51.3,35,3,4.5,2,Tidak,35.1,49.2,Tidak Lulus
MHS01427,1,SI-C,P,68.1,80.5,93.0,74.2,48,2,9.2,2,Tidak,60.2,75.3,Lulus
MHS01428,6,SI-D,P,62.5,46.0,44.1,37.3,48,2,10.7,5,Tidak,39.1,41.4,Tidak Lulus
MHS01429,4,SI-B,P,67.2,75.9,72.9,58.1,37,5,8.8,4,Tidak,58.9,65.8,Lulus
MHS01430,5,SI-C,P,95.0,72.1,71.6,58.9,48,3,5.9,0,Tidak,73.2,69.0,Lulus
MHS01431,3,SI-B,L,67.0,59.0,69.0,62.4,45,4,6.9,4,Ya,62.5,62.9,Lulus
MHS01432,3,SI-D,L,79.5,60.9,46.3,51.8,28,2,1.9,0,Tidak,42.1,50.1,Tidak Lulus
MHS01433,3,SI-C,L,72.0,77.4,74.5,78.5,42,3,6.1,3,Tidak,68.0,74.3,Lulus
MHS01434,4,SI-B,P,92.1,55.0,58.9,54.7,41,2,3.9,1,Tidak,48.8,53.8,Tidak Lulus
MHS01435,1,SI-D,L,93.7,56.7,67.9,64.9,45,2,8.6,2,Tidak,60.0,62.0,Lulus
MHS01436,1,SI-D,P,88.4,88.3,88.0,87.6,62,6,14.2,2,Ya,81.3,86.0,Lulus
MHS01437,2,SI-C,P,81.7,75.2,44.5,58.6,40,7,8.0,4,Tidak,59.7,60.3,Lulus
MHS01438,4,SI-D,L,75.2,49.9,26.5,40.3,22,3,0.5,0,Tidak,33.0,37.8,Tidak Lulus
MHS01439,2,SI-A,L,63.7,53.1,48.2,60.2,35,0,5.4,2,Tidak,47.8,52.3,Tidak Lulus
MHS01440,4,SI-B,L,100.0,81.6,64.2,64.8,46,4,6.9,1,Tidak,72.5,71.2,Lulus
MHS01441,6,SI-B,L,68.9,62.6,53.0,56.0,47,1,6.8,4,Tidak,53.5,56.3,Tidak Lulus
MHS01442,1,SI-D,L,86.0,72.6,70.6,64.2,34,3,4.3,0,Tidak,67.3,68.5,Lulus
MHS01443,4,SI-D,L,90.7,78.3,61.5,64.2,35,4,7.2,3,Tidak,74.2,70.2,Lulus
MHS01444,3,SI-A,P,71.3,67.6,43.9,52.7,32,4,2.8,1,Tidak,43.3,51.8,Tidak Lulus
MHS01445,5,SI-C,P,90.5,66.1,68.3,63.5,30,1,3.7,1,Tidak,64.1,65.3,Lulus
MHS01446,1,SI-D,L,87.2,86.4,78.2,74.3,47,2,8.4,1,Tidak,74.9,78.3,Lulus
MHS01447,4,SI-D,L,98.7,74.3,49.4,50.7,29,3,3.5,1,Tidak,51.1,56.5,Tidak Lulus
MHS01448,5,SI-D,L,72.4,78.8,75.4,72.7,46,3,8.1,3,Tidak,69.1,73.7,Lulus
MHS01449,6,SI-D,P,62.6,45.1,40.0,29.1,24,2,2.4,2,Tidak,36.0,37.3,Tidak Lulus
MHS01450,4,SI-B,P,71.9,100.0,100.0,96.5,55,2,11.8,0,Tidak,81.4,93.5,Lulus
MHS01451,3,SI-D,L,80.5,81.9,76.0,69.4,35,2,4.2,0,Tidak,53.9,69.2,Lulus
MHS01452,4,SI-B,L,78.7,76.6,77.7,76.7,40,2,5.8,0,Tidak,67.0,74.0,Lulus
MHS01453,5,SI-D,P,73.3,81.7,76.8,49.8,46,4,7.5,3,Ya,55.7,64.9,Lulus
MHS01454,4,SI-C,P,55.1,55.6,37.5,41.5,36,3,4.8,2,Tidak,37.5,43.0,Tidak Lulus
MHS01455,1,SI-A,L,83.6,69.4,78.9,68.2,48,3,6.9,2,Tidak,63.9,69.4,Lulus
MHS01456,6,SI-C,P,100.0,100.0,85.4,79.3,40,4,8.2,0,Ya,98.2,91.4,Lulus
MHS01457,4,SI-D,L,83.6,96.2,94.2,89.5,44,3,9.4,1,Tidak,76.2,88.1,Lulus
MHS01458,4,SI-D,L,85.3,80.6,66.4,64.1,42,1,8.9,2,Tidak,67.1,69.6,Lulus
MHS01459,2,SI-D,P,84.9,82.8,76.9,66.7,37,2,6.0,0,Tidak,58.4,70.3,Lulus
MHS01460,4,SI-C,P,82.8,69.7,60.5,57.4,46,5,6.1,3,Tidak,49.2,58.6,Tidak Lulus
MHS01461,3,SI-D,L,89.2,100.0,88.5,94.6,46,3,13.5,0,Tidak,85.5,92.0,Lulus
MHS01462,4,SI-C,P,82.7,71.1,65.9,70.0,46,2,9.3,0,Tidak,60.5,66.6,Lulus
MHS01463,1,SI-B,L,74.2,61.8,68.6,62.2,31,1,3.7,1,Ya,58.8,62.4,Lulus
MHS01464,4,SI-A,P,68.4,60.5,71.3,66.2,50,4,6.8,1,Tidak,58.4,63.5,Lulus
MHS01465,6,SI-A,L,75.0,52.1,35.5,44.1,34,2,5.5,2,Ya,48.8,45.8,Tidak Lulus
MHS01466,1,SI-C,P,81.8,63.2,71.9,70.7,40,2,6.1,2,Tidak,52.3,63.5,Lulus
MHS01467,6,SI-B,P,74.2,52.6,42.9,49.0,32,2,2.8,2,Tidak,42.3,46.7,Tidak Lulus
MHS01468,3,SI-C,L,81.8,67.3,57.9,66.1,47,1,5.3,1,Tidak,52.4,60.6,Lulus
MHS01469,6,SI-B,P,83.3,87.5,61.0,63.2,51,3,11.9,3,Tidak,73.8,72.0,Lulus
MHS01470,5,SI-D,P,88.0,97.1,87.8,83.4,38,3,8.2,0,Tidak,73.2,84.6,Lulus
MHS01471,4,SI-B,P,93.4,75.7,52.5,65.1,25,4,0.0,2,Tidak,43.3,58.7,Tidak Lulus
MHS01472,5,SI-B,L,78.9,72.8,84.6,87.8,53,2,10.2,0,Tidak,71.1,78.4,Lulus
MHS01473,6,SI-B,P,62.3,58.7,68.4,66.2,42,3,9.8,2,Tidak,47.3,59.1,Tidak Lulus
MHS01474,3,SI-A,P,73.9,63.1,55.5,64.2,39,4,5.4,1,Ya,58.5,60.5,Lulus
MHS01475,2,SI-B,L,78.5,71.2,76.4,56.6,44,3,8.7,2,Tidak,64.6,66.6,Lulus
MHS01476,4,SI-D,P,56.0,53.0,48.1,39.9,42,2,3.9,4,Tidak,38.5,44.4,Tidak Lulus
MHS01477,5,SI-D,L,94.7,61.1,61.7,68.6,40,2,5.1,0,Tidak,47.6,59.0,Tidak Lulus
MHS01478,5,SI-D,L,79.7,100.0,100.0,76.6,53,3,11.0,1,Ya,88.6,90.7,Lulus
MHS01479,5,SI-B,L,82.6,67.3,74.0,68.2,40,1,5.7,2,Tidak,61.1,67.0,Lulus
MHS01480,3,SI-C,P,94.4,63.2,48.0,54.2,33,1,0.9,0,Ya,59.9,56.9,Tidak Lulus
MHS01481,5,SI-C,P,70.4,84.3,89.8,72.3,37,4,6.3,0,Ya,78.6,80.7,Lulus
MHS01482,1,SI-D,L,84.9,59.5,57.0,59.8,35,2,6.3,1,Tidak,51.0,56.5,Tidak Lulus
MHS01483,4,SI-A,P,76.7,80.9,92.9,81.8,48,2,10.1,0,Tidak,69.8,80.2,Lulus
MHS01484,1,SI-C,L,75.8,71.0,51.6,62.8,33,1,6.5,2,Tidak,55.1,60.3,Lulus
MHS01485,2,SI-B,L,68.7,60.6,80.4,53.1,45,1,5.2,2,Ya,61.4,62.9,Lulus
MHS01486,3,SI-C,L,98.0,74.8,76.8,84.4,48,3,9.6,0,Tidak,69.0,75.9,Lulus
MHS01487,3,SI-D,P,73.5,65.5,68.4,68.6,33,5,6.9,0,Tidak,62.5,66.0,Lulus
MHS01488,4,SI-A,P,86.4,49.3,51.7,51.8,36,2,4.2,1,Tidak,45.3,49.2,Tidak Lulus
MHS01489,3,SI-C,P,55.5,55.2,61.4,60.2,47,3,10.0,3,Ya,47.4,55.4,Tidak Lulus
MHS01490,3,SI-C,P,92.2,82.6,43.2,49.2,38,2,7.1,1,Tidak,54.8,58.0,Tidak Lulus
MHS01491,2,SI-D,L,90.6,58.3,65.8,63.7,37,4,6.5,2,Ya,66.0,63.5,Lulus
MHS01492,3,SI-A,L,79.2,73.7,61.2,58.9,42,4,7.0,1,Tidak,63.9,64.6,Lulus
MHS01493,2,SI-A,L,75.3,61.3,59.1,47.6,30,0,3.3,1,Tidak,40.7,51.3,Tidak Lulus
MHS01494,1,SI-D,L,82.8,66.9,57.7,49.2,32,1,4.9,0,Tidak,44.2,53.8,Tidak Lulus
MHS01495,4,SI-B,L,100.0,61.7,56.4,68.6,53,5,6.5,1,Tidak,72.5,65.6,Lulus
MHS01496,4,SI-C,P,56.8,73.7,51.9,56.6,38,3,5.9,2,Tidak,53.9,59.1,Tidak Lulus
MHS01497,4,SI-B,L,87.4,57.2,70.4,77.6,51,2,10.3,0,Tidak,77.1,70.9,Lulus
MHS01498,3,SI-C,P,67.1,65.0,46.8,52.6,45,1,7.2,6,Tidak,43.9,51.9,Tidak Lulus
MHS01499,3,SI-C,L,77.8,84.6,86.8,75.0,53,5,9.1,0,Tidak,85.1,82.8,Lulus
MHS01500,5,SI-B,L,75.0,63.3,75.8,86.2,49,2,6.5,1,Tidak,49.0,67.2,Lulus
MHS01501,3,SI-D,P,72.9,85.7,54.2,73.5,43,3,9.7,0,Tidak,65.5,70.3,Lulus
MHS01502,3,SI-D,L,77.9,71.1,62.3,52.8,44,7,7.7,2,Tidak,53.4,59.5,Tidak Lulus
MHS01503,1,SI-C,P,64.4,76.3,59.8,58.4,28,6,6.5,1,Tidak,69.9,66.6,Lulus
MHS01504,2,SI-D,P,90.4,85.0,80.1,78.2,52,2,6.5,0,Tidak,66.4,76.7,Lulus
MHS01505,3,SI-C,L,56.5,55.8,68.5,50.1,42,5,3.6,2,Tidak,36.5,51.1,Tidak Lulus
MHS01506,3,SI-D,P,84.5,57.3,42.5,70.0,46,3,8.0,2,Tidak,50.8,55.6,Tidak Lulus
MHS01507,4,SI-C,L,74.1,71.1,68.2,61.1,45,3,6.4,1,Tidak,55.5,63.3,Lulus
MHS01508,3,SI-D,L,63.9,54.4,52.5,42.4,56,1,5.0,5,Tidak,34.0,44.9,Tidak Lulus
MHS01509,4,SI-A,P,80.4,82.2,59.8,74.4,40,1,9.8,0,Tidak,73.7,73.2,Lulus
MHS01510,5,SI-B,L,59.3,70.7,56.3,53.9,31,5,2.7,1,Tidak,59.1,60.1,Lulus
MHS01511,5,SI-A,P,78.5,57.8,58.1,55.1,35,1,5.2,1,Tidak,57.8,57.2,Tidak Lulus
MHS01512,5,SI-B,P,60.9,95.1,62.1,84.8,43,5,9.6,0,Ya,90.8,84.6,Lulus
MHS01513,6,SI-B,P,83.5,75.4,72.6,80.2,31,6,7.4,2,Tidak,76.7,76.4,Lulus
MHS01514,1,SI-C,L,66.9,68.5,67.6,49.5,44,2,6.4,1,Tidak,48.7,57.6,Tidak Lulus
MHS01515,2,SI-B,L,72.6,57.5,56.9,71.3,37,5,7.3,1,Tidak,56.5,60.5,Lulus
MHS01516,1,SI-A,P,81.5,49.6,56.5,54.8,34,1,7.0,1,Tidak,56.2,54.3,Tidak Lulus
MHS01517,4,SI-A,L,68.7,54.0,52.7,58.4,35,2,2.0,1,Ya,40.2,50.7,Tidak Lulus
MHS01518,6,SI-D,L,77.3,79.3,62.1,79.4,36,4,5.5,1,Ya,64.7,71.5,Lulus
MHS01519,2,SI-A,L,59.8,75.7,89.7,78.5,52,2,11.3,1,Ya,75.7,79.2,Lulus
MHS01520,6,SI-D,L,85.6,70.0,71.7,84.2,43,2,4.5,1,Tidak,79.6,76.8,Lulus
MHS01521,1,SI-B,L,99.2,82.5,74.1,82.0,37,7,5.5,0,Tidak,77.5,79.2,Lulus
MHS01522,6,SI-A,P,100.0,64.5,48.6,61.8,48,1,4.9,4,Tidak,54.4,57.6,Tidak Lulus
MHS01523,2,SI-B,P,79.1,60.6,59.0,65.6,37,4,6.2,2,Tidak,59.0,61.0,Lulus
MHS01524,1,SI-A,L,87.5,71.3,81.4,60.4,37,1,4.8,1,Tidak,49.9,64.2,Lulus
MHS01525,3,SI-A,L,56.6,71.7,54.0,52.5,41,3,8.0,2,Ya,48.9,56.5,Tidak Lulus
MHS01526,2,SI-D,L,96.0,79.2,78.2,65.2,44,3,7.1,2,Tidak,62.1,70.4,Lulus
MHS01527,2,SI-B,P,87.3,58.6,53.6,60.0,37,6,8.8,0,Tidak,66.6,60.4,Lulus
MHS01528,2,SI-A,L,72.2,50.0,42.5,50.1,32,2,3.3,1,Tidak,39.3,45.3,Tidak Lulus
MHS01529,5,SI-C,P,92.8,85.5,62.3,66.7,48,4,5.5,2,Tidak,74.1,72.7,Lulus
MHS01530,3,SI-B,L,74.9,88.6,65.3,65.4,39,0,5.8,1,Tidak,64.1,70.8,Lulus
MHS01531,2,SI-B,P,72.5,73.0,83.6,57.9,42,2,7.9,2,Ya,61.3,67.8,Lulus
MHS01532,4,SI-B,L,83.7,69.8,60.0,52.0,39,3,4.1,5,Ya,46.6,56.4,Tidak Lulus
MHS01533,5,SI-D,P,65.2,71.4,59.2,71.1,44,3,9.2,3,Tidak,51.0,62.8,Lulus
MHS01534,2,SI-C,L,90.3,76.8,75.1,68.3,47,3,10.1,2,Tidak,79.9,75.3,Lulus
MHS01535,3,SI-B,P,65.3,50.2,48.5,43.1,38,3,3.5,2,Tidak,25.3,40.6,Tidak Lulus
MHS01536,1,SI-A,L,65.4,74.4,55.3,57.3,34,2,5.0,2,Ya,51.8,59.5,Tidak Lulus
MHS01537,2,SI-A,P,67.1,73.8,73.1,67.2,41,1,4.9,0,Tidak,60.3,68.0,Lulus
MHS01538,4,SI-D,P,87.1,95.6,100.0,88.5,55,7,14.4,1,Tidak,74.0,88.2,Lulus
MHS01539,2,SI-A,L,70.6,61.7,67.4,46.7,38,5,5.2,2,Tidak,59.6,58.5,Tidak Lulus
MHS01540,3,SI-B,P,61.8,79.4,55.1,64.6,46,4,11.5,2,Tidak,60.1,65.1,Lulus
MHS01541,4,SI-A,P,70.7,63.6,52.5,69.2,36,3,2.7,0,Tidak,59.2,61.5,Lulus
MHS01542,1,SI-B,L,77.6,68.3,77.4,79.5,34,3,3.5,1,Ya,70.7,73.6,Lulus
MHS01543,4,SI-A,L,63.8,48.3,51.1,40.9,37,5,4.4,2,Ya,49.3,47.3,Tidak Lulus
MHS01544,2,SI-C,L,64.2,78.1,70.0,64.9,52,2,4.0,1,Ya,66.0,69.6,Lulus
MHS01545,6,SI-D,P,100.0,78.4,71.9,92.8,47,3,5.7,1,Tidak,81.2,81.5,Lulus
MHS01546,3,SI-D,P,67.7,65.2,54.2,52.8,32,4,4.4,2,Ya,53.0,56.2,Tidak Lulus
MHS01547,5,SI-C,L,74.1,75.0,54.5,60.0,35,3,4.0,1,Tidak,61.4,63.1,Lulus
MHS01548,4,SI-C,L,73.6,70.8,55.3,46.9,46,4,10.0,3,Ya,74.0,62.7,Lulus
MHS01549,1,SI-D,P,72.9,81.1,63.5,73.8,50,3,10.2,2,Tidak,58.6,69.0,Lulus
MHS01550,4,SI-C,P,85.5,75.7,80.3,74.7,48,2,9.3,2,Tidak,72.3,75.4,Lulus
MHS01551,6,SI-B,L,89.4,77.7,74.1,63.8,43,1,8.1,2,Tidak,70.2,71.3,Lulus
MHS01552,4,SI-A,P,74.3,69.1,72.9,71.7,41,3,6.8,0,Tidak,53.4,65.8,Lulus
MHS01553,5,SI-D,L,63.2,43.6,50.0,53.1,38,5,5.0,2,Tidak,55.9,50.9,Tidak Lulus
MHS01554,6,SI-C,L,93.3,66.2,78.3,64.3,38,4,3.6,0,Tidak,70.1,69.3,Lulus
MHS01555,2,SI-B,P,76.9,74.4,69.3,52.9,41,4,7.6,1,Tidak,62.1,64.3,Lulus
MHS01556,2,SI-D,L,98.8,67.6,81.2,72.0,36,2,3.0,1,Tidak,63.7,70.2,Lulus
MHS01557,4,SI-C,L,51.1,59.3,46.1,46.9,31,5,3.5,4,Tidak,41.4,48.2,Tidak Lulus
MHS01558,3,SI-D,L,80.3,67.1,75.9,71.4,41,3,10.0,1,Tidak,58.3,67.3,Lulus
MHS01559,5,SI-C,P,100.0,93.0,74.2,90.8,55,5,12.2,1,Tidak,97.3,90.0,Lulus
MHS01560,6,SI-D,P,73.8,77.9,63.0,45.7,50,1,7.7,5,Tidak,55.9,60.3,Lulus
MHS01561,2,SI-B,L,75.3,83.9,81.9,67.2,46,2,9.8,0,Tidak,69.3,74.9,Lulus
MHS01562,2,SI-B,L,81.5,75.3,68.4,66.6,37,3,5.8,2,Tidak,70.6,70.3,Lulus
MHS01563,5,SI-A,L,71.3,83.4,75.3,54.3,41,3,2.5,0,Tidak,47.5,63.7,Lulus
MHS01564,2,SI-D,P,74.3,83.1,84.5,67.5,50,2,8.3,1,Tidak,60.8,72.8,Lulus
MHS01565,5,SI-A,L,73.9,73.1,64.4,58.4,39,6,8.2,2,Ya,61.8,64.3,Lulus
MHS01566,3,SI-D,P,70.5,78.6,68.1,73.9,39,6,6.7,0,Tidak,67.2,71.9,Lulus
MHS01567,4,SI-C,L,92.7,42.7,74.5,72.0,37,4,5.8,2,Tidak,62.5,62.3,Lulus
MHS01568,1,SI-C,L,83.5,89.5,79.7,81.1,36,6,9.4,2,Tidak,75.7,81.3,Lulus
MHS01569,4,SI-A,L,81.0,58.3,51.0,66.5,39,4,3.5,3,Ya,61.7,59.9,Tidak Lulus
MHS01570,3,SI-D,L,87.7,77.4,69.2,79.6,40,1,4.2,0,Tidak,57.3,70.3,Lulus
MHS01571,4,SI-A,P,74.8,52.5,55.5,60.0,28,4,3.5,0,Tidak,38.1,50.7,Tidak Lulus
MHS01572,1,SI-B,L,68.7,65.6,55.8,61.5,45,2,6.8,2,Tidak,42.3,55.6,Tidak Lulus
MHS01573,5,SI-A,L,70.8,68.2,58.6,52.8,32,2,3.2,0,Ya,45.1,55.5,Tidak Lulus
MHS01574,5,SI-A,L,78.0,62.9,58.7,47.7,35,2,4.4,0,Tidak,52.4,55.1,Tidak Lulus
MHS01575,2,SI-C,L,65.3,63.4,37.4,40.2,37,4,4.4,2,Tidak,39.7,45.3,Tidak Lulus
MHS01576,1,SI-A,L,72.0,76.9,57.7,68.1,36,2,5.7,0,Tidak,61.9,66.4,Lulus
MHS01577,1,SI-D,L,71.8,51.9,59.8,49.5,27,3,2.0,1,Tidak,47.9,51.7,Tidak Lulus
MHS01578,4,SI-C,L,100.0,100.0,77.3,86.7,34,2,6.8,0,Tidak,82.9,87.0,Lulus
MHS01579,4,SI-A,P,44.7,77.2,76.7,45.0,58,6,10.2,4,Ya,42.8,58.7,Tidak Lulus
MHS01580,4,SI-B,L,75.8,84.8,63.1,71.3,51,3,6.9,0,Ya,67.9,72.0,Lulus
MHS01581,2,SI-A,L,98.7,87.5,90.7,76.8,47,2,11.1,2,Tidak,75.0,81.7,Lulus
MHS01582,3,SI-A,P,79.5,96.0,79.9,71.0,52,4,10.5,2,Tidak,81.8,82.3,Lulus
MHS01583,4,SI-A,L,87.0,98.4,84.4,95.4,54,4,8.8,0,Tidak,87.7,91.6,Lulus
MHS01584,3,SI-C,L,79.2,79.5,85.6,90.3,44,4,6.7,1,Tidak,87.0,85.7,Lulus
MHS01585,6,SI-D,L,70.0,64.8,45.4,43.2,35,3,6.6,2,Tidak,38.6,47.7,Tidak Lulus
MHS01586,1,SI-B,L,51.1,62.9,45.3,46.3,45,3,8.8,2,Ya,43.8,49.5,Tidak Lulus
MHS01587,4,SI-A,P,80.5,91.0,63.1,67.7,33,2,5.3,0,Tidak,71.9,73.9,Lulus
MHS01588,3,SI-D,L,68.7,30.0,46.0,46.1,27,1,0.9,1,Tidak,30.8,37.5,Tidak Lulus
MHS01589,3,SI-D,P,68.4,56.9,66.6,54.1,37,3,8.0,2,Tidak,54.1,57.3,Tidak Lulus
MHS01590,5,SI-C,L,72.0,50.0,50.5,42.7,37,3,3.1,1,Ya,41.4,45.7,Tidak Lulus
MHS01591,4,SI-B,L,98.9,60.0,67.4,68.2,28,0,3.6,0,Tidak,69.6,66.4,Lulus
MHS01592,6,SI-C,P,100.0,86.7,89.7,82.1,43,6,6.5,1,Tidak,70.7,81.4,Lulus
MHS01593,1,SI-D,L,80.6,74.3,73.3,75.7,48,5,6.2,0,Tidak,82.9,77.0,Lulus
MHS01594,1,SI-D,P,72.4,59.6,35.4,37.9,20,4,2.3,3,Tidak,41.6,43.9,Tidak Lulus
MHS01595,5,SI-D,L,63.9,50.5,46.3,43.3,32,1,7.0,4,Ya,42.3,45.4,Tidak Lulus
MHS01596,4,SI-C,P,83.6,72.2,54.7,70.9,45,3,9.4,0,Tidak,68.4,67.2,Lulus
MHS01597,2,SI-B,L,99.4,88.0,79.4,72.7,28,2,3.1,3,Tidak,61.9,74.6,Lulus
MHS01598,1,SI-A,P,75.0,85.7,87.9,63.5,45,3,10.3,1,Tidak,75.1,77.4,Lulus
MHS01599,1,SI-C,L,49.5,61.3,55.7,57.9,30,2,1.8,3,Tidak,35.6,51.6,Tidak Lulus
MHS01600,6,SI-D,P,86.0,91.9,92.8,85.3,63,2,12.9,0,Tidak,70.4,84.0,Lulus
MHS01601,2,SI-C,L,89.8,72.2,76.6,69.3,30,0,5.3,1,Tidak,64.2,70.0,Lulus
MHS01602,2,SI-D,P,59.0,85.0,68.9,84.0,41,3,6.9,1,Ya,61.9,74.6,Lulus
MHS01603,2,SI-A,L,80.1,49.4,53.1,67.2,24,3,0.8,1,Tidak,50.1,54.8,Tidak Lulus
MHS01604,2,SI-A,P,83.4,72.3,74.7,75.9,49,1,6.3,1,Tidak,66.0,71.8,Lulus
MHS01605,1,SI-B,L,77.1,78.1,88.5,64.9,47,4,7.2,1,Ya,60.6,71.6,Lulus
MHS01606,3,SI-D,L,68.5,82.5,100.0,86.9,33,3,6.2,1,Ya,85.9,88.1,Lulus
MHS01607,1,SI-B,L,90.2,56.0,67.4,48.1,38,1,4.8,1,Tidak,49.2,54.3,Tidak Lulus
MHS01608,5,SI-B,L,73.2,77.8,82.4,70.3,38,1,3.7,0,Tidak,71.4,74.9,Lulus
MHS01609,2,SI-A,L,60.2,69.3,62.2,52.6,39,4,9.9,4,Ya,46.9,57.0,Tidak Lulus
MHS01610,4,SI-C,P,53.4,54.6,52.6,39.6,50,3,6.6,4,Tidak,37.4,45.3,Tidak Lulus
MHS01611,6,SI-C,P,93.1,93.8,82.4,81.6,51,3,11.1,3,Ya,81.8,84.9,Lulus
MHS01612,4,SI-B,L,85.4,55.9,57.8,61.5,36,1,4.9,2,Tidak,37.9,52.3,Tidak Lulus
MHS01613,3,SI-A,P,79.1,61.8,57.6,65.3,36,5,5.2,0,Tidak,54.6,59.7,Tidak Lulus
MHS01614,2,SI-D,L,72.7,67.5,90.2,71.0,45,2,8.9,1,Tidak,68.1,73.1,Lulus
MHS01615,2,SI-C,L,71.7,61.4,45.6,47.5,32,3,1.6,1,Tidak,44.7,49.8,Tidak Lulus
MHS01616,4,SI-B,P,65.1,64.7,65.5,60.6,31,2,2.9,3,Tidak,47.5,58.7,Tidak Lulus
MHS01617,6,SI-C,P,72.8,75.6,67.4,72.2,43,4,9.8,2,Tidak,70.1,71.5,Lulus
MHS01618,4,SI-C,P,52.6,46.1,35.5,39.1,35,2,3.0,1,Tidak,27.0,36.5,Tidak Lulus
MHS01619,4,SI-D,L,69.2,60.7,52.9,42.4,24,3,1.0,2,Tidak,41.3,48.7,Tidak Lulus
MHS01620,5,SI-A,P,74.3,86.7,98.4,69.6,58,6,12.1,0,Tidak,70.1,79.8,Lulus
MHS01621,3,SI-D,L,85.3,64.6,42.8,55.7,42,3,2.3,3,Ya,46.5,52.6,Tidak Lulus
MHS01622,1,SI-A,L,77.5,72.4,72.7,73.3,38,1,7.1,2,Tidak,70.0,72.0,Lulus
MHS01623,4,SI-C,L,87.5,76.3,82.4,72.9,39,3,6.7,0,Tidak,71.2,75.1,Lulus
MHS01624,6,SI-B,P,94.2,44.2,29.0,46.5,25,1,0.0,1,Tidak,36.4,39.4,Tidak Lulus
MHS01625,1,SI-D,P,90.7,61.5,64.7,72.8,35,1,5.7,2,Tidak,53.6,62.6,Lulus
MHS01626,4,SI-A,P,83.6,81.8,71.5,87.9,46,3,7.8,0,Tidak,64.6,76.1,Lulus
MHS01627,2,SI-C,L,78.1,95.6,100.0,80.6,36,2,7.6,0,Tidak,84.9,89.5,Lulus
MHS01628,3,SI-A,L,66.2,93.6,61.0,64.6,46,2,9.2,2,Tidak,76.2,74.6,Lulus
MHS01629,1,SI-A,L,86.9,95.9,76.4,78.6,30,2,5.3,1,Ya,70.9,80.2,Lulus
MHS01630,3,SI-A,L,98.2,71.4,61.5,59.0,58,4,8.6,1,Tidak,54.0,61.1,Lulus
MHS01631,5,SI-C,L,82.1,61.8,63.8,40.6,33,1,4.4,3,Tidak,56.8,55.4,Tidak Lulus
MHS01632,2,SI-B,P,100.0,71.3,65.6,55.5,25,3,2.3,1,Tidak,53.1,60.8,Lulus
MHS01633,4,SI-B,L,59.7,57.8,61.6,48.2,35,2,2.6,2,Tidak,45.0,52.3,Tidak Lulus
MHS01634,5,SI-B,L,64.2,67.3,55.4,47.9,33,3,2.1,0,Tidak,51.5,55.3,Tidak Lulus
MHS01635,6,SI-A,L,88.3,84.4,72.5,68.7,52,5,9.5,0,Tidak,82.0,77.4,Lulus
MHS01636,2,SI-C,L,81.2,69.9,69.3,63.8,27,2,2.0,0,Tidak,56.7,64.3,Lulus
MHS01637,3,SI-A,L,93.8,71.3,76.9,73.2,36,3,7.3,0,Tidak,73.9,73.7,Lulus
MHS01638,1,SI-B,P,77.8,85.1,76.2,64.1,39,1,5.7,1,Tidak,61.1,70.9,Lulus
MHS01639,6,SI-B,P,67.6,64.6,58.4,41.3,43,3,6.2,3,Tidak,31.4,47.6,Tidak Lulus
MHS01640,6,SI-C,P,75.4,77.6,61.9,68.2,55,2,10.6,2,Tidak,59.9,66.8,Lulus
MHS01641,3,SI-A,L,59.6,57.4,62.6,58.4,47,1,5.2,4,Tidak,46.1,55.3,Tidak Lulus
MHS01642,5,SI-D,L,64.5,64.0,80.2,58.7,49,4,8.3,2,Tidak,50.5,61.9,Lulus
MHS01643,3,SI-D,L,89.7,74.2,70.4,66.0,36,4,6.6,1,Tidak,66.1,69.0,Lulus
MHS01644,4,SI-B,P,88.5,75.7,70.3,75.2,41,2,6.0,1,Tidak,68.4,72.3,Lulus
MHS01645,1,SI-C,P,82.4,76.7,89.4,86.4,48,5,13.4,2,Tidak,87.0,84.8,Lulus
MHS01646,5,SI-A,L,57.3,40.8,52.2,37.1,33,2,2.2,3,Tidak,24.5,37.3,Tidak Lulus
MHS01647,1,SI-A,L,73.7,80.3,90.1,75.3,55,3,10.4,1,Tidak,74.3,79.2,Lulus
MHS01648,5,SI-B,L,63.3,53.6,55.9,60.5,44,3,8.5,5,Ya,39.0,51.4,Tidak Lulus
MHS01649,5,SI-B,P,92.1,67.9,72.8,72.5,37,2,5.1,3,Tidak,45.7,63.4,Lulus
MHS01650,4,SI-A,P,71.0,74.1,70.0,56.0,52,4,11.4,3,Tidak,55.9,63.3,Lulus
MHS01651,1,SI-A,P,65.0,51.5,57.1,34.9,30,3,1.0,1,Tidak,35.0,43.5,Tidak Lulus
MHS01652,2,SI-B,L,78.4,76.3,49.2,57.1,44,2,4.9,0,Tidak,59.1,60.9,Lulus
MHS01653,2,SI-A,L,70.3,73.0,52.7,48.6,35,3,2.9,0,Tidak,59.1,58.7,Tidak Lulus
MHS01654,3,SI-D,L,95.8,88.6,73.7,81.0,40,4,7.7,0,Tidak,78.2,80.6,Lulus
MHS01655,1,SI-B,L,69.2,62.1,78.7,68.3,34,0,3.2,0,Tidak,52.2,64.0,Lulus
MHS01656,6,SI-A,L,61.2,67.4,62.0,59.0,37,3,7.8,2,Tidak,46.1,57.8,Tidak Lulus
MHS01657,4,SI-B,P,52.2,69.3,40.0,36.1,37,4,5.9,5,Tidak,42.0,47.0,Tidak Lulus
MHS01658,2,SI-C,P,77.6,82.7,66.2,56.7,35,3,5.1,0,Ya,68.5,68.6,Lulus
MHS01659,3,SI-B,L,71.3,93.9,83.4,80.0,47,4,7.7,1,Ya,69.2,80.9,Lulus
MHS01660,3,SI-B,P,60.9,65.3,60.7,61.0,39,3,5.7,2,Tidak,40.7,55.9,Tidak Lulus
MHS01661,4,SI-C,L,92.3,64.0,69.4,72.1,37,1,3.2,2,Ya,55.6,64.6,Lulus
MHS01662,3,SI-D,L,86.0,94.3,92.9,85.7,58,5,14.9,0,Tidak,95.2,92.1,Lulus
MHS01663,6,SI-A,L,77.7,61.3,78.7,63.9,45,1,5.0,1,Tidak,51.9,62.6,Lulus
MHS01664,3,SI-C,L,94.4,69.3,73.8,72.0,40,3,0.0,1,Tidak,66.0,69.9,Lulus
MHS01665,6,SI-B,L,86.0,59.0,56.2,58.8,41,0,4.0,0,Tidak,66.4,60.6,Lulus
MHS01666,5,SI-A,L,68.1,72.0,70.6,57.0,30,4,2.7,0,Ya,52.9,62.2,Lulus
MHS01667,2,SI-C,L,65.5,76.0,84.0,64.4,39,3,9.0,0,Ya,65.1,71.4,Lulus
MHS01668,6,SI-A,P,87.8,83.6,81.6,82.4,50,5,7.5,0,Tidak,77.3,81.0,Lulus
MHS01669,1,SI-A,L,82.8,69.8,61.9,62.9,37,3,7.7,0,Ya,53.6,61.6,Lulus
MHS01670,5,SI-C,L,80.0,73.1,61.0,59.1,32,1,5.4,0,Tidak,53.0,61.2,Lulus
MHS01671,3,SI-A,L,67.8,86.7,74.9,72.4,41,4,5.7,0,Tidak,68.0,75.2,Lulus
MHS01672,6,SI-D,P,85.3,68.0,59.0,54.7,25,0,5.4,2,Tidak,45.1,56.0,Tidak Lulus
MHS01673,5,SI-C,L,68.9,47.1,52.3,45.9,38,4,6.3,1,Ya,63.0,52.6,Tidak Lulus
MHS01674,5,SI-D,P,76.8,78.3,74.4,69.0,55,3,9.0,2,Tidak,62.0,70.3,Lulus
MHS01675,5,SI-B,L,95.4,84.8,61.6,66.9,42,2,7.5,1,Tidak,66.3,70.1,Lulus
MHS01676,2,SI-A,L,70.1,70.5,80.8,77.9,45,5,8.0,2,Ya,63.8,72.4,Lulus
MHS01677,1,SI-B,P,59.1,68.4,65.8,61.2,47,7,8.0,3,Tidak,52.7,61.4,Lulus
MHS01678,3,SI-B,L,65.4,83.2,91.1,75.3,48,3,9.2,1,Tidak,64.9,77.3,Lulus
MHS01679,1,SI-A,L,89.9,62.6,73.7,79.1,49,2,7.4,1,Ya,55.2,66.7,Lulus
MHS01680,4,SI-C,L,81.1,63.1,66.8,63.0,55,1,7.6,2,Tidak,55.5,61.5,Lulus
MHS01681,2,SI-A,P,76.5,71.8,67.8,76.5,48,3,10.1,0,Tidak,81.0,74.9,Lulus
MHS01682,6,SI-B,L,71.9,81.6,77.1,60.6,34,1,4.5,0,Tidak,72.4,72.7,Lulus
MHS01683,4,SI-B,L,83.8,73.1,65.4,57.4,39,2,3.9,2,Ya,51.0,61.0,Lulus
MHS01684,5,SI-C,P,67.8,56.1,49.4,39.0,37,2,2.9,3,Ya,29.0,42.4,Tidak Lulus
MHS01685,1,SI-A,L,81.7,68.4,62.3,67.1,39,3,7.0,1,Ya,48.9,61.0,Lulus
MHS01686,5,SI-B,P,69.2,54.7,42.6,30.6,37,1,0.9,3,Ya,28.0,38.2,Tidak Lulus
MHS01687,6,SI-D,P,67.2,66.1,64.2,60.3,49,4,7.9,3,Ya,52.3,60.1,Lulus
MHS01688,3,SI-B,L,70.4,51.2,63.7,53.1,35,5,6.2,0,Tidak,55.8,55.6,Tidak Lulus
MHS01689,4,SI-B,L,73.5,93.7,85.8,79.8,45,2,9.9,0,Tidak,72.9,82.4,Lulus
MHS01690,5,SI-C,L,77.4,59.8,63.3,58.2,28,3,4.5,1,Tidak,59.3,60.0,Lulus
MHS01691,1,SI-D,P,80.8,80.9,59.1,67.3,40,3,5.9,2,Ya,66.8,68.9,Lulus
MHS01692,3,SI-B,P,35.0,67.2,72.5,74.5,47,4,9.9,1,Tidak,58.4,67.4,Lulus
MHS01693,3,SI-B,P,68.3,97.6,70.4,87.3,50,4,10.6,2,Ya,74.3,82.6,Lulus
MHS01694,1,SI-D,P,73.3,59.6,55.1,58.6,43,2,4.5,3,Ya,56.9,57.6,Tidak Lulus
MHS01695,3,SI-A,P,96.1,82.0,77.1,73.7,47,6,7.0,0,Tidak,80.6,78.5,Lulus
MHS01696,1,SI-A,L,65.0,49.3,42.2,46.4,37,7,7.4,3,Ya,34.4,42.7,Tidak Lulus
MHS01697,1,SI-B,L,80.0,81.4,79.9,69.3,38,3,7.6,1,Tidak,71.3,75.0,Lulus
MHS01698,1,SI-B,P,95.9,69.2,74.8,63.2,30,2,5.7,2,Tidak,57.9,65.4,Lulus
MHS01699,6,SI-A,L,62.2,71.7,67.6,47.5,45,1,10.3,1,Tidak,60.8,61.6,Lulus
MHS01700,4,SI-C,L,82.7,69.8,60.9,58.2,33,3,0.8,0,Tidak,60.4,62.3,Lulus
MHS01701,6,SI-D,P,68.4,57.7,46.4,51.2,35,1,5.2,2,Tidak,55.3,53.1,Tidak Lulus
MHS01702,3,SI-D,L,71.9,77.2,59.4,68.4,56,4,7.8,0,Tidak,50.3,63.4,Lulus
MHS01703,2,SI-C,P,68.4,66.8,78.6,67.7,48,3,7.9,0,Ya,68.3,69.8,Lulus
MHS01704,3,SI-C,P,69.2,71.7,82.2,63.5,46,5,10.6,2,Ya,61.8,68.8,Lulus
MHS01705,3,SI-C,L,100.0,96.9,83.4,79.1,51,4,10.1,2,Tidak,95.6,89.4,Lulus
MHS01706,1,SI-C,P,88.1,61.1,49.1,65.8,44,0,5.6,0,Tidak,35.9,52.3,Tidak Lulus
MHS01707,4,SI-C,L,91.2,100.0,100.0,76.4,44,3,10.4,0,Tidak,87.6,90.4,Lulus
MHS01708,2,SI-C,L,83.9,58.9,72.2,60.0,37,2,4.4,0,Tidak,62.5,62.9,Lulus
MHS01709,4,SI-D,L,58.7,74.3,62.3,58.2,54,5,9.3,3,Ya,42.0,58.2,Tidak Lulus
MHS01710,4,SI-C,L,82.7,86.8,81.0,75.8,50,2,11.9,0,Tidak,80.1,80.9,Lulus
MHS01711,1,SI-A,L,90.9,94.1,66.0,60.7,47,3,10.1,3,Ya,55.4,68.5,Lulus
MHS01712,1,SI-C,L,67.8,39.0,42.1,48.9,34,3,6.8,4,Ya,33.7,40.5,Tidak Lulus
MHS01713,5,SI-C,L,89.6,64.2,59.8,71.3,44,2,5.5,1,Tidak,63.9,65.0,Lulus
MHS01714,3,SI-D,L,86.5,51.1,79.0,55.5,29,2,1.9,0,Ya,51.1,57.8,Tidak Lulus
MHS01715,1,SI-D,P,100.0,88.8,78.9,50.7,46,2,7.4,3,Tidak,66.2,70.5,Lulus
MHS01716,6,SI-C,P,73.0,49.3,35.3,60.0,35,1,3.2,1,Ya,45.4,48.0,Tidak Lulus
MHS01717,1,SI-D,L,64.8,74.5,85.1,64.2,41,3,4.1,0,Ya,67.9,72.1,Lulus
MHS01718,4,SI-B,L,73.7,69.3,48.0,45.6,26,1,2.9,1,Tidak,38.1,49.8,Tidak Lulus
MHS01719,6,SI-D,L,95.2,90.3,90.0,80.6,38,2,5.1,0,Tidak,84.1,86.0,Lulus
MHS01720,2,SI-D,L,56.1,84.7,72.3,64.0,41,5,6.4,3,Tidak,36.2,62.5,Lulus
MHS01721,1,SI-D,P,53.2,68.5,51.2,42.4,42,2,7.3,5,Ya,51.0,53.3,Tidak Lulus
MHS01722,1,SI-D,P,79.1,78.9,65.0,66.6,37,1,4.7,0,Ya,62.3,68.1,Lulus
MHS01723,2,SI-A,L,72.7,90.5,90.1,75.8,41,4,9.7,2,Ya,73.3,81.6,Lulus
MHS01724,1,SI-A,L,78.1,82.2,87.0,68.0,48,2,5.9,1,Tidak,69.5,75.8,Lulus
MHS01725,4,SI-A,L,89.3,66.7,46.5,43.9,43,4,4.1,1,Tidak,53.5,53.0,Tidak Lulus
MHS01726,1,SI-C,P,71.4,74.4,66.9,74.4,42,4,7.2,1,Tidak,63.2,69.5,Lulus
MHS01727,3,SI-C,L,55.5,90.3,63.2,67.0,50,2,12.4,4,Tidak,66.5,71.9,Lulus
MHS01728,6,SI-B,P,100.0,88.8,100.0,80.1,53,4,7.5,1,Tidak,72.0,83.8,Lulus
MHS01729,5,SI-A,P,66.0,67.2,74.6,64.0,35,3,5.4,2,Ya,50.8,63.0,Lulus
MHS01730,4,SI-C,L,65.3,50.2,52.5,39.2,30,2,1.9,2,Tidak,40.0,44.8,Tidak Lulus
MHS01731,2,SI-D,P,91.2,78.3,76.3,71.6,38,3,5.8,1,Tidak,65.7,72.4,Lulus
MHS01732,4,SI-D,P,73.4,80.9,50.9,65.0,45,1,7.2,1,Tidak,67.1,66.8,Lulus
MHS01733,3,SI-A,P,77.2,32.1,47.7,50.2,38,3,5.3,1,Tidak,58.9,47.8,Tidak Lulus
MHS01734,3,SI-B,L,83.8,67.2,58.3,54.8,25,4,1.5,1,Tidak,52.8,58.0,Tidak Lulus
MHS01735,1,SI-B,L,91.0,69.4,53.7,64.6,30,4,3.9,3,Ya,45.5,57.9,Tidak Lulus
MHS01736,6,SI-D,P,74.0,81.4,66.2,69.7,59,5,10.9,0,Tidak,64.3,70.3,Lulus
MHS01737,3,SI-B,P,96.2,91.7,88.2,80.0,44,1,10.8,1,Tidak,65.4,80.2,Lulus
MHS01738,2,SI-A,P,52.4,65.4,66.0,66.2,33,4,3.8,2,Tidak,53.7,62.2,Lulus
MHS01739,3,SI-D,P,87.1,72.8,51.4,52.5,44,4,8.5,2,Tidak,50.8,56.8,Tidak Lulus
MHS01740,3,SI-C,P,67.9,65.1,66.5,60.6,35,4,3.0,1,Tidak,52.1,60.4,Lulus
MHS01741,5,SI-C,P,94.5,88.8,76.4,90.2,40,2,10.7,1,Tidak,77.1,83.2,Lulus
MHS01742,5,SI-B,L,79.7,71.3,75.1,51.9,38,5,7.2,3,Tidak,65.2,65.4,Lulus
MHS01743,5,SI-D,L,69.9,81.4,65.0,77.8,43,2,9.3,2,Tidak,63.8,71.9,Lulus
MHS01744,1,SI-D,P,86.0,53.1,57.6,69.4,33,5,1.4,0,Tidak,54.8,58.6,Tidak Lulus
MHS01745,3,SI-C,P,88.7,88.3,67.3,66.4,51,5,8.5,3,Ya,63.3,71.1,Lulus
MHS01746,3,SI-D,P,85.7,74.6,74.0,72.8,48,1,6.5,0,Tidak,72.1,73.3,Lulus
MHS01747,1,SI-D,L,65.6,84.7,83.0,64.7,44,3,9.1,2,Tidak,56.2,70.8,Lulus
MHS01748,2,SI-D,P,72.2,81.5,72.6,63.7,39,5,9.2,0,Tidak,58.2,68.3,Lulus
MHS01749,5,SI-B,P,78.0,57.9,73.5,52.9,38,2,6.7,2,Tidak,49.3,57.2,Tidak Lulus
MHS01750,1,SI-D,L,77.5,63.3,40.7,62.7,31,4,4.7,3,Tidak,62.5,58.4,Tidak Lulus
MHS01751,3,SI-A,L,87.0,89.8,69.4,72.8,42,3,8.8,0,Ya,74.7,76.9,Lulus
MHS01752,2,SI-B,L,53.8,55.5,56.8,35.7,37,4,6.3,4,Tidak,36.2,45.0,Tidak Lulus
MHS01753,1,SI-D,L,82.0,92.0,69.0,73.9,30,1,3.9,4,Ya,64.3,74.6,Lulus
MHS01754,2,SI-D,L,74.5,95.0,77.1,77.3,52,5,3.7,0,Tidak,73.6,80.6,Lulus
MHS01755,6,SI-A,L,67.9,70.7,71.7,61.8,32,3,2.1,2,Tidak,51.0,62.8,Lulus
MHS01756,5,SI-B,L,69.1,62.6,54.9,50.4,43,6,5.0,0,Tidak,46.4,53.2,Tidak Lulus
MHS01757,6,SI-C,P,75.4,84.7,71.1,68.5,45,3,9.8,0,Tidak,66.0,72.3,Lulus
MHS01758,3,SI-C,P,35.0,63.4,61.4,66.4,41,3,7.0,1,Tidak,46.3,58.6,Tidak Lulus
MHS01759,1,SI-B,P,69.6,44.6,47.7,47.0,31,3,4.9,4,Tidak,27.1,40.6,Tidak Lulus
MHS01760,4,SI-D,L,67.5,70.9,58.9,53.6,47,4,8.9,3,Tidak,51.1,58.2,Tidak Lulus
MHS01761,3,SI-D,L,84.4,80.9,65.7,71.9,34,2,4.0,1,Tidak,64.3,70.6,Lulus
MHS01762,5,SI-C,P,68.3,73.7,68.0,69.6,42,4,6.8,1,Tidak,57.3,66.6,Lulus
MHS01763,1,SI-C,L,75.4,63.7,75.5,79.9,43,4,6.0,0,Tidak,74.6,73.4,Lulus
MHS01764,3,SI-C,P,96.5,94.6,100.0,89.5,51,4,8.8,0,Tidak,89.9,93.0,Lulus
MHS01765,1,SI-A,P,89.9,66.6,78.9,71.5,26,3,1.8,2,Tidak,55.0,66.8,Lulus
MHS01766,2,SI-C,L,88.8,74.2,55.9,67.3,43,1,3.9,0,Tidak,58.4,64.1,Lulus
MHS01767,5,SI-A,P,72.0,59.7,84.7,56.8,30,1,1.6,1,Tidak,61.2,64.4,Lulus
MHS01768,3,SI-B,L,84.5,53.3,53.2,43.7,43,1,5.7,2,Tidak,42.5,47.6,Tidak Lulus
MHS01769,3,SI-D,L,75.2,76.1,84.4,79.4,50,6,10.1,0,Tidak,69.3,76.5,Lulus
MHS01770,3,SI-C,P,75.6,63.6,39.2,56.4,47,1,5.0,1,Tidak,43.0,50.7,Tidak Lulus
MHS01771,3,SI-D,L,82.9,63.7,59.1,39.0,43,2,5.0,2,Ya,51.9,53.1,Tidak Lulus
MHS01772,5,SI-D,P,70.8,68.2,63.8,67.7,43,6,9.1,0,Tidak,65.3,66.3,Lulus
MHS01773,6,SI-C,L,95.9,99.7,98.1,87.0,47,3,9.7,2,Tidak,88.8,92.9,Lulus
MHS01774,6,SI-C,L,76.1,72.0,71.9,70.0,36,3,6.2,0,Tidak,58.7,67.5,Lulus
MHS01775,5,SI-B,P,85.4,77.4,74.4,68.9,54,2,8.6,0,Tidak,80.6,75.6,Lulus
MHS01776,2,SI-A,P,95.5,67.0,70.8,78.2,26,3,3.3,1,Tidak,68.3,71.0,Lulus
MHS01777,4,SI-A,L,90.4,78.4,67.8,81.6,51,4,10.6,0,Tidak,72.8,75.4,Lulus
MHS01778,3,SI-D,L,61.1,95.2,92.1,66.8,60,4,12.9,2,Ya,80.3,83.0,Lulus
MHS01779,2,SI-C,P,83.3,81.9,65.0,59.5,45,2,8.1,2,Tidak,74.9,70.8,Lulus
MHS01780,5,SI-B,L,88.2,51.9,36.8,47.3,35,2,0.2,1,Tidak,46.4,46.1,Tidak Lulus
MHS01781,1,SI-B,P,88.7,83.1,75.2,66.5,47,3,4.8,1,Tidak,79.6,76.3,Lulus
MHS01782,6,SI-B,P,64.6,79.5,74.0,72.8,47,4,8.3,3,Ya,56.6,69.9,Lulus
MHS01783,3,SI-B,P,70.1,58.4,43.7,43.0,42,1,5.2,0,Tidak,32.0,43.7,Tidak Lulus
MHS01784,4,SI-B,P,89.9,81.7,73.6,84.5,46,2,10.3,0,Tidak,80.1,80.3,Lulus
MHS01785,4,SI-A,L,68.9,72.1,61.0,39.4,37,2,8.3,3,Tidak,55.7,56.8,Tidak Lulus
MHS01786,6,SI-A,P,74.4,50.1,56.8,50.8,33,3,4.4,0,Tidak,39.9,48.6,Tidak Lulus
MHS01787,4,SI-A,P,96.9,72.9,78.0,85.5,39,3,6.6,0,Tidak,83.5,80.2,Lulus
MHS01788,4,SI-C,L,77.4,65.8,48.6,52.6,26,3,3.8,2,Ya,47.1,53.4,Tidak Lulus
MHS01789,1,SI-D,P,69.3,52.2,44.1,47.8,46,4,6.0,2,Tidak,48.5,48.4,Tidak Lulus
MHS01790,3,SI-B,L,67.5,58.2,51.1,57.7,42,2,4.8,1,Tidak,50.3,54.3,Tidak Lulus
MHS01791,1,SI-C,L,82.0,87.3,89.5,84.9,49,1,10.0,0,Tidak,81.6,85.4,Lulus
MHS01792,5,SI-B,L,62.0,83.2,73.6,67.7,50,4,12.8,2,Ya,71.7,74.0,Lulus
MHS01793,3,SI-A,P,75.0,47.8,38.6,55.1,36,1,2.2,1,Tidak,41.4,45.9,Tidak Lulus
MHS01794,4,SI-C,L,82.0,57.5,31.3,47.4,33,4,0.7,0,Tidak,41.8,45.0,Tidak Lulus
MHS01795,1,SI-A,P,93.6,56.8,54.0,64.9,30,4,5.8,0,Tidak,62.2,59.9,Tidak Lulus
MHS01796,1,SI-B,P,86.0,48.3,67.2,62.4,32,3,1.9,3,Tidak,47.5,55.4,Tidak Lulus
MHS01797,5,SI-B,L,69.4,97.1,75.3,50.8,45,6,6.6,2,Ya,60.3,70.1,Lulus
MHS01798,1,SI-D,L,92.1,74.1,79.0,68.3,39,2,8.7,1,Tidak,71.0,72.7,Lulus
MHS01799,1,SI-B,P,74.4,69.2,54.0,57.8,47,2,11.0,0,Tidak,55.6,59.2,Tidak Lulus
MHS01800,1,SI-A,L,63.2,71.9,65.0,66.8,46,3,7.1,0,Tidak,58.4,65.2,Lulus
MHS01801,6,SI-B,P,75.9,91.3,86.2,90.0,34,8,5.9,0,Tidak,74.7,85.0,Lulus
MHS01802,5,SI-D,L,95.3,56.8,52.5,40.7,30,1,0.6,1,Ya,60.0,52.9,Tidak Lulus
MHS01803,2,SI-D,L,80.0,74.8,62.8,58.4,49,6,6.6,3,Ya,61.6,64.3,Lulus
MHS01804,2,SI-A,P,78.2,90.8,65.0,77.2,44,4,6.7,1,Ya,60.0,73.0,Lulus
MHS01805,2,SI-C,L,97.6,100.0,76.9,67.1,33,4,8.4,1,Tidak,84.4,82.5,Lulus
MHS01806,5,SI-B,L,60.8,68.1,39.6,51.0,40,2,4.4,1,Tidak,31.8,47.2,Tidak Lulus
MHS01807,4,SI-D,L,62.6,45.9,68.7,57.3,40,2,5.2,1,Ya,65.5,59.2,Tidak Lulus
MHS01808,2,SI-B,L,58.6,32.0,41.0,38.0,37,2,2.1,4,Tidak,26.1,33.5,Tidak Lulus
MHS01809,1,SI-B,L,82.5,58.0,62.3,47.9,24,3,0.0,0,Tidak,45.2,52.5,Tidak Lulus
MHS01810,1,SI-C,P,80.0,54.5,56.2,55.2,28,2,3.2,0,Ya,50.7,53.9,Tidak Lulus
MHS01811,4,SI-D,L,96.5,67.0,64.1,53.8,25,5,1.8,1,Tidak,46.4,56.9,Tidak Lulus
MHS01812,5,SI-B,L,80.9,80.2,83.3,83.5,46,4,7.5,0,Tidak,74.0,79.8,Lulus
MHS01813,2,SI-D,P,73.2,72.5,75.1,54.0,36,3,4.9,3,Ya,52.9,62.5,Lulus
MHS01814,1,SI-A,L,78.0,78.6,85.3,71.5,46,2,4.9,1,Tidak,65.8,74.3,Lulus
MHS01815,1,SI-A,L,79.4,52.1,44.8,66.5,33,1,3.5,1,Tidak,55.1,55.1,Tidak Lulus
MHS01816,6,SI-B,P,57.9,47.4,39.6,46.8,23,2,0.0,2,Ya,36.6,42.4,Tidak Lulus
MHS01817,2,SI-D,P,100.0,84.8,82.1,67.3,48,8,11.0,1,Tidak,71.3,75.8,Lulus
MHS01818,5,SI-B,P,84.2,69.4,78.4,65.9,31,2,3.5,0,Ya,58.2,67.0,Lulus
MHS01819,4,SI-D,P,80.5,78.5,71.3,67.7,38,3,5.3,1,Tidak,65.1,70.3,Lulus
MHS01820,3,SI-D,L,85.4,62.2,64.0,59.3,33,5,2.1,0,Tidak,61.2,61.5,Lulus
MHS01821,2,SI-C,P,86.5,70.4,68.2,72.8,43,4,9.4,0,Tidak,68.9,70.1,Lulus
MHS01822,1,SI-C,L,76.3,84.3,74.3,74.7,44,5,6.9,1,Tidak,72.6,76.4,Lulus
MHS01823,4,SI-C,L,70.4,62.1,65.0,73.3,36,3,4.0,0,Tidak,59.1,64.6,Lulus
MHS01824,5,SI-B,L,85.2,80.7,63.2,63.6,37,1,5.3,0,Tidak,64.1,67.9,Lulus
MHS01825,4,SI-C,L,82.6,88.0,84.6,85.1,58,3,11.5,1,Tidak,84.8,85.6,Lulus
MHS01826,3,SI-C,L,68.3,55.4,59.8,51.2,57,7,6.3,3,Tidak,63.2,57.6,Tidak Lulus
MHS01827,1,SI-A,P,95.0,64.1,45.3,72.4,42,1,6.0,0,Tidak,63.3,62.2,Lulus
MHS01828,6,SI-D,L,81.5,67.0,74.6,65.4,35,3,3.7,3,Tidak,77.8,71.4,Lulus
MHS01829,5,SI-D,L,86.8,47.7,31.5,45.5,36,1,0.8,0,Tidak,42.9,42.5,Tidak Lulus
MHS01830,2,SI-C,L,94.7,73.5,71.2,67.9,43,1,6.0,1,Tidak,66.4,69.5,Lulus
MHS01831,6,SI-D,L,78.3,76.7,65.3,58.7,38,5,7.5,1,Tidak,75.3,69.5,Lulus
MHS01832,4,SI-A,P,81.8,100.0,58.3,79.6,50,6,9.8,0,Tidak,75.3,79.1,Lulus
MHS01833,4,SI-A,L,87.7,60.3,50.4,48.1,34,1,0.0,0,Tidak,35.9,48.0,Tidak Lulus
MHS01834,5,SI-C,L,69.3,43.5,38.1,22.8,26,1,3.1,5,Ya,18.9,29.9,Tidak Lulus
MHS01835,5,SI-A,L,78.6,81.7,83.6,62.6,36,4,4.8,2,Ya,71.9,74.4,Lulus
MHS01836,4,SI-D,P,79.5,59.3,70.3,63.9,47,2,6.5,1,Ya,64.6,64.2,Lulus
MHS01837,1,SI-B,L,66.5,62.2,51.2,39.8,30,4,6.1,4,Tidak,33.9,45.9,Tidak Lulus
MHS01838,2,SI-D,L,100.0,70.4,56.5,60.2,44,4,6.1,0,Tidak,51.3,59.3,Tidak Lulus
MHS01839,6,SI-B,L,61.1,64.1,56.4,37.7,45,6,7.7,3,Ya,45.1,50.3,Tidak Lulus
MHS01840,2,SI-C,L,62.4,51.9,57.9,41.3,31,0,3.8,3,Tidak,45.0,48.4,Tidak Lulus
MHS01841,3,SI-B,L,93.8,94.0,85.6,95.9,49,3,9.3,1,Tidak,82.9,89.5,Lulus
MHS01842,3,SI-A,P,86.6,73.3,63.8,62.7,40,2,7.8,0,Tidak,61.6,65.2,Lulus
MHS01843,3,SI-D,P,65.7,76.9,72.1,62.7,37,5,5.5,1,Tidak,51.8,64.9,Lulus
MHS01844,4,SI-B,P,85.3,100.0,92.3,100.0,41,4,11.3,2,Ya,85.0,94.0,Lulus
MHS01845,6,SI-D,L,95.6,76.3,91.9,84.4,47,4,11.2,1,Tidak,84.1,83.8,Lulus
MHS01846,2,SI-C,L,77.6,78.6,80.5,76.1,45,1,9.3,0,Tidak,69.2,75.5,Lulus
MHS01847,1,SI-C,L,100.0,47.0,49.6,44.1,26,0,0.0,2,Tidak,41.6,45.2,Tidak Lulus
MHS01848,2,SI-A,P,57.3,68.4,76.1,65.3,59,5,11.2,2,Ya,71.2,70.0,Lulus
MHS01849,6,SI-C,P,86.3,78.5,89.7,90.3,46,2,8.9,2,Tidak,69.4,81.0,Lulus
MHS01850,4,SI-B,P,92.0,100.0,83.7,76.4,53,6,12.5,0,Ya,91.2,88.2,Lulus
MHS01851,2,SI-C,L,88.7,88.2,54.4,67.7,44,4,10.2,1,Tidak,67.5,70.1,Lulus
MHS01852,5,SI-A,L,75.5,92.3,83.6,69.7,43,3,11.2,0,Tidak,85.9,83.0,Lulus
MHS01853,5,SI-D,L,74.5,86.9,62.7,80.4,50,3,9.1,1,Tidak,74.8,76.8,Lulus
MHS01854,5,SI-D,P,83.3,94.0,99.8,77.2,49,3,10.5,0,Tidak,91.2,90.1,Lulus
MHS01855,6,SI-C,P,87.8,86.1,72.5,69.6,53,3,12.5,2,Tidak,76.3,76.3,Lulus
MHS01856,2,SI-B,P,85.2,84.8,71.4,60.8,40,5,7.1,2,Tidak,61.6,69.2,Lulus
MHS01857,5,SI-A,L,90.5,57.5,40.0,40.0,31,0,1.8,1,Tidak,53.1,48.3,Tidak Lulus
MHS01858,3,SI-B,L,65.8,53.1,38.3,44.2,42,2,5.6,3,Ya,42.9,44.9,Tidak Lulus
MHS01859,5,SI-A,P,75.3,72.9,74.7,65.8,42,3,7.7,0,Tidak,66.4,69.5,Lulus
MHS01860,5,SI-C,P,66.7,65.3,68.3,58.4,41,3,6.7,5,Tidak,42.5,57.3,Tidak Lulus
MHS01861,5,SI-A,L,73.4,70.0,72.2,65.7,41,2,2.8,2,Ya,63.1,67.3,Lulus
MHS01862,4,SI-A,L,90.2,56.5,74.3,49.1,39,3,1.6,1,Ya,53.9,57.4,Tidak Lulus
MHS01863,1,SI-C,L,79.3,62.2,53.0,59.4,50,4,4.3,0,Tidak,52.7,56.8,Tidak Lulus
MHS01864,4,SI-B,L,100.0,77.5,62.2,63.9,40,3,8.9,1,Tidak,70.0,68.8,Lulus
MHS01865,6,SI-C,L,80.3,89.9,85.3,81.4,52,4,11.2,0,Tidak,75.3,82.5,Lulus
MHS01866,6,SI-A,P,78.7,77.0,79.7,71.1,54,5,9.2,4,Tidak,59.6,70.8,Lulus
MHS01867,1,SI-C,L,79.3,92.0,92.3,79.8,44,3,9.7,0,Tidak,72.0,83.0,Lulus
MHS01868,1,SI-A,L,70.3,83.9,60.8,74.8,38,2,6.3,0,Tidak,70.7,73.0,Lulus
MHS01869,1,SI-C,L,77.3,45.2,50.2,36.4,34,1,1.3,1,Tidak,48.9,45.1,Tidak Lulus
MHS01870,5,SI-D,P,91.5,68.2,66.3,56.5,41,1,5.1,1,Ya,74.8,66.9,Lulus
MHS01871,5,SI-D,P,79.4,79.2,60.9,66.9,37,4,5.7,0,Ya,72.6,70.5,Lulus
MHS01872,2,SI-C,L,68.5,54.5,64.9,69.1,35,0,5.0,4,Ya,32.8,53.7,Tidak Lulus
MHS01873,3,SI-B,P,66.9,70.1,75.1,56.5,33,4,6.7,1,Ya,62.0,65.3,Lulus
MHS01874,5,SI-A,P,72.6,46.3,73.3,59.1,39,3,7.8,1,Tidak,52.6,56.8,Tidak Lulus
MHS01875,5,SI-D,L,78.9,78.7,98.5,88.6,47,5,9.1,1,Tidak,94.9,90.0,Lulus
MHS01876,4,SI-B,L,92.3,83.3,82.6,84.1,38,3,5.7,0,Tidak,78.5,81.9,Lulus
MHS01877,4,SI-A,P,61.9,52.1,37.9,42.4,37,2,0.8,4,Tidak,24.8,38.6,Tidak Lulus
MHS01878,3,SI-D,P,74.2,84.1,77.0,63.1,30,4,5.1,1,Tidak,57.7,69.5,Lulus
MHS01879,2,SI-D,P,79.7,90.0,45.1,62.6,41,3,6.6,0,Tidak,49.9,62.1,Lulus
MHS01880,4,SI-C,P,56.0,61.6,64.1,56.8,50,3,10.2,2,Tidak,51.4,57.8,Tidak Lulus
MHS01881,4,SI-A,P,68.0,57.6,57.0,57.1,41,4,4.8,5,Tidak,32.4,49.8,Tidak Lulus
MHS01882,6,SI-B,L,69.8,78.6,64.0,61.6,51,3,8.0,2,Ya,47.2,62.0,Lulus
MHS01883,4,SI-B,L,68.4,90.8,69.7,75.4,53,4,7.4,4,Ya,58.5,73.0,Lulus
MHS01884,5,SI-B,L,80.3,66.5,64.3,59.8,41,8,6.6,3,Tidak,50.6,59.6,Tidak Lulus
MHS01885,1,SI-A,L,76.1,68.5,57.7,62.8,42,2,9.3,1,Tidak,59.1,62.1,Lulus
MHS01886,3,SI-B,P,71.3,69.3,67.8,59.8,39,2,4.5,1,Ya,60.5,64.0,Lulus
MHS01887,1,SI-B,P,83.1,61.3,66.5,60.1,39,1,4.8,1,Tidak,55.9,60.4,Lulus
MHS01888,2,SI-B,P,98.7,71.5,75.7,71.8,49,1,6.5,1,Tidak,68.0,71.4,Lulus
MHS01889,5,SI-C,L,97.7,70.8,54.7,62.4,38,2,4.6,2,Tidak,61.1,62.6,Lulus
MHS01890,6,SI-C,P,54.9,80.4,53.0,43.8,42,3,8.0,1,Tidak,58.0,59.0,Tidak Lulus
MHS01891,1,SI-A,L,84.9,50.6,34.5,44.4,36,3,4.4,2,Tidak,35.5,41.3,Tidak Lulus
MHS01892,3,SI-A,L,75.9,74.1,76.2,79.1,52,2,7.2,3,Tidak,65.6,73.2,Lulus
MHS01893,5,SI-B,P,79.9,54.6,62.5,44.1,39,2,6.2,1,Tidak,50.5,52.3,Tidak Lulus
MHS01894,2,SI-C,P,73.2,57.4,54.8,51.2,38,8,7.1,3,Tidak,53.0,54.0,Tidak Lulus
MHS01895,4,SI-D,P,79.4,64.9,55.7,54.6,48,5,5.1,0,Tidak,56.0,57.8,Tidak Lulus
MHS01896,5,SI-D,L,79.8,61.7,62.3,62.4,45,4,5.5,1,Tidak,51.4,58.9,Tidak Lulus
MHS01897,4,SI-B,L,71.1,85.8,55.0,67.3,38,5,6.8,0,Tidak,62.3,68.0,Lulus
MHS01898,2,SI-B,L,67.2,68.6,68.0,60.3,42,1,7.1,3,Tidak,47.0,59.9,Tidak Lulus
MHS01899,2,SI-C,L,72.6,77.0,56.7,42.1,35,4,6.5,3,Tidak,42.4,53.8,Tidak Lulus
MHS01900,5,SI-C,P,80.8,73.5,62.7,50.0,54,6,11.6,2,Tidak,70.1,64.4,Lulus
MHS01901,4,SI-C,P,85.2,58.4,48.9,31.8,29,1,3.5,2,Tidak,42.7,45.1,Tidak Lulus
MHS01902,1,SI-A,P,88.2,72.9,81.9,72.3,38,4,6.3,0,Tidak,56.6,69.7,Lulus
MHS01903,5,SI-A,L,72.1,30.0,35.8,26.2,21,3,1.8,0,Tidak,15.0,25.7,Tidak Lulus
MHS01904,1,SI-B,P,81.4,70.6,69.4,45.2,39,2,7.6,3,Tidak,52.2,58.5,Tidak Lulus
MHS01905,5,SI-A,L,89.6,64.0,70.9,56.9,46,0,3.2,1,Tidak,52.6,60.2,Lulus
MHS01906,2,SI-C,P,92.0,70.9,59.1,58.7,44,2,5.7,1,Tidak,60.2,62.3,Lulus
MHS01907,6,SI-C,L,77.3,57.8,67.6,60.6,36,2,5.4,0,Ya,60.8,61.4,Lulus
MHS01908,3,SI-A,L,75.3,58.6,60.4,57.4,44,1,7.3,2,Ya,54.2,57.3,Tidak Lulus
MHS01909,2,SI-D,L,80.3,37.6,72.5,58.7,40,1,4.8,0,Ya,49.7,53.5,Tidak Lulus
MHS01910,1,SI-B,P,64.2,48.3,71.1,60.5,35,2,4.7,2,Ya,57.0,58.5,Tidak Lulus
MHS01911,2,SI-D,L,75.7,74.6,71.0,67.6,45,5,10.8,0,Tidak,60.4,67.9,Lulus
MHS01912,6,SI-B,L,86.9,100.0,78.3,84.1,35,3,7.4,1,Tidak,84.9,87.2,Lulus
MHS01913,6,SI-D,P,85.7,50.8,33.2,45.1,37,4,4.8,1,Tidak,49.5,45.5,Tidak Lulus
MHS01914,3,SI-A,L,74.8,72.1,71.6,59.0,50,1,5.7,3,Tidak,50.2,62.2,Lulus
MHS01915,3,SI-B,L,80.6,89.4,73.3,71.6,54,4,11.4,0,Tidak,78.2,78.4,Lulus
MHS01916,5,SI-B,L,68.1,87.3,70.9,63.8,41,0,5.8,3,Tidak,53.8,68.1,Lulus
MHS01917,6,SI-B,L,86.4,79.1,66.3,72.9,37,5,4.4,0,Tidak,77.1,74.4,Lulus
MHS01918,4,SI-C,P,77.1,44.8,43.5,51.5,30,2,4.4,2,Tidak,37.3,44.0,Tidak Lulus
MHS01919,3,SI-C,P,74.7,62.6,55.9,62.2,40,1,4.9,0,Tidak,60.0,60.4,Lulus
MHS01920,3,SI-D,L,73.7,46.1,65.2,54.9,33,2,4.7,3,Ya,38.7,49.9,Tidak Lulus
MHS01921,4,SI-A,P,77.2,62.8,73.0,50.8,42,2,2.7,2,Ya,56.1,59.8,Tidak Lulus
MHS01922,1,SI-C,L,72.6,60.8,55.8,77.1,29,2,3.1,0,Ya,60.2,63.7,Lulus
MHS01923,4,SI-B,L,85.9,70.3,55.0,48.0,29,0,4.0,2,Tidak,53.9,56.7,Tidak Lulus
MHS01924,2,SI-C,L,73.3,66.5,64.1,60.6,35,5,8.3,3,Tidak,58.6,62.2,Lulus
MHS01925,5,SI-A,L,97.1,57.4,64.8,86.7,35,3,5.4,2,Tidak,62.2,67.6,Lulus
MHS01926,1,SI-C,L,95.6,69.7,85.2,81.1,39,1,5.9,1,Tidak,57.0,71.8,Lulus
MHS01927,4,SI-B,P,67.3,77.5,56.8,54.1,51,3,10.3,3,Ya,47.6,58.5,Tidak Lulus
MHS01928,3,SI-D,P,78.8,80.9,87.1,87.4,45,4,10.4,0,Tidak,63.6,78.6,Lulus
MHS01929,4,SI-B,L,70.2,73.2,60.9,60.3,36,3,5.7,2,Ya,54.6,61.9,Lulus
MHS01930,1,SI-A,P,74.1,69.2,64.5,53.9,38,0,4.6,1,Tidak,60.5,61.8,Lulus
MHS01931,4,SI-D,P,100.0,68.3,76.4,73.3,25,2,3.9,0,Tidak,62.4,69.4,Lulus
MHS01932,4,SI-C,P,74.3,82.8,82.4,70.0,57,5,8.6,1,Tidak,67.8,75.0,Lulus
MHS01933,4,SI-C,P,82.3,68.8,56.1,59.8,35,1,5.9,0,Ya,55.8,60.1,Lulus
MHS01934,4,SI-C,L,84.5,78.7,67.0,68.3,34,0,5.3,0,Tidak,65.1,69.7,Lulus
MHS01935,4,SI-D,P,66.0,62.7,52.4,59.0,41,0,4.1,0,Tidak,50.9,56.2,Tidak Lulus
MHS01936,5,SI-B,P,67.7,91.5,63.3,70.9,39,4,4.2,1,Tidak,59.2,71.0,Lulus
MHS01937,2,SI-D,P,63.5,67.9,82.6,60.0,41,2,7.5,1,Tidak,51.5,63.9,Lulus
MHS01938,5,SI-D,L,67.4,48.9,52.5,49.8,24,1,2.6,2,Ya,46.2,49.0,Tidak Lulus
MHS01939,3,SI-A,L,43.8,77.9,68.4,57.7,46,5,9.5,1,Tidak,63.4,66.6,Lulus
MHS01940,1,SI-D,L,84.5,60.3,53.7,61.0,33,1,4.9,3,Ya,57.8,58.4,Tidak Lulus
MHS01941,1,SI-C,L,100.0,78.9,78.0,65.7,40,2,6.1,2,Tidak,59.4,69.6,Lulus
MHS01942,2,SI-B,L,79.8,55.8,51.2,52.2,33,3,2.5,1,Tidak,32.0,46.8,Tidak Lulus
MHS01943,5,SI-B,P,61.0,54.7,52.3,33.5,43,3,6.5,3,Tidak,36.8,43.6,Tidak Lulus
MHS01944,4,SI-B,L,70.3,46.7,43.4,53.9,38,3,5.5,0,Tidak,56.3,50.7,Tidak Lulus
MHS01945,5,SI-C,P,72.5,61.4,73.7,76.9,40,3,6.3,1,Tidak,47.3,63.5,Lulus
MHS01946,3,SI-C,L,65.8,78.8,74.6,78.7,43,2,10.9,3,Tidak,60.4,72.4,Lulus
MHS01947,3,SI-C,P,88.3,83.0,66.5,75.3,46,3,7.0,2,Tidak,78.5,76.4,Lulus
MHS01948,1,SI-C,L,87.7,98.2,68.0,76.5,38,3,4.1,1,Tidak,77.0,80.4,Lulus
MHS01949,2,SI-C,L,64.1,69.3,54.0,68.3,33,3,4.4,3,Ya,53.4,61.2,Lulus
MHS01950,3,SI-D,P,86.7,88.1,73.4,69.5,45,5,8.3,1,Tidak,63.4,73.1,Lulus
MHS01951,1,SI-C,P,96.3,93.0,80.1,79.4,39,3,10.4,1,Tidak,89.3,85.9,Lulus
MHS01952,2,SI-C,P,100.0,93.2,84.3,94.2,50,4,7.3,0,Tidak,84.1,88.9,Lulus
MHS01953,4,SI-C,L,100.0,91.5,86.1,80.5,51,4,8.6,2,Tidak,63.6,79.3,Lulus
MHS01954,5,SI-C,L,67.2,69.2,64.3,51.4,41,5,8.3,3,Tidak,62.5,61.8,Lulus
MHS01955,6,SI-B,P,100.0,100.0,100.0,79.2,48,3,10.8,1,Tidak,78.9,88.5,Lulus
MHS01956,6,SI-C,L,73.7,62.2,44.7,37.4,30,1,0.7,5,Tidak,55.2,50.4,Tidak Lulus
MHS01957,4,SI-D,P,70.9,81.5,72.0,83.3,36,4,8.5,0,Tidak,68.8,76.2,Lulus
MHS01958,3,SI-D,L,81.9,84.2,92.9,79.9,35,2,9.5,0,Tidak,79.2,83.4,Lulus
MHS01959,4,SI-D,L,71.0,68.7,68.3,54.5,32,0,2.5,0,Tidak,53.1,60.4,Lulus
MHS01960,5,SI-A,L,82.8,67.6,61.6,59.9,39,1,3.8,1,Tidak,53.6,60.3,Lulus
MHS01961,1,SI-B,L,62.2,57.5,40.7,47.1,32,1,3.9,2,Tidak,44.0,47.5,Tidak Lulus
MHS01962,3,SI-C,P,75.1,59.7,79.8,45.0,36,4,4.3,4,Tidak,49.6,57.0,Tidak Lulus
MHS01963,5,SI-A,P,93.4,87.8,72.8,63.6,52,3,5.1,3,Tidak,65.7,72.1,Lulus
MHS01964,3,SI-C,L,77.3,74.3,69.7,53.0,45,1,7.2,2,Tidak,49.3,60.6,Lulus
MHS01965,4,SI-A,P,79.7,36.6,47.7,60.2,45,4,9.1,3,Tidak,46.5,47.7,Tidak Lulus
MHS01966,4,SI-A,L,83.7,98.4,77.1,78.4,40,1,9.7,0,Ya,70.5,80.8,Lulus
MHS01967,2,SI-D,L,92.0,72.2,92.6,74.9,33,2,4.0,0,Tidak,73.6,77.4,Lulus
MHS01968,3,SI-D,L,58.1,53.8,53.0,45.5,37,0,4.0,2,Ya,43.4,48.4,Tidak Lulus
MHS01969,2,SI-A,P,85.0,66.2,80.8,64.4,45,2,10.4,0,Tidak,69.4,69.6,Lulus
MHS01970,1,SI-D,P,74.8,78.3,69.8,70.3,41,5,8.4,2,Tidak,72.7,72.9,Lulus
MHS01971,1,SI-A,P,80.0,64.2,63.5,76.4,41,3,6.7,1,Tidak,67.5,68.1,Lulus
MHS01972,5,SI-B,P,90.7,83.1,83.7,73.3,37,3,7.9,0,Ya,91.4,83.3,Lulus
MHS01973,2,SI-D,P,63.7,54.0,43.8,51.5,35,7,6.4,4,Ya,51.1,50.5,Tidak Lulus
MHS01974,3,SI-D,P,65.8,72.5,86.8,67.3,49,5,8.1,2,Ya,67.2,72.5,Lulus
MHS01975,2,SI-D,P,54.8,73.2,74.1,55.7,43,2,5.5,0,Tidak,53.0,62.9,Lulus
MHS01976,6,SI-B,P,71.4,90.5,89.8,80.7,43,3,7.3,3,Ya,61.5,79.2,Lulus
MHS01977,2,SI-A,L,94.0,74.2,66.4,53.7,40,2,2.0,0,Tidak,70.0,66.3,Lulus
MHS01978,3,SI-C,L,76.6,40.5,51.4,39.0,31,5,4.4,0,Tidak,48.6,44.7,Tidak Lulus
MHS01979,6,SI-D,L,61.9,70.2,61.5,69.4,40,3,4.5,2,Ya,52.5,63.0,Lulus
MHS01980,5,SI-A,L,72.2,71.3,52.5,54.8,35,1,5.4,0,Tidak,55.3,58.6,Tidak Lulus
MHS01981,2,SI-B,P,60.1,70.7,65.7,66.6,35,3,3.7,1,Ya,57.2,64.6,Lulus
MHS01982,5,SI-C,L,64.5,82.0,72.3,63.2,38,1,4.9,1,Tidak,57.1,67.9,Lulus
MHS01983,3,SI-D,P,82.7,51.2,56.7,33.2,27,3,2.0,1,Tidak,49.6,47.3,Tidak Lulus
MHS01984,3,SI-B,L,63.9,91.2,59.7,68.4,53,4,8.1,2,Tidak,51.0,67.1,Lulus
MHS01985,1,SI-B,L,91.4,56.7,57.3,62.0,39,2,6.3,2,Tidak,61.4,59.6,Tidak Lulus
MHS01986,1,SI-C,L,77.1,30.0,39.1,35.5,34,0,1.4,0,Tidak,43.5,37.2,Tidak Lulus
MHS01987,5,SI-A,P,79.0,86.7,75.5,77.0,45,2,4.0,2,Tidak,57.4,73.2,Lulus
MHS01988,3,SI-D,L,74.7,62.2,67.8,70.7,40,5,7.5,0,Tidak,49.3,61.6,Lulus
MHS01989,3,SI-D,L,87.3,82.3,88.1,69.4,36,2,4.9,1,Tidak,71.9,77.1,Lulus
MHS01990,5,SI-A,P,87.4,63.8,59.2,69.1,35,4,4.4,1,Tidak,66.2,64.9,Lulus
MHS01991,5,SI-A,P,82.0,63.2,62.2,63.0,39,3,6.3,1,Tidak,52.0,59.6,Tidak Lulus
MHS01992,1,SI-A,L,84.8,71.3,83.3,74.0,48,1,7.5,0,Tidak,59.9,71.0,Lulus
MHS01993,4,SI-C,L,75.5,47.2,43.5,40.3,26,2,2.2,1,Tidak,25.9,38.3,Tidak Lulus
MHS01994,1,SI-C,L,84.5,88.2,69.0,65.7,49,4,8.2,0,Tidak,78.4,75.8,Lulus
MHS01995,5,SI-D,P,73.9,66.0,67.5,71.6,39,4,4.1,1,Tidak,58.3,65.4,Lulus
MHS01996,4,SI-C,L,78.0,89.0,78.1,76.6,36,2,6.4,0,Tidak,79.5,80.9,Lulus
MHS01997,6,SI-B,L,74.7,65.3,45.8,63.1,31,1,6.4,0,Tidak,34.1,51.5,Tidak Lulus
MHS01998,1,SI-D,L,72.5,60.4,48.8,46.3,32,1,4.9,3,Tidak,42.5,49.2,Tidak Lulus
MHS01999,1,SI-C,L,69.7,68.6,49.3,55.8,34,2,3.4,2,Ya,57.3,58.1,Tidak Lulus
MHS02000,2,SI-A,P,83.6,77.5,66.8,60.0,42,0,5.6,4,Tidak,47.8,62.1,Lulus
MHS02001,2,SI-B,L,93.7,82.9,88.3,86.0,54,2,11.4,2,Tidak,83.9,85.1,Lulus
MHS02002,2,SI-A,L,92.1,53.9,79.0,54.6,34,5,2.4,0,Tidak,52.3,58.6,Tidak Lulus
MHS02003,6,SI-D,L,62.9,79.1,56.9,50.1,50,3,11.6,2,Tidak,48.7,58.3,Tidak Lulus
MHS02004,2,SI-A,L,93.5,65.4,63.2,54.6,50,2,5.7,2,Tidak,58.1,60.1,Lulus
MHS02005,2,SI-C,L,74.2,72.5,65.1,62.8,49,1,6.6,1,Tidak,54.3,63.1,Lulus
MHS02006,5,SI-C,P,85.2,43.6,46.4,29.3,31,6,3.2,3,Tidak,48.0,41.9,Tidak Lulus
MHS02007,3,SI-D,P,67.1,30.0,39.8,36.4,38,1,4.2,7,Tidak,22.5,31.3,Tidak Lulus
MHS02008,5,SI-A,P,79.7,66.7,58.2,64.2,45,2,5.0,1,Tidak,66.6,64.3,Lulus
MHS02009,1,SI-D,P,81.8,75.3,63.4,48.7,36,2,3.4,1,Ya,61.7,62.2,Lulus
MHS02010,3,SI-A,P,60.2,54.3,28.9,36.0,49,1,5.9,3,Tidak,26.6,36.3,Tidak Lulus
MHS02011,1,SI-B,L,85.3,66.7,68.0,80.4,38,3,5.3,0,Tidak,67.8,70.7,Lulus
MHS02012,1,SI-C,P,94.2,96.8,87.3,83.3,53,6,12.1,0,Tidak,81.6,87.0,Lulus
MHS02013,6,SI-D,P,75.9,61.3,42.3,43.1,31,5,3.0,0,Tidak,55.4,51.2,Tidak Lulus
MHS02014,1,SI-B,P,94.3,85.9,82.0,73.1,32,7,6.8,2,Ya,85.8,81.9,Lulus
MHS02015,3,SI-B,L,75.7,85.3,70.1,79.2,56,7,7.2,0,Tidak,61.1,73.5,Lulus
MHS02016,3,SI-D,L,88.2,67.0,64.9,52.2,36,3,3.3,2,Ya,60.7,61.0,Lulus
MHS02017,2,SI-D,P,51.4,85.0,79.4,69.9,48,5,8.6,2,Ya,73.1,76.5,Lulus
MHS02018,6,SI-B,P,100.0,93.1,68.0,79.2,34,3,5.3,0,Tidak,81.4,81.1,Lulus
MHS02019,1,SI-A,P,95.9,59.2,54.7,55.4,25,1,0.0,2,Tidak,48.1,54.0,Tidak Lulus
MHS02020,4,SI-B,L,74.6,78.1,75.8,66.4,51,2,8.5,1,Tidak,84.2,76.5,Lulus
MHS02021,6,SI-D,L,54.3,34.6,35.4,39.4,24,3,3.1,4,Ya,29.0,34.3,Tidak Lulus
MHS02022,4,SI-B,L,81.5,76.3,71.1,57.6,30,6,3.4,0,Tidak,51.8,63.2,Lulus
MHS02023,6,SI-A,P,60.7,61.1,57.5,56.2,50,6,8.6,3,Tidak,55.2,57.4,Tidak Lulus
MHS02024,1,SI-C,L,83.3,72.5,80.5,58.6,44,2,5.5,0,Tidak,71.7,70.4,Lulus
MHS02025,3,SI-C,L,82.9,83.3,49.4,73.1,46,2,9.3,0,Tidak,70.7,70.2,Lulus
MHS02026,2,SI-B,P,66.7,77.8,62.0,66.2,50,7,10.1,4,Tidak,60.3,66.5,Lulus
MHS02027,5,SI-A,L,91.5,65.8,75.5,65.6,46,0,4.6,0,Tidak,54.0,64.2,Lulus
MHS02028,6,SI-C,P,87.7,73.8,61.7,65.1,45,5,8.9,1,Tidak,54.2,63.3,Lulus
MHS02029,2,SI-B,L,89.7,67.9,57.5,66.3,27,2,4.2,0,Tidak,53.0,61.0,Lulus
MHS02030,4,SI-B,P,78.1,99.7,90.4,73.3,49,5,13.2,1,Tidak,63.4,80.4,Lulus
MHS02031,2,SI-A,P,61.0,54.6,49.5,43.3,32,5,4.4,3,Tidak,49.9,49.3,Tidak Lulus
MHS02032,4,SI-D,P,89.7,90.0,89.8,81.9,46,3,9.6,1,Tidak,79.6,84.8,Lulus
MHS02033,3,SI-B,P,74.8,72.9,84.5,57.9,42,2,9.0,1,Tidak,60.8,67.8,Lulus
MHS02034,6,SI-D,L,61.3,48.2,58.5,59.0,45,2,7.4,1,Tidak,38.5,50.0,Tidak Lulus
MHS02035,4,SI-D,L,94.2,63.6,57.1,79.2,35,6,4.5,0,Tidak,57.3,64.3,Lulus
MHS02036,2,SI-C,L,100.0,75.7,94.1,99.1,39,4,6.0,1,Tidak,81.3,86.9,Lulus
MHS02037,1,SI-D,P,77.5,58.1,36.0,29.7,27,2,0.0,1,Tidak,34.3,39.4,Tidak Lulus
MHS02038,1,SI-A,P,100.0,50.8,57.1,68.4,29,3,7.2,3,Tidak,57.4,58.4,Tidak Lulus
MHS02039,2,SI-C,L,79.1,63.6,62.9,55.5,41,2,7.5,2,Ya,47.6,56.6,Tidak Lulus
MHS02040,2,SI-C,P,73.4,79.7,76.5,67.8,48,4,6.9,1,Tidak,68.1,72.6,Lulus
MHS02041,5,SI-C,L,70.4,30.0,31.2,27.0,25,6,0.0,1,Ya,40.5,32.6,Tidak Lulus
MHS02042,4,SI-B,P,97.6,85.4,65.0,74.0,43,3,2.7,1,Tidak,66.0,72.6,Lulus
MHS02043,3,SI-B,P,68.6,58.4,68.5,37.5,36,2,4.3,1,Tidak,51.9,53.2,Tidak Lulus
MHS02044,1,SI-D,L,86.8,68.5,88.2,64.1,37,4,7.4,1,Tidak,66.0,70.6,Lulus
MHS02045,5,SI-C,L,71.3,79.4,66.4,46.8,45,2,7.4,1,Tidak,53.8,61.0,Lulus
MHS02046,5,SI-C,L,72.5,76.4,54.4,53.4,42,4,6.0,2,Tidak,56.5,60.3,Lulus
MHS02047,1,SI-A,P,90.4,74.1,67.2,65.6,42,3,8.4,2,Tidak,60.9,66.6,Lulus
MHS02048,4,SI-D,L,73.4,51.6,58.6,40.4,34,1,3.4,1,Tidak,39.0,46.4,Tidak Lulus
MHS02049,4,SI-A,L,73.1,92.8,63.0,71.1,33,5,8.3,2,Ya,75.0,76.1,Lulus
MHS02050,1,SI-D,L,91.6,86.2,85.4,83.3,43,5,7.9,0,Ya,69.5,80.3,Lulus
MHS02051,3,SI-D,L,97.2,68.7,70.1,75.9,50,7,7.6,2,Tidak,71.0,71.5,Lulus
MHS02052,3,SI-B,L,85.7,78.5,68.4,79.2,45,3,6.0,1,Tidak,60.6,71.3,Lulus
MHS02053,1,SI-B,P,70.1,70.1,58.1,59.3,53,5,12.0,2,Tidak,72.1,65.6,Lulus
MHS02054,6,SI-A,L,71.9,79.2,82.5,74.0,39,2,8.0,0,Tidak,74.7,77.2,Lulus
MHS02055,5,SI-D,P,79.0,64.2,62.6,48.4,31,3,3.6,3,Tidak,56.8,57.7,Tidak Lulus
MHS02056,4,SI-C,P,81.9,50.9,61.5,57.9,48,8,7.2,2,Tidak,57.9,56.9,Tidak Lulus
MHS02057,3,SI-B,L,66.1,89.1,83.4,69.1,49,4,8.8,5,Ya,68.5,76.8,Lulus
MHS02058,3,SI-C,L,86.7,55.0,53.0,68.3,33,4,4.7,1,Tidak,57.5,58.7,Tidak Lulus
MHS02059,4,SI-A,P,79.0,73.9,81.9,76.8,49,7,9.8,1,Tidak,68.8,74.7,Lulus
MHS02060,4,SI-B,P,57.4,89.1,80.3,72.1,45,4,7.6,2,Tidak,76.2,79.2,Lulus
MHS02061,1,SI-B,L,66.9,30.0,25.0,29.4,23,2,0.0,1,Ya,32.3,29.5,Tidak Lulus
MHS02062,3,SI-D,L,72.0,82.7,75.1,44.0,46,3,7.4,0,Tidak,55.1,63.2,Lulus
MHS02063,5,SI-A,L,77.1,72.4,63.5,62.3,34,1,5.3,1,Tidak,45.7,60.1,Lulus
MHS02064,3,SI-D,P,100.0,93.2,91.4,82.1,37,2,8.1,0,Tidak,75.0,84.6,Lulus
MHS02065,1,SI-B,L,80.9,83.6,76.3,64.2,52,4,9.3,1,Tidak,69.6,73.1,Lulus
MHS02066,5,SI-A,L,67.9,74.2,80.7,74.7,38,1,7.1,0,Tidak,60.2,71.4,Lulus
MHS02067,2,SI-B,P,80.6,89.1,83.0,85.0,61,4,11.5,2,Tidak,83.9,85.3,Lulus
MHS02068,2,SI-A,P,73.8,63.4,60.9,50.6,42,3,6.0,1,Tidak,54.7,57.1,Tidak Lulus
MHS02069,1,SI-B,L,81.9,91.8,86.6,79.9,44,2,8.4,0,Tidak,74.8,82.7,Lulus
MHS02070,2,SI-C,L,85.0,97.3,78.8,76.1,50,6,8.9,2,Tidak,75.7,81.8,Lulus
MHS02071,5,SI-C,P,92.5,64.1,64.3,72.7,46,4,6.2,2,Tidak,62.2,65.7,Lulus
MHS02072,3,SI-D,L,77.7,80.4,93.5,77.1,51,4,8.8,4,Tidak,66.9,78.1,Lulus
MHS02073,2,SI-C,L,97.7,86.7,64.4,77.6,36,5,4.7,0,Tidak,75.6,76.6,Lulus
MHS02074,6,SI-B,P,88.9,57.4,62.3,57.9,39,1,5.2,1,Tidak,51.8,56.8,Tidak Lulus
MHS02075,6,SI-B,L,69.5,53.9,49.4,48.5,33,6,2.6,4,Tidak,31.9,45.1,Tidak Lulus
MHS02076,6,SI-C,P,100.0,71.6,62.4,73.2,32,4,7.2,3,Tidak,69.4,69.5,Lulus
MHS02077,2,SI-D,P,81.9,78.6,64.9,86.6,44,1,7.5,0,Tidak,64.2,73.5,Lulus
MHS02078,3,SI-C,L,68.0,79.6,67.8,60.9,47,5,10.0,2,Ya,72.6,70.5,Lulus
MHS02079,6,SI-A,L,97.8,80.3,63.1,68.7,43,4,8.9,1,Tidak,69.0,70.6,Lulus
MHS02080,5,SI-A,P,100.0,85.3,85.9,73.2,44,2,5.6,1,Tidak,71.0,78.1,Lulus
MHS02081,1,SI-A,P,77.6,48.4,33.5,40.5,30,0,3.0,1,Tidak,31.0,38.2,Tidak Lulus
MHS02082,1,SI-C,P,72.0,66.3,72.6,75.3,49,5,7.8,1,Ya,64.8,69.4,Lulus
MHS02083,3,SI-C,P,75.9,71.2,60.5,54.6,49,6,9.8,3,Ya,62.3,62.2,Lulus
MHS02084,6,SI-C,L,86.6,74.9,97.7,83.8,53,5,8.8,0,Tidak,74.5,81.6,Lulus
MHS02085,3,SI-A,P,93.3,87.1,90.3,89.1,46,2,9.8,2,Ya,86.6,88.1,Lulus
MHS02086,3,SI-D,L,84.8,62.7,63.7,71.7,39,2,5.9,1,Tidak,52.6,62.1,Lulus
MHS02087,1,SI-B,L,79.2,54.4,35.7,61.1,35,3,5.1,0,Tidak,56.8,53.1,Tidak Lulus
MHS02088,4,SI-C,L,96.0,59.1,80.4,70.1,39,2,4.3,3,Ya,63.8,67.5,Lulus
MHS02089,5,SI-D,L,74.2,54.8,58.9,55.5,46,4,6.3,4,Ya,46.9,53.4,Tidak Lulus
MHS02090,3,SI-B,P,90.4,72.7,76.4,67.4,46,3,6.3,0,Tidak,71.3,71.7,Lulus
MHS02091,5,SI-B,L,74.5,95.0,74.0,55.1,44,4,7.1,2,Tidak,74.6,74.7,Lulus
MHS02092,6,SI-B,L,83.2,71.2,67.9,59.5,42,1,6.1,2,Tidak,65.6,65.9,Lulus
MHS02093,2,SI-D,L,76.6,85.7,62.8,66.9,38,3,6.1,1,Tidak,65.1,70.2,Lulus
MHS02094,3,SI-D,P,77.3,64.6,38.9,60.1,37,4,4.2,0,Tidak,59.2,56.7,Tidak Lulus
MHS02095,2,SI-A,P,73.5,91.6,100.0,93.6,43,3,9.3,1,Tidak,76.9,89.4,Lulus
MHS02096,5,SI-D,L,94.1,65.7,61.1,66.1,39,2,6.7,0,Tidak,59.3,63.0,Lulus
MHS02097,4,SI-D,L,69.2,59.2,50.8,59.5,45,6,6.0,3,Ya,56.8,56.9,Tidak Lulus
MHS02098,4,SI-D,L,69.1,55.2,55.0,51.1,38,0,4.3,3,Tidak,43.5,50.6,Tidak Lulus
MHS02099,5,SI-B,P,100.0,75.1,54.5,62.7,31,2,2.5,3,Tidak,54.1,61.6,Lulus
MHS02100,3,SI-C,P,89.7,84.7,82.4,73.7,44,2,10.4,3,Ya,78.7,79.7,Lulus
MHS02101,6,SI-A,L,49.4,58.9,42.1,40.1,37,3,8.2,3,Tidak,37.2,44.3,Tidak Lulus
MHS02102,3,SI-C,P,71.2,77.6,53.8,52.5,32,1,1.6,0,Ya,62.5,62.0,Lulus
MHS02103,1,SI-C,L,56.3,63.3,76.2,55.9,40,1,8.8,2,Tidak,36.8,56.1,Tidak Lulus
MHS02104,4,SI-D,P,66.6,74.9,73.3,60.9,50,2,9.3,1,Tidak,57.4,65.8,Lulus
MHS02105,5,SI-A,L,40.3,61.3,46.9,53.4,46,4,6.9,0,Ya,54.2,54.3,Tidak Lulus
MHS02106,2,SI-C,L,76.4,72.5,85.1,83.9,54,2,11.3,1,Tidak,84.2,81.4,Lulus
MHS02107,5,SI-C,L,64.3,51.5,47.2,42.0,41,3,7.2,2,Tidak,51.2,48.2,Tidak Lulus
MHS02108,6,SI-A,L,78.7,39.7,34.0,33.5,39,2,2.2,2,Tidak,29.4,33.9,Tidak Lulus
MHS02109,2,SI-D,P,58.5,63.7,51.5,47.6,41,3,7.6,4,Tidak,50.9,53.4,Tidak Lulus
MHS02110,6,SI-C,L,79.0,70.0,58.8,53.5,53,6,7.2,2,Tidak,44.9,56.1,Tidak Lulus
MHS02111,1,SI-B,P,73.0,56.9,55.9,46.0,33,0,4.7,1,Ya,41.6,49.4,Tidak Lulus
MHS02112,2,SI-C,P,96.0,88.1,75.8,74.3,40,5,8.2,1,Tidak,73.4,77.8,Lulus
MHS02113,2,SI-B,L,94.9,63.4,71.7,66.5,30,1,1.5,1,Ya,64.6,66.2,Lulus
MHS02114,6,SI-D,L,87.4,100.0,100.0,90.3,46,5,9.5,0,Tidak,80.9,91.8,Lulus
MHS02115,4,SI-C,L,74.1,54.5,44.2,46.6,28,2,3.9,1,Ya,44.9,47.6,Tidak Lulus
MHS02116,1,SI-A,P,100.0,74.3,68.8,63.5,45,2,3.5,2,Tidak,72.2,69.9,Lulus
MHS02117,3,SI-A,L,59.4,80.8,56.5,61.6,32,6,6.2,2,Tidak,46.0,60.7,Lulus
MHS02118,4,SI-C,L,61.2,58.1,46.7,49.9,48,3,7.8,4,Ya,35.5,47.0,Tidak Lulus
MHS02119,1,SI-D,L,77.0,68.2,71.9,67.7,41,3,7.0,0,Tidak,58.0,65.8,Lulus
MHS02120,6,SI-D,P,100.0,73.2,59.6,60.3,37,1,4.3,2,Tidak,75.8,68.0,Lulus
MHS02121,5,SI-A,L,75.6,49.3,61.5,65.7,35,4,5.0,1,Ya,58.8,58.7,Tidak Lulus
MHS02122,3,SI-C,L,75.8,46.8,44.1,36.6,35,1,3.1,1,Tidak,33.0,39.6,Tidak Lulus
MHS02123,6,SI-D,L,60.7,53.3,52.7,42.9,36,2,5.8,3,Tidak,45.3,48.2,Tidak Lulus
MHS02124,3,SI-A,L,89.4,100.0,91.3,78.2,49,5,9.7,0,Tidak,71.0,84.1,Lulus
MHS02125,6,SI-B,P,89.4,65.3,61.7,63.6,50,8,6.5,1,Tidak,63.6,63.6,Lulus
MHS02126,4,SI-C,L,87.5,75.4,76.9,65.1,55,4,9.1,3,Tidak,66.8,70.5,Lulus
MHS02127,4,SI-B,P,70.4,64.3,88.7,73.1,46,7,10.9,0,Tidak,79.1,75.8,Lulus
MHS02128,1,SI-B,P,69.5,66.3,64.8,60.5,33,1,4.7,3,Tidak,39.1,56.4,Tidak Lulus
MHS02129,6,SI-D,P,62.5,38.5,28.5,44.7,32,2,5.9,4,Ya,41.1,38.8,Tidak Lulus
MHS02130,3,SI-D,P,79.0,100.0,95.6,85.4,60,5,13.0,3,Ya,91.4,92.9,Lulus
MHS02131,1,SI-D,L,65.0,73.0,74.5,66.1,53,2,10.8,3,Ya,71.2,71.0,Lulus
MHS02132,1,SI-C,L,63.9,67.0,48.4,53.0,42,3,1.5,1,Ya,40.2,51.7,Tidak Lulus
MHS02133,4,SI-B,P,72.9,62.6,73.2,44.2,42,1,7.7,2,Tidak,63.6,60.4,Lulus
MHS02134,3,SI-C,L,72.1,70.2,61.7,62.2,50,1,6.5,0,Tidak,45.3,59.0,Tidak Lulus
MHS02135,5,SI-D,P,71.5,65.7,51.5,48.6,49,3,9.0,1,Tidak,44.2,52.1,Tidak Lulus
MHS02136,6,SI-B,L,83.6,58.1,59.8,53.0,31,2,4.3,1,Tidak,53.0,55.6,Tidak Lulus
MHS02137,1,SI-C,P,78.9,72.4,79.6,67.5,38,2,4.0,0,Tidak,60.8,69.1,Lulus
MHS02138,5,SI-C,P,74.5,55.9,65.5,65.1,39,3,4.5,1,Tidak,45.2,56.9,Tidak Lulus
MHS02139,2,SI-A,L,80.2,62.2,67.2,47.1,45,2,4.8,1,Tidak,69.9,61.7,Lulus
MHS02140,5,SI-C,L,66.1,72.7,74.5,66.5,43,3,8.9,2,Tidak,48.0,64.1,Lulus
MHS02141,5,SI-D,P,79.3,48.9,41.0,49.3,35,3,3.0,0,Tidak,33.7,42.9,Tidak Lulus
MHS02142,4,SI-C,P,79.8,60.4,51.8,59.8,46,1,4.6,0,Ya,58.8,58.0,Tidak Lulus
MHS02143,5,SI-B,L,60.0,72.9,61.5,71.0,30,2,1.1,2,Ya,52.0,63.9,Lulus
MHS02144,2,SI-C,P,89.9,72.9,81.6,86.0,37,3,9.5,2,Tidak,61.9,74.6,Lulus
MHS02145,3,SI-A,L,67.4,85.3,74.6,71.4,57,4,10.3,2,Tidak,82.2,78.8,Lulus
MHS02146,5,SI-B,L,79.1,54.0,61.4,61.9,38,2,5.5,1,Ya,56.9,58.3,Tidak Lulus
MHS02147,3,SI-B,P,92.0,55.3,56.5,55.4,41,3,5.6,4,Ya,48.6,53.6,Tidak Lulus
MHS02148,2,SI-A,P,89.1,81.3,79.8,80.9,40,5,7.9,1,Tidak,74.3,78.8,Lulus
MHS02149,3,SI-D,P,78.4,92.7,89.5,80.8,43,6,10.9,1,Tidak,68.0,81.7,Lulus
MHS02150,5,SI-B,P,73.7,77.2,50.8,61.9,38,1,7.7,2,Tidak,62.1,63.6,Lulus
MHS02151,2,SI-D,L,89.4,91.6,77.9,69.1,32,1,4.4,1,Ya,72.1,77.4,Lulus
MHS02152,1,SI-B,P,86.1,60.4,59.0,60.2,26,3,1.6,0,Tidak,52.9,57.8,Tidak Lulus
MHS02153,5,SI-B,L,70.6,56.5,62.5,65.6,25,3,3.2,1,Ya,53.7,59.1,Tidak Lulus
MHS02154,5,SI-D,L,68.5,75.4,63.9,66.4,41,3,6.7,1,Tidak,52.8,64.1,Lulus
MHS02155,1,SI-B,L,53.1,66.3,58.8,53.3,39,1,4.5,1,Tidak,54.0,57.9,Tidak Lulus
MHS02156,2,SI-D,L,79.8,63.5,63.8,33.9,44,6,7.1,5,Tidak,41.7,49.6,Tidak Lulus
MHS02157,1,SI-A,L,77.0,78.7,68.6,67.0,30,0,4.8,2,Tidak,53.3,66.1,Lulus
MHS02158,2,SI-D,L,91.6,58.4,55.3,56.1,32,0,3.3,2,Ya,54.0,55.9,Tidak Lulus
MHS02159,3,SI-A,L,82.3,50.0,56.3,42.7,34,1,3.0,3,Tidak,27.5,42.7,Tidak Lulus
MHS02160,5,SI-B,L,94.0,81.0,75.2,77.4,48,3,11.2,0,Tidak,81.0,78.9,Lulus
MHS02161,4,SI-D,P,69.6,50.4,53.9,50.0,42,3,9.2,4,Tidak,44.0,49.1,Tidak Lulus
MHS02162,4,SI-B,L,91.7,73.6,89.8,76.2,51,7,11.7,4,Tidak,77.1,78.5,Lulus
MHS02163,2,SI-D,L,71.7,74.5,73.9,74.0,42,3,8.1,0,Tidak,64.7,71.3,Lulus
MHS02164,5,SI-A,P,87.3,54.4,49.8,53.6,33,3,5.2,1,Tidak,45.5,50.6,Tidak Lulus
MHS02165,3,SI-A,P,60.5,87.3,60.3,61.0,48,2,10.5,2,Ya,61.7,67.6,Lulus
MHS02166,6,SI-D,P,80.8,71.6,69.1,61.5,41,2,6.4,2,Tidak,65.5,66.7,Lulus
MHS02167,4,SI-A,L,54.2,59.7,48.0,49.9,37,2,7.2,2,Tidak,38.5,48.6,Tidak Lulus
MHS02168,1,SI-B,P,74.8,97.2,85.7,80.6,46,3,6.4,1,Tidak,79.3,85.4,Lulus
MHS02169,4,SI-B,L,83.3,59.4,37.9,59.3,35,1,0.0,0,Tidak,45.6,50.9,Tidak Lulus
MHS02170,2,SI-C,L,71.7,100.0,96.9,87.8,56,4,11.3,1,Ya,81.5,90.8,Lulus
MHS02171,4,SI-A,L,65.4,58.9,55.9,63.7,41,3,8.0,1,Tidak,59.5,59.7,Tidak Lulus
MHS02172,1,SI-B,P,88.2,80.3,62.2,74.7,48,6,7.5,1,Tidak,72.1,72.8,Lulus
MHS02173,1,SI-D,L,76.8,68.6,48.7,55.4,57,4,6.3,3,Tidak,42.3,53.4,Tidak Lulus
MHS02174,5,SI-A,L,72.1,91.0,76.0,66.5,32,6,7.0,0,Tidak,67.5,74.8,Lulus
MHS02175,2,SI-B,L,78.5,76.0,93.2,77.8,35,1,4.7,0,Ya,63.5,76.1,Lulus
MHS02176,5,SI-A,P,100.0,100.0,58.0,87.4,46,4,8.3,1,Tidak,82.2,83.1,Lulus
MHS02177,2,SI-D,P,91.8,79.1,72.8,77.5,32,1,2.6,1,Tidak,59.1,71.4,Lulus
MHS02178,4,SI-B,L,92.0,94.3,76.8,88.6,32,3,7.1,0,Tidak,79.7,85.0,Lulus
MHS02179,4,SI-C,P,83.2,85.1,69.3,57.3,43,3,8.2,0,Tidak,70.3,70.6,Lulus
MHS02180,3,SI-C,L,80.0,66.1,54.0,42.6,41,0,5.9,1,Ya,55.8,54.7,Tidak Lulus
MHS02181,2,SI-A,P,49.2,41.5,37.9,36.2,38,3,7.6,1,Tidak,30.6,36.2,Tidak Lulus
MHS02182,2,SI-D,L,69.9,43.5,30.9,40.6,29,1,3.5,4,Tidak,29.9,36.2,Tidak Lulus
MHS02183,1,SI-B,P,72.2,37.7,48.3,43.9,37,1,3.6,0,Tidak,36.2,40.9,Tidak Lulus
MHS02184,2,SI-D,L,55.5,69.2,69.6,59.0,39,2,7.2,0,Tidak,52.2,61.6,Lulus
MHS02185,4,SI-B,P,64.1,85.8,74.3,56.4,41,4,8.5,1,Tidak,55.1,66.9,Lulus
MHS02186,6,SI-A,L,54.2,52.3,26.2,30.4,22,5,0.9,1,Tidak,29.9,34.9,Tidak Lulus
MHS02187,6,SI-B,L,77.5,75.5,68.9,60.9,50,2,8.1,0,Tidak,67.2,68.0,Lulus
MHS02188,5,SI-D,L,87.8,62.1,61.9,53.3,47,3,4.9,2,Tidak,48.8,55.9,Tidak Lulus
MHS02189,5,SI-D,L,91.3,83.7,76.6,66.4,35,7,5.9,2,Tidak,62.8,71.7,Lulus
MHS02190,4,SI-A,L,83.0,54.8,47.7,42.9,32,3,2.5,1,Tidak,56.5,50.9,Tidak Lulus
MHS02191,2,SI-D,P,66.4,40.4,68.4,33.0,34,1,3.9,1,Tidak,33.8,42.2,Tidak Lulus
MHS02192,6,SI-B,L,54.8,68.8,62.4,67.0,36,2,9.4,3,Tidak,56.4,63.4,Lulus
MHS02193,4,SI-A,P,56.9,78.4,66.8,60.9,43,5,6.6,0,Ya,68.7,68.8,Lulus
MHS02194,4,SI-B,P,62.8,93.3,68.3,57.6,52,1,5.4,3,Ya,59.9,69.4,Lulus
MHS02195,1,SI-D,P,67.3,68.9,65.6,56.6,41,2,6.2,3,Tidak,53.2,60.5,Lulus
MHS02196,3,SI-A,P,76.1,79.7,68.9,70.1,49,3,8.0,1,Tidak,65.9,71.0,Lulus
MHS02197,3,SI-B,P,65.8,77.3,56.9,59.7,44,9,7.8,2,Tidak,49.0,60.3,Lulus
MHS02198,5,SI-D,L,82.1,69.2,50.5,52.8,39,3,6.3,1,Tidak,62.1,59.2,Tidak Lulus
MHS02199,4,SI-D,P,75.2,62.4,57.9,69.5,45,3,9.8,0,Ya,61.1,62.9,Lulus
MHS02200,3,SI-C,L,78.1,88.0,83.3,72.5,38,2,9.4,0,Tidak,78.3,80.3,Lulus
MHS02201,6,SI-D,P,91.7,79.1,77.9,71.1,36,3,7.7,2,Ya,70.5,74.3,Lulus
MHS02202,1,SI-B,P,63.8,49.6,62.1,63.8,42,3,6.7,4,Tidak,49.2,55.5,Tidak Lulus
MHS02203,3,SI-A,L,83.0,91.4,87.6,93.1,47,4,8.5,3,Tidak,78.3,87.1,Lulus
MHS02204,1,SI-C,L,77.8,69.1,56.7,70.9,45,4,7.4,0,Tidak,59.6,64.2,Lulus
MHS02205,5,SI-D,L,74.0,68.4,47.4,50.0,45,8,9.7,3,Tidak,58.9,56.8,Tidak Lulus
MHS02206,6,SI-D,P,88.6,90.0,71.7,72.8,49,3,9.2,0,Tidak,65.3,74.6,Lulus
MHS02207,2,SI-D,P,88.5,79.9,72.4,61.2,45,3,3.4,2,Tidak,70.3,70.8,Lulus
MHS02208,5,SI-B,L,66.6,84.6,73.1,61.3,39,3,3.2,2,Ya,67.0,71.2,Lulus
MHS02209,2,SI-C,P,75.8,78.6,43.9,60.1,36,1,4.4,1,Tidak,51.0,58.8,Tidak Lulus
MHS02210,6,SI-B,P,81.4,64.9,85.0,56.7,52,2,9.4,1,Tidak,65.7,67.1,Lulus
MHS02211,5,SI-C,L,74.7,50.6,46.6,38.2,28,1,1.8,2,Tidak,35.4,42.1,Tidak Lulus
MHS02212,5,SI-A,L,85.0,86.8,74.8,73.0,42,4,7.7,2,Tidak,63.3,73.9,Lulus
MHS02213,1,SI-B,P,81.4,80.9,83.2,71.8,40,6,7.6,2,Ya,71.2,76.2,Lulus
MHS02214,6,SI-B,P,100.0,94.9,78.4,78.4,55,6,10.0,1,Tidak,84.3,84.3,Lulus
MHS02215,5,SI-A,P,59.6,71.1,64.7,45.4,42,3,7.0,3,Ya,59.3,59.9,Tidak Lulus
MHS02216,2,SI-C,L,76.5,60.9,43.4,42.9,33,0,2.5,3,Tidak,37.5,45.9,Tidak Lulus
MHS02217,5,SI-D,L,67.1,53.4,51.5,42.0,26,7,3.6,4,Ya,41.5,46.6,Tidak Lulus
MHS02218,2,SI-A,L,85.2,49.0,57.7,44.0,32,2,3.0,1,Tidak,55.8,51.5,Tidak Lulus
MHS02219,6,SI-D,L,58.6,75.4,63.2,48.8,43,1,4.9,3,Tidak,49.7,58.6,Tidak Lulus
MHS02220,1,SI-D,L,82.2,47.6,54.1,52.8,38,5,6.0,1,Tidak,41.7,48.4,Tidak Lulus
MHS02221,4,SI-A,P,70.4,63.6,44.4,53.7,40,2,3.0,1,Tidak,46.4,52.1,Tidak Lulus
MHS02222,4,SI-C,L,69.2,44.4,64.3,59.9,47,4,10.9,5,Tidak,53.5,55.0,Tidak Lulus
MHS02223,1,SI-D,P,60.6,60.7,62.3,41.9,41,1,2.5,3,Ya,59.4,55.9,Tidak Lulus
MHS02224,2,SI-A,L,72.4,89.3,67.8,67.5,47,4,10.5,1,Tidak,69.2,73.5,Lulus
MHS02225,1,SI-B,P,91.0,85.6,74.1,71.6,47,2,10.1,3,Ya,56.9,71.2,Lulus
MHS02226,3,SI-B,L,77.7,81.0,80.9,71.6,46,6,9.2,1,Ya,61.0,72.6,Lulus
MHS02227,2,SI-B,L,85.5,62.2,74.3,62.7,38,0,4.4,1,Tidak,53.1,62.0,Lulus
MHS02228,4,SI-A,L,98.0,73.9,73.3,62.1,41,1,7.5,2,Tidak,57.8,66.0,Lulus
MHS02229,2,SI-B,P,81.2,69.0,54.5,62.3,38,3,2.7,0,Tidak,62.5,62.5,Lulus
MHS02230,2,SI-D,P,71.3,81.1,69.7,65.2,52,2,9.2,1,Tidak,77.0,73.6,Lulus
MHS02231,5,SI-B,L,83.6,63.7,60.5,61.5,33,5,6.3,1,Ya,66.6,63.4,Lulus
MHS02232,1,SI-B,L,71.5,71.5,78.4,66.3,54,4,5.3,1,Tidak,68.8,70.8,Lulus
MHS02233,6,SI-D,P,71.9,47.8,47.8,42.6,40,4,2.8,1,Tidak,47.1,46.3,Tidak Lulus
MHS02234,5,SI-B,L,59.8,44.4,25.0,34.9,25,1,0.0,5,Tidak,22.6,31.6,Tidak Lulus
MHS02235,4,SI-D,L,89.1,74.9,71.9,63.7,22,4,3.4,1,Tidak,56.5,66.0,Lulus
MHS02236,4,SI-B,P,73.4,83.6,68.1,68.9,42,4,9.8,2,Tidak,70.1,72.8,Lulus
MHS02237,6,SI-D,P,80.2,61.9,62.8,62.0,28,1,5.3,0,Ya,56.2,60.4,Lulus
MHS02238,2,SI-B,L,65.6,61.5,45.2,53.9,42,3,6.0,0,Tidak,55.6,54.6,Tidak Lulus
MHS02239,1,SI-D,L,83.2,84.8,76.5,83.3,43,6,8.5,0,Tidak,79.6,81.2,Lulus
MHS02240,2,SI-A,P,68.9,68.9,78.9,59.8,44,5,11.9,4,Tidak,58.8,65.6,Lulus
MHS02241,5,SI-D,L,76.3,67.2,73.2,67.6,45,3,10.5,1,Tidak,59.1,66.1,Lulus
MHS02242,1,SI-B,L,88.5,73.9,73.8,67.4,39,2,3.6,1,Tidak,62.5,68.8,Lulus
MHS02243,4,SI-B,P,87.5,61.1,44.4,50.8,24,1,0.7,0,Tidak,43.8,50.0,Tidak Lulus
MHS02244,6,SI-C,P,77.7,87.6,76.8,75.6,62,6,13.6,5,Tidak,58.0,73.6,Lulus
MHS02245,5,SI-D,L,56.8,75.9,66.2,51.5,56,5,13.3,4,Tidak,46.8,59.1,Tidak Lulus
MHS02246,3,SI-A,P,100.0,77.2,74.1,86.4,33,4,7.1,0,Tidak,78.5,79.3,Lulus
MHS02247,1,SI-D,P,99.0,65.9,45.0,68.0,34,3,2.7,2,Tidak,37.8,53.8,Tidak Lulus
MHS02248,5,SI-D,L,86.7,68.8,64.9,63.1,52,4,9.4,0,Tidak,83.3,70.9,Lulus
MHS02249,4,SI-A,P,69.0,54.8,52.1,46.7,38,4,6.2,5,Tidak,36.7,46.8,Tidak Lulus
MHS02250,1,SI-D,L,76.6,72.0,74.1,50.7,38,1,6.2,2,Tidak,60.9,63.8,Lulus
MHS02251,1,SI-A,L,71.5,64.3,66.9,56.2,42,2,9.2,2,Tidak,39.7,55.4,Tidak Lulus
MHS02252,6,SI-A,P,93.2,91.9,76.8,94.5,43,2,7.5,2,Tidak,69.9,82.9,Lulus
MHS02253,4,SI-D,L,81.2,52.1,50.8,57.9,29,6,2.9,0,Tidak,59.8,55.6,Tidak Lulus
MHS02254,5,SI-D,L,68.6,66.6,52.6,57.9,39,2,5.5,3,Ya,53.0,57.5,Tidak Lulus
MHS02255,6,SI-B,L,72.4,81.9,87.4,70.0,51,3,8.5,1,Tidak,66.4,75.4,Lulus
MHS02256,4,SI-B,L,91.5,83.2,67.0,65.9,47,2,8.0,5,Tidak,74.5,73.0,Lulus
MHS02257,3,SI-C,P,97.2,81.4,64.8,69.6,38,5,7.3,2,Tidak,58.2,68.2,Lulus
MHS02258,3,SI-C,P,96.3,80.2,71.4,63.2,53,6,9.3,1,Tidak,80.0,74.1,Lulus
MHS02259,2,SI-D,P,87.1,67.9,42.4,55.9,36,8,5.4,2,Ya,54.5,55.8,Tidak Lulus
MHS02260,3,SI-A,L,75.0,75.0,93.6,78.8,47,1,7.0,2,Tidak,61.4,75.6,Lulus
MHS02261,5,SI-C,L,39.1,30.0,37.3,40.9,28,2,0.0,3,Ya,15.0,29.7,Tidak Lulus
MHS02262,4,SI-D,L,81.6,61.7,51.0,58.0,39,1,5.2,1,Tidak,39.5,52.0,Tidak Lulus
MHS02263,6,SI-C,L,78.0,74.3,68.3,65.9,44,4,8.8,1,Tidak,65.2,68.3,Lulus
MHS02264,3,SI-A,L,79.7,62.4,60.7,58.2,30,2,5.3,1,Tidak,54.4,58.6,Tidak Lulus
MHS02265,4,SI-D,P,78.6,61.4,68.6,64.3,30,2,5.1,1,Tidak,51.0,60.4,Lulus
MHS02266,4,SI-A,P,62.1,51.5,56.2,56.6,39,4,3.4,0,Tidak,46.7,52.3,Tidak Lulus
MHS02267,4,SI-D,P,84.7,65.7,71.7,76.7,53,7,9.5,1,Ya,71.9,71.5,Lulus
MHS02268,4,SI-C,L,85.6,73.0,72.4,52.5,57,3,8.1,1,Tidak,60.0,63.9,Lulus
MHS02269,2,SI-B,P,86.2,83.9,90.5,87.8,50,1,9.0,1,Ya,72.7,82.8,Lulus
MHS02270,3,SI-C,L,89.4,62.2,58.5,47.3,42,4,1.3,2,Ya,56.8,56.1,Tidak Lulus
MHS02271,1,SI-C,L,85.2,98.8,87.0,70.4,39,4,6.0,2,Tidak,80.9,84.0,Lulus
MHS02272,3,SI-B,P,73.1,53.8,57.0,54.0,36,1,5.7,0,Tidak,53.1,54.3,Tidak Lulus
MHS02273,3,SI-B,P,77.1,65.8,53.3,61.2,38,3,5.7,1,Tidak,57.8,59.8,Tidak Lulus
MHS02274,4,SI-D,L,79.1,72.6,76.2,55.0,33,5,4.7,2,Tidak,63.4,66.2,Lulus
MHS02275,6,SI-D,L,79.3,91.9,57.0,61.8,46,2,5.5,0,Tidak,62.0,68.4,Lulus
MHS02276,4,SI-A,L,90.0,100.0,87.0,86.5,43,4,9.0,0,Tidak,79.2,87.8,Lulus
MHS02277,5,SI-A,P,85.7,73.2,59.9,61.5,27,1,0.8,3,Ya,39.4,57.5,Tidak Lulus
MHS02278,3,SI-C,L,100.0,92.9,64.6,81.6,59,4,11.8,1,Tidak,76.5,79.5,Lulus
MHS02279,4,SI-B,P,100.0,85.2,72.6,81.2,41,4,8.0,3,Tidak,68.0,76.5,Lulus
MHS02280,1,SI-A,L,79.0,54.0,45.6,61.6,40,2,6.4,1,Tidak,43.9,51.2,Tidak Lulus
MHS02281,2,SI-C,L,35.0,60.8,55.6,48.3,47,5,9.2,2,Tidak,44.6,51.8,Tidak Lulus
MHS02282,3,SI-B,L,92.8,63.7,64.1,61.3,38,2,2.1,1,Ya,58.4,61.6,Lulus
MHS02283,3,SI-D,L,71.5,74.7,79.7,61.2,35,6,4.5,0,Tidak,66.1,69.7,Lulus
MHS02284,1,SI-C,L,68.4,57.8,58.2,49.2,39,2,6.1,2,Tidak,38.9,50.1,Tidak Lulus
MHS02285,1,SI-D,P,73.2,94.9,90.2,68.9,47,5,10.6,1,Tidak,64.2,78.2,Lulus
MHS02286,2,SI-A,P,72.6,61.5,54.7,67.1,42,4,6.4,1,Tidak,60.5,61.2,Lulus
MHS02287,6,SI-A,P,85.3,91.4,78.8,76.7,36,3,7.9,0,Tidak,80.4,81.9,Lulus
MHS02288,2,SI-B,P,59.3,51.3,48.6,52.7,39,3,4.7,1,Tidak,37.5,47.0,Tidak Lulus
MHS02289,3,SI-C,P,65.1,56.7,64.2,78.7,42,4,8.0,1,Tidak,56.3,63.6,Lulus
MHS02290,2,SI-D,P,82.1,84.7,91.0,98.2,59,3,11.5,1,Tidak,84.6,89.3,Lulus
MHS02291,4,SI-B,P,85.5,65.6,68.2,76.0,41,5,9.5,1,Tidak,71.6,70.5,Lulus
MHS02292,2,SI-A,L,85.7,69.4,57.3,57.8,43,1,6.3,2,Tidak,43.2,56.2,Tidak Lulus
MHS02293,2,SI-A,L,68.6,71.1,77.6,73.2,45,1,8.5,1,Ya,72.4,73.3,Lulus
MHS02294,3,SI-C,L,66.3,54.7,51.6,51.6,46,5,8.2,2,Ya,41.8,49.4,Tidak Lulus
MHS02295,1,SI-D,L,71.9,71.2,75.0,58.9,48,3,8.0,1,Ya,53.5,63.6,Lulus
MHS02296,1,SI-C,L,80.9,57.0,69.5,57.2,57,3,9.8,1,Tidak,57.5,59.7,Tidak Lulus
MHS02297,2,SI-D,P,95.8,91.3,87.0,88.5,50,4,9.8,2,Ya,80.7,86.6,Lulus
MHS02298,1,SI-D,L,53.4,47.4,46.8,49.3,40,3,6.1,2,Tidak,39.3,45.3,Tidak Lulus
MHS02299,1,SI-C,L,75.4,82.4,81.7,83.7,45,5,8.4,0,Tidak,75.8,80.6,Lulus
MHS02300,2,SI-B,L,62.0,50.9,37.0,43.1,46,2,5.4,0,Tidak,53.4,46.9,Tidak Lulus
MHS02301,5,SI-C,L,58.2,56.8,49.0,43.8,35,2,3.7,1,Tidak,34.2,45.2,Tidak Lulus
MHS02302,4,SI-C,L,89.6,97.5,77.0,67.8,38,4,5.7,1,Tidak,79.3,80.5,Lulus
MHS02303,3,SI-A,L,84.5,78.3,49.7,46.8,33,4,6.3,2,Tidak,43.5,54.3,Tidak Lulus
MHS02304,2,SI-A,L,83.4,41.5,50.7,39.6,31,2,1.5,3,Tidak,28.7,39.0,Tidak Lulus
MHS02305,6,SI-C,L,89.1,65.8,59.2,60.6,45,4,9.1,0,Tidak,57.5,60.7,Lulus
MHS02306,3,SI-C,P,72.2,38.1,44.7,32.9,37,1,0.0,1,Tidak,19.8,32.6,Tidak Lulus
MHS02307,1,SI-A,P,72.8,92.3,80.3,75.5,64,7,14.6,0,Tidak,84.1,83.2,Lulus
MHS02308,4,SI-D,L,100.0,100.0,100.0,100.0,52,3,11.0,0,Tidak,100.0,100.0,Lulus
MHS02309,1,SI-C,L,75.0,66.5,60.6,52.7,54,0,5.7,2,Tidak,57.7,59.2,Tidak Lulus
MHS02310,2,SI-B,L,86.8,94.8,88.9,66.3,48,8,6.5,0,Tidak,67.3,78.2,Lulus
MHS02311,3,SI-B,P,78.1,55.2,54.2,57.5,37,5,7.4,1,Tidak,70.2,60.1,Lulus
MHS02312,6,SI-B,L,55.8,35.4,32.1,40.1,34,1,4.7,2,Tidak,30.0,34.3,Tidak Lulus
MHS02313,3,SI-C,L,53.5,61.4,35.4,30.6,46,6,7.1,7,Ya,42.6,42.9,Tidak Lulus
MHS02314,4,SI-D,P,71.1,74.6,48.3,62.5,45,1,6.1,1,Tidak,53.2,59.9,Tidak Lulus
MHS02315,6,SI-D,L,90.7,77.5,70.1,84.2,40,5,6.2,1,Tidak,70.6,75.6,Lulus
MHS02316,1,SI-A,L,87.5,87.7,74.2,72.8,38,5,7.0,0,Tidak,70.5,76.1,Lulus
MHS02317,2,SI-C,L,89.0,66.2,53.5,64.1,42,2,2.6,1,Tidak,70.6,64.5,Lulus
MHS02318,3,SI-D,P,66.2,89.5,70.4,74.4,41,6,6.6,1,Tidak,76.3,77.9,Lulus
MHS02319,3,SI-C,P,97.4,63.9,72.1,72.5,49,3,7.0,1,Tidak,67.4,68.7,Lulus
MHS02320,3,SI-A,P,66.4,76.3,64.3,69.1,37,4,6.9,1,Ya,60.2,67.3,Lulus
MHS02321,6,SI-A,L,80.6,63.0,75.3,68.2,38,3,5.9,2,Tidak,64.7,67.3,Lulus
MHS02322,5,SI-A,L,77.9,74.3,65.1,57.8,41,3,9.9,2,Ya,49.2,60.8,Lulus
MHS02323,4,SI-B,P,75.9,69.9,69.6,45.5,45,4,5.4,1,Tidak,40.4,54.9,Tidak Lulus
MHS02324,2,SI-C,P,94.1,75.6,59.9,68.7,44,1,7.2,1,Tidak,57.4,65.3,Lulus
MHS02325,5,SI-A,L,69.5,75.2,50.0,57.9,38,3,10.4,1,Tidak,59.3,61.1,Lulus
MHS02326,6,SI-C,P,61.8,77.6,63.8,46.2,50,4,6.3,2,Tidak,59.5,61.6,Lulus
MHS02327,5,SI-B,L,78.2,72.1,64.0,62.0,53,3,7.1,1,Tidak,52.2,62.0,Lulus
MHS02328,1,SI-B,L,73.2,71.6,68.0,59.7,37,1,6.2,3,Ya,66.3,66.3,Lulus
MHS02329,4,SI-A,P,100.0,80.0,75.8,81.1,52,2,10.2,0,Tidak,74.8,77.9,Lulus
MHS02330,1,SI-A,L,86.1,71.9,57.4,71.3,46,2,5.7,1,Ya,67.2,67.4,Lulus
MHS02331,2,SI-D,P,73.1,80.6,91.6,68.9,57,3,10.4,2,Tidak,65.8,75.4,Lulus
MHS02332,1,SI-C,L,65.3,60.0,56.6,36.6,47,3,6.2,2,Ya,46.0,49.3,Tidak Lulus
MHS02333,4,SI-A,L,55.4,49.3,46.1,37.0,41,2,3.9,4,Tidak,43.8,43.9,Tidak Lulus
MHS02334,4,SI-D,P,65.7,68.2,68.0,64.9,41,4,8.5,4,Ya,52.4,62.6,Lulus
MHS02335,1,SI-C,P,79.4,81.6,49.1,69.7,44,1,5.6,2,Ya,53.4,63.7,Lulus
MHS02336,3,SI-A,L,95.1,75.6,56.9,62.4,39,3,8.4,1,Tidak,69.1,66.6,Lulus
MHS02337,3,SI-D,L,91.5,42.6,48.4,52.7,34,2,0.0,2,Tidak,50.2,48.6,Tidak Lulus
MHS02338,3,SI-D,P,80.7,72.2,76.9,57.3,42,4,6.5,3,Ya,50.6,62.9,Lulus
MHS02339,1,SI-C,L,74.1,64.1,51.2,53.7,43,1,5.1,2,Tidak,50.9,55.0,Tidak Lulus
MHS02340,3,SI-D,P,81.2,52.8,44.4,26.2,33,5,3.3,2,Tidak,43.5,41.7,Tidak Lulus
MHS02341,5,SI-C,P,71.8,71.5,65.4,59.5,41,0,4.8,0,Tidak,68.5,66.4,Lulus
MHS02342,1,SI-C,L,98.6,80.5,77.3,77.7,37,3,4.8,0,Tidak,70.5,76.2,Lulus
MHS02343,1,SI-C,L,75.7,73.7,70.2,61.5,43,5,6.4,1,Tidak,71.1,69.2,Lulus
MHS02344,2,SI-B,L,77.0,53.5,39.2,34.4,33,0,2.4,2,Tidak,37.3,41.0,Tidak Lulus
MHS02345,6,SI-D,P,51.4,63.4,43.3,48.5,53,5,7.4,1,Tidak,44.1,49.9,Tidak Lulus
MHS02346,4,SI-C,L,75.7,69.7,86.4,88.5,45,4,10.6,0,Tidak,69.9,77.8,Lulus
MHS02347,4,SI-A,L,88.0,56.9,79.0,62.3,51,4,7.3,0,Tidak,69.0,66.3,Lulus
MHS02348,3,SI-B,L,65.2,72.4,61.9,54.2,43,3,8.9,2,Tidak,45.9,57.8,Tidak Lulus
MHS02349,4,SI-B,P,69.0,100.0,83.7,74.1,35,3,9.8,2,Tidak,62.7,79.1,Lulus
MHS02350,1,SI-D,L,87.5,72.4,81.3,88.9,50,5,10.2,0,Tidak,82.7,81.4,Lulus
MHS02351,4,SI-C,L,60.3,47.3,56.9,38.6,54,6,12.1,5,Ya,57.3,50.0,Tidak Lulus
MHS02352,6,SI-D,P,90.7,64.7,57.3,56.3,36,0,5.0,0,Tidak,46.9,55.8,Tidak Lulus
MHS02353,4,SI-B,P,71.6,69.8,47.3,57.9,27,2,4.3,2,Tidak,42.8,54.2,Tidak Lulus
MHS02354,6,SI-C,P,73.3,77.0,81.6,62.5,50,6,8.9,0,Ya,73.6,73.3,Lulus
MHS02355,5,SI-A,L,64.5,73.0,66.7,54.5,50,3,8.6,2,Tidak,51.5,60.7,Lulus
MHS02356,1,SI-C,L,82.5,78.8,59.8,81.6,49,4,8.8,0,Tidak,57.6,69.3,Lulus
MHS02357,6,SI-B,P,100.0,98.1,90.9,100.0,47,3,12.2,0,Ya,88.4,94.2,Lulus
MHS02358,1,SI-A,L,87.4,67.9,46.6,62.0,46,3,6.5,2,Tidak,59.5,59.6,Tidak Lulus
MHS02359,3,SI-C,P,67.6,70.5,63.6,63.7,40,1,7.8,1,Tidak,54.6,62.6,Lulus
MHS02360,1,SI-A,P,91.6,82.1,66.2,64.4,41,3,3.6,0,Tidak,68.5,70.4,Lulus
MHS02361,1,SI-A,L,74.2,65.3,73.6,67.3,64,6,12.9,2,Tidak,57.1,65.0,Lulus
MHS02362,3,SI-B,P,94.5,74.4,68.1,62.6,48,1,5.5,1,Tidak,66.1,67.7,Lulus
MHS02363,2,SI-A,P,87.7,100.0,100.0,96.8,42,1,5.6,1,Tidak,67.5,89.4,Lulus
MHS02364,3,SI-D,L,42.7,55.6,54.2,47.4,41,3,5.5,1,Ya,48.7,51.2,Tidak Lulus
MHS02365,4,SI-B,L,66.0,56.9,58.9,49.7,33,2,4.6,3,Tidak,52.5,54.2,Tidak Lulus
MHS02366,1,SI-D,L,89.3,83.0,73.5,71.0,33,2,4.3,1,Ya,58.8,70.8,Lulus
MHS02367,1,SI-A,L,79.8,64.7,49.5,50.6,33,2,4.9,1,Tidak,46.2,52.6,Tidak Lulus
MHS02368,4,SI-D,L,65.7,39.4,44.9,45.4,41,3,2.4,2,Tidak,26.2,38.0,Tidak Lulus
MHS02369,2,SI-C,P,70.4,47.8,47.8,43.8,29,2,4.1,3,Ya,40.8,44.7,Tidak Lulus
MHS02370,5,SI-A,P,55.1,75.6,76.0,87.5,61,4,12.3,3,Tidak,67.0,76.1,Lulus
MHS02371,4,SI-C,L,76.9,67.9,56.8,55.1,51,4,8.7,3,Tidak,45.1,55.6,Tidak Lulus
MHS02372,5,SI-D,L,100.0,94.5,86.6,90.9,49,3,9.3,1,Tidak,80.2,87.7,Lulus
MHS02373,4,SI-C,P,87.7,100.0,84.4,98.2,51,4,10.0,0,Tidak,94.4,94.8,Lulus
MHS02374,3,SI-A,L,100.0,100.0,99.9,71.0,56,5,12.0,0,Tidak,92.5,90.5,Lulus
MHS02375,4,SI-C,P,88.6,56.3,49.0,49.6,29,2,1.2,1,Tidak,48.7,50.9,Tidak Lulus
MHS02376,2,SI-D,L,90.3,70.8,56.1,71.7,39,2,2.8,2,Tidak,65.7,66.6,Lulus
MHS02377,2,SI-D,L,100.0,82.8,76.2,56.1,35,4,4.1,1,Tidak,79.4,73.8,Lulus
MHS02378,5,SI-D,L,82.5,63.6,48.9,66.8,43,2,5.1,0,Tidak,58.3,59.9,Tidak Lulus
MHS02379,3,SI-A,P,75.8,63.2,57.6,60.3,44,3,5.6,1,Tidak,57.0,59.5,Tidak Lulus
MHS02380,5,SI-D,L,90.4,62.5,58.8,73.6,33,2,5.2,1,Tidak,58.2,63.2,Lulus
MHS02381,5,SI-A,P,95.4,96.1,72.4,75.9,53,4,7.2,0,Tidak,79.3,81.3,Lulus
MHS02382,5,SI-C,L,72.2,68.6,64.3,64.4,28,7,6.6,0,Tidak,56.2,63.0,Lulus
MHS02383,6,SI-D,L,69.3,87.6,74.6,59.0,38,4,4.3,0,Tidak,50.9,66.8,Lulus
MHS02384,3,SI-C,L,79.7,68.3,65.5,56.9,34,2,0.0,1,Tidak,58.0,61.8,Lulus
MHS02385,2,SI-B,P,88.0,61.3,45.2,49.4,30,2,3.5,0,Tidak,55.8,53.5,Tidak Lulus
MHS02386,4,SI-C,P,87.6,82.9,90.4,73.0,39,2,4.9,0,Tidak,72.7,78.9,Lulus
MHS02387,3,SI-B,L,60.9,58.8,65.0,51.9,36,2,5.8,5,Tidak,42.2,53.3,Tidak Lulus
MHS02388,4,SI-C,L,100.0,57.4,48.2,52.1,34,0,3.1,0,Tidak,48.3,51.5,Tidak Lulus
MHS02389,4,SI-A,L,70.3,43.6,32.9,23.2,44,1,5.0,2,Tidak,40.0,35.3,Tidak Lulus
MHS02390,4,SI-C,L,74.8,62.8,46.7,53.7,32,3,3.1,1,Tidak,39.5,50.3,Tidak Lulus
MHS02391,3,SI-A,L,67.2,59.6,49.6,50.3,36,3,6.1,4,Tidak,52.0,53.0,Tidak Lulus
MHS02392,1,SI-A,P,100.0,55.3,46.7,62.2,31,1,3.3,1,Tidak,57.7,56.0,Tidak Lulus
MHS02393,3,SI-D,P,80.9,58.2,53.9,51.6,31,0,4.0,4,Tidak,44.8,51.7,Tidak Lulus
MHS02394,1,SI-A,L,67.8,82.0,61.0,49.6,29,0,2.6,2,Tidak,50.6,60.3,Lulus
MHS02395,6,SI-B,L,88.4,83.5,56.6,78.0,40,3,6.0,1,Tidak,73.8,73.8,Lulus
MHS02396,2,SI-D,P,87.2,61.0,55.9,55.4,39,1,3.9,1,Ya,51.5,55.7,Tidak Lulus
MHS02397,1,SI-D,P,75.7,89.9,70.3,64.7,49,5,9.2,0,Tidak,75.8,75.4,Lulus
MHS02398,1,SI-C,L,88.1,63.3,56.1,73.3,50,3,7.7,1,Tidak,60.1,63.4,Lulus
MHS02399,4,SI-A,L,68.1,76.4,64.6,75.6,38,6,6.3,1,Tidak,66.2,70.8,Lulus
MHS02400,4,SI-A,L,72.1,71.9,64.0,38.0,49,1,4.1,1,Tidak,38.7,51.9,Tidak Lulus
MHS02401,2,SI-B,L,53.9,51.7,46.1,35.6,44,7,7.6,4,Tidak,32.1,40.7,Tidak Lulus
MHS02402,1,SI-C,L,62.1,59.2,54.5,52.8,46,5,8.6,1,Tidak,63.8,58.0,Tidak Lulus
MHS02403,3,SI-C,L,99.7,94.4,86.2,83.4,42,4,6.9,2,Tidak,88.1,88.1,Lulus
MHS02404,2,SI-D,P,97.7,82.3,88.1,86.6,63,5,11.3,2,Ya,96.2,88.7,Lulus
MHS02405,4,SI-D,L,78.8,78.9,80.2,92.0,49,2,7.9,1,Tidak,80.9,83.0,Lulus
MHS02406,4,SI-D,L,98.0,81.4,80.9,69.6,45,4,9.2,1,Tidak,70.2,75.0,Lulus
MHS02407,3,SI-B,L,76.1,77.5,55.6,63.9,37,3,6.9,0,Tidak,57.2,63.6,Lulus
MHS02408,2,SI-B,P,75.1,82.6,70.9,57.2,46,5,8.5,1,Tidak,71.2,70.5,Lulus
MHS02409,6,SI-D,P,78.7,69.2,55.4,59.9,38,6,4.1,1,Tidak,64.2,62.6,Lulus
MHS02410,3,SI-C,L,76.5,82.7,90.6,85.9,35,5,5.1,2,Ya,82.9,85.1,Lulus
MHS02411,4,SI-B,L,75.4,53.0,62.7,35.7,36,3,7.5,1,Ya,52.0,50.3,Tidak Lulus
MHS02412,1,SI-C,P,91.7,85.1,94.7,71.1,30,3,7.5,0,Ya,77.9,81.4,Lulus
MHS02413,3,SI-C,L,79.8,61.4,75.9,71.3,40,6,8.0,2,Tidak,71.6,69.8,Lulus
MHS02414,1,SI-A,L,86.5,94.9,61.1,80.1,43,2,9.8,0,Tidak,63.6,75.0,Lulus
MHS02415,3,SI-D,L,90.4,55.4,35.0,43.6,21,1,2.2,0,Tidak,43.3,44.7,Tidak Lulus
MHS02416,6,SI-A,L,82.7,57.7,52.7,61.4,32,3,3.6,1,Tidak,50.5,55.5,Tidak Lulus
MHS02417,3,SI-D,L,66.4,70.3,67.3,70.8,39,3,7.2,2,Tidak,55.9,65.5,Lulus
MHS02418,1,SI-D,P,61.8,73.3,64.2,60.1,35,6,4.3,3,Tidak,60.7,64.4,Lulus
MHS02419,1,SI-C,P,79.8,100.0,87.9,97.8,64,4,16.6,1,Tidak,93.7,95.1,Lulus
MHS02420,3,SI-D,L,75.9,75.0,55.9,64.3,39,2,8.0,1,Tidak,59.7,63.9,Lulus
MHS02421,1,SI-C,P,79.0,73.5,62.4,62.3,49,3,6.3,0,Tidak,51.4,61.8,Lulus
MHS02422,1,SI-C,L,77.8,66.9,60.1,59.4,43,1,5.0,3,Ya,45.7,57.3,Tidak Lulus
MHS02423,5,SI-D,L,100.0,87.2,91.2,89.0,38,4,5.1,0,Ya,89.8,89.2,Lulus
MHS02424,3,SI-C,P,62.0,61.7,66.7,40.0,44,5,6.6,5,Tidak,44.3,52.1,Tidak Lulus
MHS02425,2,SI-C,P,54.1,64.0,56.7,52.7,40,2,6.8,3,Ya,55.0,57.0,Tidak Lulus
MHS02426,6,SI-C,L,82.0,56.8,64.6,58.7,28,1,5.1,1,Tidak,48.2,56.3,Tidak Lulus
MHS02427,1,SI-B,L,73.5,88.6,80.4,68.4,42,2,5.7,0,Tidak,67.9,75.7,Lulus
MHS02428,6,SI-C,P,81.8,68.2,82.1,59.7,43,9,10.5,4,Ya,65.1,67.9,Lulus
MHS02429,2,SI-B,P,85.0,87.0,81.4,62.7,58,2,10.7,1,Tidak,78.1,77.1,Lulus
MHS02430,6,SI-B,P,93.4,66.3,65.0,62.4,44,4,7.3,1,Tidak,78.2,68.6,Lulus
MHS02431,4,SI-C,L,59.9,52.8,44.2,38.2,32,3,2.5,2,Tidak,31.6,41.1,Tidak Lulus
MHS02432,5,SI-C,L,71.3,89.0,64.6,75.9,40,2,8.1,0,Tidak,53.1,70.1,Lulus
MHS02433,6,SI-B,L,83.1,81.6,72.3,83.4,49,1,11.2,0,Ya,80.3,79.8,Lulus
MHS02434,2,SI-B,L,87.2,79.7,70.4,65.8,49,2,10.6,1,Tidak,71.5,71.9,Lulus
MHS02435,6,SI-C,P,100.0,92.4,69.7,69.3,42,3,8.7,2,Tidak,59.5,72.2,Lulus
MHS02436,3,SI-C,L,89.5,83.0,82.5,75.1,44,3,10.8,0,Tidak,69.9,77.0,Lulus
MHS02437,3,SI-D,L,77.3,86.0,65.2,76.1,53,6,6.7,1,Tidak,66.0,73.4,Lulus
MHS02438,2,SI-B,P,67.3,73.4,65.5,57.4,43,6,8.4,1,Ya,70.1,66.8,Lulus
MHS02439,4,SI-B,L,71.2,74.0,63.6,76.2,40,3,4.5,1,Ya,55.5,66.9,Lulus
MHS02440,1,SI-D,L,70.9,50.0,55.0,53.3,36,5,7.4,2,Tidak,46.6,50.8,Tidak Lulus
MHS02441,4,SI-B,P,85.9,71.2,82.7,77.9,54,5,10.5,1,Tidak,60.2,71.9,Lulus
MHS02442,4,SI-A,P,81.1,49.8,48.1,47.9,30,0,4.7,1,Tidak,48.1,48.5,Tidak Lulus
MHS02443,5,SI-B,P,62.1,68.6,82.7,77.3,37,2,3.9,0,Ya,55.2,69.6,Lulus
MHS02444,5,SI-D,L,72.8,73.5,68.8,67.7,39,4,6.8,1,Ya,79.2,72.8,Lulus
MHS02445,3,SI-A,P,88.5,63.5,55.8,55.3,42,3,5.8,2,Tidak,48.7,55.5,Tidak Lulus
MHS02446,2,SI-C,P,82.2,73.6,54.5,49.8,39,5,8.4,3,Tidak,61.3,60.1,Lulus
MHS02447,2,SI-D,L,84.8,53.7,50.2,56.5,39,3,5.1,4,Tidak,50.2,52.6,Tidak Lulus
MHS02448,2,SI-D,L,82.6,92.7,92.6,76.9,41,4,11.7,2,Tidak,71.0,82.2,Lulus
MHS02449,1,SI-C,P,97.5,67.7,63.9,62.9,37,2,2.6,1,Tidak,67.7,65.7,Lulus
MHS02450,2,SI-D,L,80.8,84.1,64.7,60.0,50,4,10.3,3,Ya,51.2,64.3,Lulus
MHS02451,2,SI-B,P,73.4,53.3,50.1,43.6,35,3,4.2,1,Tidak,44.6,47.6,Tidak Lulus
MHS02452,6,SI-C,L,67.0,51.1,30.5,34.9,37,2,1.1,1,Ya,41.4,40.0,Tidak Lulus
MHS02453,4,SI-D,L,81.0,73.8,87.0,73.7,53,4,7.2,0,Tidak,70.3,75.4,Lulus
MHS02454,2,SI-C,L,48.7,48.5,47.5,34.2,32,3,5.7,1,Tidak,27.4,38.4,Tidak Lulus
MHS02455,4,SI-C,P,75.8,68.3,66.9,57.3,33,3,3.2,2,Ya,66.3,64.7,Lulus
MHS02456,1,SI-C,L,75.5,43.1,51.4,42.9,25,1,1.5,0,Tidak,40.1,43.8,Tidak Lulus
MHS02457,3,SI-A,L,61.6,72.0,69.2,57.6,31,5,6.5,3,Tidak,48.2,60.7,Lulus
MHS02458,4,SI-D,P,66.9,48.5,61.0,59.3,43,6,9.4,4,Ya,43.6,52.2,Tidak Lulus
MHS02459,3,SI-A,P,87.7,76.6,46.8,63.7,44,4,8.3,1,Tidak,62.7,63.2,Lulus
MHS02460,3,SI-D,P,80.8,79.0,70.7,63.3,38,5,6.7,1,Tidak,63.0,68.6,Lulus
MHS02461,6,SI-B,L,79.2,73.4,76.5,68.9,40,7,7.9,1,Ya,68.1,71.3,Lulus
MHS02462,6,SI-B,L,81.7,61.7,67.9,66.5,40,1,6.4,2,Tidak,68.4,66.2,Lulus
MHS02463,4,SI-B,P,79.1,69.5,65.8,67.3,37,4,2.2,0,Tidak,71.4,68.8,Lulus
MHS02464,4,SI-D,P,92.9,56.0,54.6,57.1,39,6,2.2,2,Tidak,55.2,55.8,Tidak Lulus
MHS02465,4,SI-C,L,79.5,74.8,71.7,82.2,43,1,5.9,0,Tidak,72.2,75.2,Lulus
MHS02466,2,SI-C,L,60.5,78.9,76.3,58.7,47,4,6.0,0,Tidak,50.4,64.8,Lulus
MHS02467,3,SI-A,P,97.6,87.4,67.7,76.9,41,4,9.1,3,Tidak,71.7,76.1,Lulus
MHS02468,1,SI-A,L,82.4,78.5,92.5,74.6,48,2,8.8,3,Tidak,70.7,78.0,Lulus
MHS02469,3,SI-B,P,70.9,73.9,75.4,74.2,38,3,8.3,2,Ya,63.6,71.2,Lulus
MHS02470,4,SI-A,L,63.0,30.0,34.7,33.5,37,0,5.7,5,Tidak,20.6,29.0,Tidak Lulus
MHS02471,2,SI-D,L,82.8,43.2,33.9,60.5,35,0,2.4,1,Tidak,37.3,43.9,Tidak Lulus
MHS02472,6,SI-D,P,76.6,62.3,74.3,62.0,45,1,7.7,4,Tidak,53.9,62.1,Lulus
MHS02473,6,SI-A,L,96.9,87.1,82.1,83.9,52,3,8.1,2,Tidak,84.8,84.6,Lulus
MHS02474,5,SI-A,L,73.8,54.4,52.9,49.0,25,5,0.0,0,Tidak,55.4,53.0,Tidak Lulus
MHS02475,3,SI-A,L,68.0,66.9,65.0,60.8,42,3,4.0,1,Ya,56.6,61.9,Lulus
MHS02476,5,SI-A,L,88.7,73.4,79.1,64.0,35,3,4.4,2,Tidak,69.7,71.1,Lulus
MHS02477,1,SI-B,P,89.1,74.1,49.8,64.1,33,3,6.9,2,Tidak,51.7,60.0,Lulus
MHS02478,5,SI-B,P,80.0,56.4,34.8,33.4,35,3,4.1,0,Tidak,47.1,43.5,Tidak Lulus
MHS02479,1,SI-A,P,86.1,73.2,61.4,59.1,44,1,6.4,2,Tidak,56.9,62.4,Lulus
MHS02480,5,SI-D,L,77.5,63.5,69.1,56.8,43,5,5.9,1,Tidak,53.4,59.9,Tidak Lulus
MHS02481,2,SI-B,L,80.8,76.0,71.0,82.3,43,2,6.0,1,Tidak,81.8,78.3,Lulus
MHS02482,6,SI-D,L,92.0,82.2,76.9,67.7,33,0,4.4,0,Ya,66.3,72.7,Lulus
MHS02483,6,SI-C,P,85.5,79.4,68.5,64.5,43,6,4.6,0,Tidak,64.4,69.0,Lulus
MHS02484,1,SI-D,P,76.0,56.1,48.1,46.1,34,6,3.3,0,Tidak,45.9,48.9,Tidak Lulus
MHS02485,3,SI-A,P,94.2,96.7,80.1,83.2,54,3,7.6,1,Tidak,81.7,85.5,Lulus
MHS02486,6,SI-C,L,49.6,64.1,46.2,45.3,38,3,8.2,2,Ya,54.0,52.8,Tidak Lulus
MHS02487,3,SI-B,L,100.0,71.6,72.7,65.2,41,1,4.2,2,Tidak,54.8,65.2,Lulus
MHS02488,5,SI-B,L,57.5,51.4,68.2,73.6,43,1,11.1,2,Tidak,57.3,62.1,Lulus
MHS02489,4,SI-C,L,70.5,50.9,49.3,51.5,35,2,5.6,1,Tidak,48.1,49.9,Tidak Lulus
MHS02490,3,SI-D,L,77.5,71.3,76.7,76.0,48,3,11.1,1,Tidak,57.7,69.5,Lulus
MHS02491,2,SI-B,P,76.2,64.5,71.7,66.7,30,2,4.6,0,Tidak,68.5,67.7,Lulus
MHS02492,2,SI-A,L,90.1,60.8,65.0,51.6,26,2,0.4,2,Ya,54.1,57.3,Tidak Lulus
MHS02493,5,SI-C,L,65.3,91.8,65.4,60.5,34,5,7.7,2,Tidak,65.3,70.7,Lulus
MHS02494,3,SI-A,L,81.1,77.9,56.5,53.2,42,3,7.2,2,Tidak,42.1,56.7,Tidak Lulus
MHS02495,3,SI-C,P,71.1,86.7,72.1,58.3,43,1,6.6,1,Tidak,71.0,72.0,Lulus
MHS02496,3,SI-B,P,81.5,75.1,66.4,64.7,39,2,4.6,1,Tidak,74.5,70.6,Lulus
MHS02497,4,SI-D,P,77.2,64.1,49.6,55.6,41,4,6.4,2,Tidak,50.7,55.1,Tidak Lulus
MHS02498,5,SI-C,P,79.1,68.0,82.7,67.0,33,3,5.0,1,Tidak,57.1,67.4,Lulus
MHS02499,6,SI-C,L,71.4,75.5,52.0,60.7,35,1,5.6,1,Tidak,36.4,55.4,Tidak Lulus
MHS02500,3,SI-A,P,71.9,71.6,71.3,63.4,48,2,9.0,2,Tidak,50.5,63.2,Lulus
MHS02501,5,SI-B,L,81.4,67.9,58.5,71.5,39,3,7.1,1,Tidak,66.8,66.6,Lulus
MHS02502,5,SI-A,L,89.3,92.8,89.9,76.4,48,2,8.3,2,Tidak,74.8,82.7,Lulus
MHS02503,4,SI-B,P,70.8,76.6,58.2,67.9,31,2,5.8,1,Tidak,46.5,61.7,Lulus
MHS02504,6,SI-A,P,67.6,51.0,28.0,39.7,52,0,5.5,8,Ya,38.4,39.8,Tidak Lulus
MHS02505,2,SI-C,L,85.4,60.8,57.3,35.8,31,2,3.0,2,Tidak,40.6,47.8,Tidak Lulus
MHS02506,1,SI-A,L,77.6,62.2,29.6,34.6,43,4,5.4,2,Ya,33.8,40.3,Tidak Lulus
MHS02507,5,SI-D,L,88.0,41.7,56.5,37.2,25,1,0.0,1,Tidak,40.9,43.3,Tidak Lulus
MHS02508,3,SI-B,L,67.1,68.1,56.8,53.4,36,3,4.7,5,Tidak,47.0,55.8,Tidak Lulus
MHS02509,5,SI-B,L,56.6,58.8,52.3,40.5,40,7,6.3,2,Tidak,34.5,45.6,Tidak Lulus
MHS02510,6,SI-C,L,71.6,71.9,65.8,71.8,36,4,8.2,1,Tidak,59.9,67.1,Lulus
MHS02511,1,SI-B,L,68.8,70.0,54.4,47.8,32,3,5.7,1,Tidak,60.7,58.5,Tidak Lulus
MHS02512,6,SI-D,P,77.1,78.1,78.3,72.9,54,5,7.5,0,Tidak,61.4,71.8,Lulus
MHS02513,3,SI-A,L,70.4,34.4,26.8,27.5,29,0,0.0,0,Tidak,30.2,29.9,Tidak Lulus
MHS02514,3,SI-C,L,86.9,88.9,81.1,81.3,42,2,6.3,0,Tidak,72.6,80.6,Lulus
MHS02515,4,SI-D,L,74.5,55.1,25.0,38.4,26,1,1.5,1,Ya,41.5,40.8,Tidak Lulus
MHS02516,6,SI-B,P,79.8,40.4,29.6,37.6,37,1,2.9,1,Tidak,28.6,34.0,Tidak Lulus
MHS02517,1,SI-B,L,79.9,69.8,55.1,55.3,32,4,5.9,0,Tidak,58.9,60.0,Lulus
MHS02518,3,SI-D,L,80.3,84.8,73.5,65.3,46,4,10.3,0,Tidak,64.4,71.5,Lulus
MHS02519,4,SI-A,L,77.7,36.6,68.8,54.9,46,5,7.6,5,Ya,34.5,47.0,Tidak Lulus
MHS02520,5,SI-A,P,84.1,67.0,67.3,58.1,41,4,6.6,2,Tidak,48.6,59.3,Tidak Lulus
MHS02521,4,SI-C,P,68.5,50.4,73.0,78.9,38,1,6.4,0,Tidak,57.1,64.1,Lulus
MHS02522,1,SI-B,P,94.8,57.4,36.5,63.0,31,1,4.4,3,Tidak,49.8,52.3,Tidak Lulus
MHS02523,2,SI-D,P,75.2,53.3,38.7,44.6,37,1,4.9,2,Tidak,49.3,47.0,Tidak Lulus
MHS02524,2,SI-A,P,62.3,69.6,67.2,51.5,46,4,7.8,6,Ya,50.9,59.0,Tidak Lulus
MHS02525,5,SI-C,P,80.3,68.3,47.8,52.7,21,1,2.3,1,Tidak,58.8,57.4,Tidak Lulus
MHS02526,2,SI-B,L,67.8,62.5,69.1,72.2,39,4,8.3,2,Ya,59.4,65.3,Lulus
MHS02527,2,SI-B,L,86.0,74.3,69.8,81.4,39,2,5.3,3,Tidak,66.6,72.9,Lulus
MHS02528,6,SI-C,P,100.0,80.5,77.3,61.5,43,5,9.0,1,Tidak,65.6,70.6,Lulus
MHS02529,1,SI-C,L,68.6,83.6,100.0,86.7,52,2,9.4,3,Ya,76.5,85.5,Lulus
MHS02530,6,SI-A,L,82.0,63.9,61.9,54.5,26,1,1.5,2,Tidak,46.1,55.8,Tidak Lulus
MHS02531,4,SI-D,P,56.9,54.4,45.5,38.1,47,1,4.8,2,Tidak,33.6,42.3,Tidak Lulus
MHS02532,5,SI-B,L,83.4,64.9,83.9,76.9,31,5,3.9,1,Ya,68.5,72.8,Lulus
MHS02533,2,SI-D,P,67.4,61.3,67.1,55.9,34,3,1.1,1,Tidak,39.3,54.5,Tidak Lulus
MHS02534,1,SI-B,P,70.5,66.1,41.8,59.7,24,4,3.4,2,Tidak,48.9,54.5,Tidak Lulus
MHS02535,5,SI-B,L,64.8,76.0,91.4,84.5,56,7,13.8,0,Tidak,83.6,83.5,Lulus
MHS02536,5,SI-D,P,86.8,70.2,60.2,66.4,41,4,8.3,2,Tidak,56.7,63.2,Lulus
MHS02537,5,SI-C,L,90.1,83.3,79.8,91.7,51,3,12.3,1,Ya,84.2,85.0,Lulus
MHS02538,1,SI-A,L,78.3,81.5,62.7,65.8,47,3,9.0,1,Tidak,73.3,71.4,Lulus
MHS02539,5,SI-B,L,67.6,58.3,33.5,32.6,39,4,4.3,4,Ya,41.7,41.9,Tidak Lulus
MHS02540,5,SI-C,P,97.1,80.1,60.5,81.0,38,1,5.4,3,Ya,65.8,72.1,Lulus
MHS02541,4,SI-B,P,69.0,100.0,74.4,72.2,34,7,8.3,0,Ya,78.2,81.4,Lulus
MHS02542,5,SI-A,L,52.1,76.4,57.9,55.6,44,6,7.8,3,Ya,63.4,63.6,Lulus
MHS02543,5,SI-B,P,83.5,74.2,58.1,56.2,32,2,4.8,2,Tidak,56.2,61.1,Lulus
MHS02544,4,SI-A,L,64.7,30.0,42.2,34.7,26,0,2.0,5,Tidak,29.0,33.3,Tidak Lulus
MHS02545,1,SI-A,P,89.9,91.6,87.2,89.9,51,6,16.4,0,Tidak,95.3,91.4,Lulus
MHS02546,3,SI-B,L,73.4,80.9,96.0,66.3,41,3,6.1,1,Tidak,68.1,76.4,Lulus
MHS02547,1,SI-B,P,85.2,82.0,74.3,62.9,45,2,5.5,0,Tidak,75.6,73.8,Lulus
MHS02548,3,SI-A,L,94.8,98.3,56.0,65.6,41,4,6.8,0,Ya,66.8,72.2,Lulus
MHS02549,3,SI-C,L,63.5,47.1,50.9,46.1,43,1,5.8,2,Tidak,43.4,46.5,Tidak Lulus
MHS02550,1,SI-D,L,71.2,63.7,53.9,60.9,47,2,6.9,0,Tidak,51.7,57.4,Tidak Lulus
MHS02551,2,SI-A,P,77.1,89.8,71.3,83.1,50,5,10.4,1,Tidak,80.8,81.7,Lulus
MHS02552,1,SI-B,L,96.5,76.5,66.8,86.9,46,4,6.1,3,Tidak,68.9,74.9,Lulus
MHS02553,5,SI-B,P,70.1,89.5,63.3,65.6,34,2,3.0,0,Tidak,67.0,71.5,Lulus
MHS02554,6,SI-C,L,70.9,76.9,72.9,61.9,32,1,6.0,1,Tidak,63.6,68.4,Lulus
MHS02555,1,SI-D,L,83.7,59.8,47.7,35.9,35,2,5.1,1,Ya,45.9,47.2,Tidak Lulus
MHS02556,6,SI-A,L,71.1,66.6,54.7,57.2,59,3,10.8,5,Tidak,54.5,58.2,Tidak Lulus
MHS02557,3,SI-A,P,79.8,79.4,72.6,68.4,56,2,10.0,2,Ya,71.8,73.0,Lulus
MHS02558,2,SI-D,L,59.4,63.2,49.0,48.5,45,4,6.8,1,Tidak,46.2,51.6,Tidak Lulus
MHS02559,1,SI-A,P,100.0,59.0,69.4,58.3,26,3,2.7,2,Tidak,62.7,62.0,Lulus
MHS02560,3,SI-D,P,61.8,59.6,49.2,39.7,38,2,2.8,4,Tidak,34.6,45.0,Tidak Lulus
MHS02561,5,SI-B,P,74.1,45.9,33.1,46.4,41,4,6.5,2,Tidak,36.0,40.5,Tidak Lulus
MHS02562,4,SI-D,L,77.6,79.7,52.7,67.0,37,4,7.5,1,Tidak,63.0,66.1,Lulus
MHS02563,1,SI-A,P,100.0,92.9,78.3,79.2,35,4,5.4,0,Tidak,81.1,83.0,Lulus
MHS02564,1,SI-D,P,62.1,65.0,53.9,58.1,39,4,5.1,2,Ya,30.3,50.6,Tidak Lulus
MHS02565,3,SI-C,L,100.0,75.3,48.6,73.2,37,3,4.7,1,Tidak,80.6,71.0,Lulus
MHS02566,2,SI-B,P,87.1,54.7,63.2,61.3,37,3,6.4,0,Tidak,78.8,65.3,Lulus
MHS02567,2,SI-B,L,83.0,74.0,72.5,73.2,29,6,0.0,1,Tidak,56.1,68.1,Lulus
MHS02568,2,SI-D,L,66.2,81.6,54.1,50.5,31,1,3.2,0,Tidak,55.6,60.5,Lulus
MHS02569,5,SI-A,L,84.9,90.1,91.7,81.4,37,2,4.6,0,Tidak,67.6,81.5,Lulus
MHS02570,6,SI-C,L,69.3,59.0,77.7,62.1,51,3,10.1,1,Tidak,48.9,60.5,Lulus
MHS02571,3,SI-B,L,93.2,67.4,51.1,64.8,36,0,4.1,0,Tidak,55.1,59.8,Tidak Lulus
MHS02572,6,SI-B,L,66.3,73.3,82.3,47.8,50,3,7.0,3,Tidak,44.7,60.1,Lulus
MHS02573,2,SI-A,P,76.6,68.5,72.3,76.0,49,2,7.2,0,Tidak,69.6,71.5,Lulus
MHS02574,3,SI-A,L,71.3,100.0,96.6,81.1,55,2,10.4,2,Ya,85.4,90.2,Lulus
MHS02575,2,SI-C,L,66.1,74.8,79.8,70.2,40,3,10.3,3,Ya,76.1,75.0,Lulus
MHS02576,4,SI-D,L,86.9,89.9,83.0,71.4,43,4,6.3,0,Tidak,74.5,79.3,Lulus
MHS02577,6,SI-A,P,84.4,54.1,45.3,66.2,31,4,5.1,1,Tidak,59.3,56.9,Tidak Lulus
MHS02578,4,SI-D,P,92.5,49.5,67.1,63.7,40,2,4.5,1,Tidak,59.8,59.7,Tidak Lulus
MHS02579,2,SI-C,P,56.6,49.2,50.6,42.8,43,2,5.8,2,Tidak,40.9,45.4,Tidak Lulus
MHS02580,4,SI-D,P,90.8,74.3,69.9,50.2,42,4,5.2,2,Tidak,52.4,60.8,Lulus
MHS02581,1,SI-B,L,100.0,99.5,80.4,79.8,40,6,8.2,1,Tidak,80.0,84.9,Lulus
MHS02582,6,SI-D,P,72.6,72.3,69.1,46.1,47,3,7.8,1,Tidak,54.0,59.6,Tidak Lulus
MHS02583,3,SI-C,L,100.0,86.4,72.0,78.6,45,3,8.3,0,Tidak,81.4,80.1,Lulus
MHS02584,3,SI-C,L,74.8,68.1,66.8,71.0,45,4,10.3,0,Tidak,51.3,63.5,Lulus
MHS02585,4,SI-C,P,61.5,74.2,66.8,69.0,51,3,12.1,2,Tidak,68.4,69.7,Lulus
MHS02586,4,SI-D,L,74.3,89.5,65.7,61.9,32,5,6.9,0,Ya,65.9,70.8,Lulus
MHS02587,1,SI-B,P,90.6,89.6,83.9,76.2,49,5,9.8,0,Ya,77.8,81.6,Lulus
MHS02588,4,SI-A,P,67.9,74.4,88.2,69.5,42,1,5.4,0,Tidak,66.5,73.6,Lulus
MHS02589,2,SI-B,L,70.8,94.1,92.9,75.2,51,4,10.1,1,Ya,77.9,84.3,Lulus
MHS02590,5,SI-D,L,85.1,90.3,90.7,69.1,51,3,9.7,0,Tidak,78.3,81.5,Lulus
MHS02591,5,SI-D,L,78.0,78.7,68.8,62.5,44,1,9.5,2,Tidak,70.5,70.2,Lulus
MHS02592,5,SI-A,P,85.0,77.6,82.2,76.2,47,2,6.8,1,Tidak,57.2,72.0,Lulus
MHS02593,4,SI-D,P,80.9,73.8,57.2,57.0,43,2,4.5,1,Tidak,46.4,58.1,Tidak Lulus
MHS02594,3,SI-C,L,83.8,64.3,69.6,56.3,39,4,2.3,4,Tidak,47.1,58.2,Tidak Lulus
MHS02595,1,SI-C,L,72.8,45.4,59.4,50.7,43,4,6.4,0,Tidak,60.8,54.1,Tidak Lulus
MHS02596,5,SI-C,P,80.8,92.2,77.4,95.6,44,7,11.1,1,Tidak,87.1,88.6,Lulus
MHS02597,2,SI-C,P,66.9,74.8,60.2,57.8,41,2,5.6,3,Tidak,49.8,60.1,Lulus
MHS02598,3,SI-C,L,93.5,85.7,73.5,77.3,40,11,8.9,1,Ya,85.2,81.0,Lulus
MHS02599,2,SI-D,L,70.4,74.6,84.8,67.7,39,4,9.0,0,Tidak,73.6,74.6,Lulus
MHS02600,1,SI-A,P,91.5,52.3,58.1,61.6,34,1,5.6,2,Tidak,56.7,57.1,Tidak Lulus
MHS02601,4,SI-A,L,75.2,91.9,78.7,73.8,49,6,10.4,3,Tidak,78.2,80.6,Lulus
MHS02602,1,SI-C,L,80.4,72.3,78.3,50.5,30,3,0.0,1,Ya,58.4,63.9,Lulus
MHS02603,5,SI-D,P,72.1,60.1,38.9,60.6,31,2,2.8,0,Tidak,51.2,53.3,Tidak Lulus
MHS02604,2,SI-B,P,65.8,30.0,37.8,34.2,36,2,3.8,4,Tidak,30.2,32.7,Tidak Lulus
MHS02605,1,SI-B,L,57.1,41.6,62.5,48.8,35,4,4.0,4,Tidak,34.1,45.3,Tidak Lulus
MHS02606,3,SI-D,L,65.3,59.0,43.5,44.1,47,3,7.5,2,Tidak,43.3,47.5,Tidak Lulus
MHS02607,1,SI-C,L,74.1,64.1,59.0,61.6,49,3,7.4,2,Tidak,58.7,60.8,Lulus
MHS02608,2,SI-A,L,80.5,77.2,66.8,69.9,51,1,7.7,3,Tidak,53.8,66.3,Lulus
MHS02609,4,SI-D,P,90.1,71.2,48.3,50.1,47,2,8.3,1,Tidak,52.3,55.7,Tidak Lulus
MHS02610,1,SI-B,L,72.7,67.0,62.9,62.4,36,5,3.6,1,Tidak,53.9,61.1,Lulus
MHS02611,5,SI-B,P,67.4,63.8,56.4,53.6,34,2,2.8,0,Tidak,49.8,55.6,Tidak Lulus
MHS02612,1,SI-B,P,60.7,86.5,76.2,59.4,44,3,7.7,1,Tidak,61.1,70.0,Lulus
MHS02613,2,SI-C,L,83.8,79.5,70.4,82.1,36,1,4.6,0,Tidak,67.6,74.8,Lulus
MHS02614,5,SI-B,L,94.6,54.8,27.3,37.1,24,4,1.8,3,Tidak,39.6,40.3,Tidak Lulus
MHS02615,2,SI-D,L,93.2,74.0,59.3,71.0,52,5,9.4,0,Tidak,69.3,68.9,Lulus
MHS02616,1,SI-D,P,86.5,98.6,74.4,68.7,53,1,10.7,1,Tidak,69.1,77.4,Lulus
MHS02617,3,SI-B,P,85.7,93.9,85.8,72.8,49,2,11.2,1,Tidak,76.9,81.9,Lulus
MHS02618,2,SI-D,L,98.4,83.1,56.4,76.2,35,2,7.1,2,Tidak,71.1,72.4,Lulus
MHS02619,5,SI-B,P,82.0,99.1,92.0,80.5,46,4,8.4,0,Tidak,86.8,89.3,Lulus
MHS02620,2,SI-B,P,85.8,70.1,60.5,76.7,49,5,10.6,2,Ya,55.5,65.4,Lulus
MHS02621,5,SI-A,P,74.2,81.5,71.2,63.8,31,2,4.6,0,Tidak,54.6,66.9,Lulus
MHS02622,6,SI-C,L,61.7,74.8,66.8,57.1,49,5,9.8,3,Ya,65.0,65.8,Lulus
MHS02623,3,SI-C,L,69.8,61.0,38.6,41.6,41,3,7.3,3,Tidak,39.8,45.3,Tidak Lulus
MHS02624,6,SI-A,P,77.9,73.1,71.8,61.8,47,3,9.2,3,Tidak,47.1,62.2,Lulus
MHS02625,3,SI-A,L,78.7,78.3,61.3,70.6,52,3,7.1,0,Tidak,74.3,71.8,Lulus
MHS02626,6,SI-C,L,100.0,100.0,97.6,88.5,42,3,10.4,3,Ya,93.2,94.6,Lulus
MHS02627,1,SI-B,L,79.0,56.4,59.7,57.3,35,3,7.2,0,Tidak,47.8,54.7,Tidak Lulus
MHS02628,4,SI-B,L,92.1,67.9,59.9,66.7,34,1,2.0,1,Tidak,49.3,60.4,Lulus
MHS02629,3,SI-C,L,72.8,84.7,77.0,78.4,50,3,10.9,0,Tidak,94.1,84.4,Lulus
MHS02630,3,SI-B,P,74.3,64.4,67.2,58.5,37,2,3.7,0,Tidak,49.1,58.9,Tidak Lulus
MHS02631,4,SI-A,L,62.1,61.6,58.5,64.8,50,2,10.3,5,Tidak,56.9,60.4,Lulus
MHS02632,4,SI-B,L,69.1,47.7,46.5,29.1,42,3,6.2,7,Ya,42.6,41.3,Tidak Lulus
MHS02633,1,SI-B,P,84.3,92.9,85.8,84.6,52,3,10.0,0,Tidak,70.6,82.7,Lulus
MHS02634,1,SI-D,L,78.1,92.7,90.3,75.5,47,3,9.9,4,Ya,66.3,80.0,Lulus
MHS02635,5,SI-D,L,89.3,63.4,67.7,67.8,40,3,7.8,3,Tidak,67.0,66.4,Lulus
MHS02636,4,SI-D,P,80.2,69.7,53.9,62.8,49,3,8.0,0,Tidak,51.6,59.4,Tidak Lulus
MHS02637,6,SI-B,P,73.8,70.4,85.2,72.2,41,2,7.8,1,Tidak,57.7,70.0,Lulus
MHS02638,5,SI-C,P,100.0,53.7,46.5,35.9,21,3,0.5,4,Tidak,38.3,43.2,Tidak Lulus
MHS02639,6,SI-A,P,76.9,63.3,81.1,70.1,47,3,6.9,0,Tidak,64.4,68.9,Lulus
MHS02640,4,SI-B,L,92.0,87.7,90.0,85.8,36,3,3.2,1,Ya,85.0,86.9,Lulus
MHS02641,2,SI-C,P,73.2,71.8,76.0,61.7,42,7,7.0,1,Tidak,67.3,68.8,Lulus
MHS02642,1,SI-B,L,86.5,76.0,69.4,73.9,40,2,3.1,1,Tidak,64.9,70.8,Lulus
MHS02643,5,SI-A,P,89.1,84.4,79.5,70.4,37,2,2.9,0,Tidak,67.5,74.8,Lulus
MHS02644,4,SI-B,L,80.5,100.0,90.9,80.1,46,3,11.3,0,Tidak,74.4,85.5,Lulus
MHS02645,1,SI-A,P,49.7,69.2,52.7,48.0,54,4,9.7,2,Tidak,56.6,56.8,Tidak Lulus
MHS02646,3,SI-B,P,78.2,75.7,59.9,53.4,37,3,6.5,2,Tidak,56.2,61.1,Lulus
MHS02647,6,SI-A,P,92.8,88.9,62.2,72.7,48,3,7.1,0,Tidak,76.6,75.8,Lulus
MHS02648,3,SI-B,L,84.3,70.2,76.2,63.2,50,4,5.8,1,Ya,68.3,69.1,Lulus
MHS02649,3,SI-A,L,83.4,74.9,85.8,68.6,35,4,8.2,2,Ya,70.3,74.1,Lulus
MHS02650,3,SI-D,P,57.3,37.0,60.0,39.9,39,0,4.5,2,Tidak,35.8,42.0,Tidak Lulus
MHS02651,2,SI-B,P,69.4,64.0,64.0,61.4,51,4,9.5,3,Tidak,55.3,60.7,Lulus
MHS02652,3,SI-B,L,82.9,61.4,51.2,47.9,39,3,5.7,0,Tidak,52.4,53.3,Tidak Lulus
MHS02653,3,SI-C,P,82.9,61.3,58.5,64.9,32,1,5.2,0,Tidak,52.7,59.1,Tidak Lulus
MHS02654,1,SI-C,P,92.6,57.9,65.7,66.9,35,4,6.6,2,Tidak,63.7,63.4,Lulus
MHS02655,5,SI-A,L,76.3,76.5,74.3,70.4,48,2,4.7,1,Tidak,70.8,72.8,Lulus
MHS02656,3,SI-B,P,82.9,79.0,76.8,63.6,38,3,7.5,1,Tidak,67.3,71.2,Lulus
MHS02657,5,SI-A,L,78.2,61.6,55.0,59.5,37,3,4.9,0,Tidak,66.4,61.2,Lulus
MHS02658,5,SI-D,L,66.2,90.8,70.1,78.5,46,2,7.9,1,Tidak,63.6,75.4,Lulus
MHS02659,2,SI-C,L,50.9,68.7,69.3,48.0,46,4,10.1,3,Tidak,64.5,62.4,Lulus
MHS02660,4,SI-A,P,83.2,45.7,25.0,40.6,27,2,4.3,4,Tidak,36.3,37.5,Tidak Lulus
MHS02661,3,SI-A,P,80.1,60.0,61.4,51.9,45,3,6.1,0,Tidak,36.7,51.3,Tidak Lulus
MHS02662,6,SI-C,L,70.6,80.4,73.3,66.7,46,5,7.9,0,Tidak,80.3,75.5,Lulus
MHS02663,2,SI-B,P,58.6,70.5,76.0,57.5,41,3,5.2,4,Tidak,42.6,60.0,Lulus
MHS02664,4,SI-A,P,85.6,77.3,53.9,60.1,37,3,7.9,0,Tidak,64.0,64.3,Lulus
MHS02665,4,SI-C,P,74.8,84.0,72.0,63.4,46,4,8.2,1,Tidak,69.0,72.0,Lulus
MHS02666,2,SI-B,L,84.7,78.8,53.8,67.3,57,4,9.7,1,Tidak,66.5,67.2,Lulus
MHS02667,1,SI-D,P,100.0,50.1,49.8,49.0,33,4,4.7,1,Tidak,52.0,50.3,Tidak Lulus
MHS02668,4,SI-C,L,52.3,59.7,64.1,51.2,35,2,3.7,5,Tidak,32.9,50.4,Tidak Lulus
MHS02669,5,SI-A,L,69.6,59.2,62.3,68.3,36,4,5.6,3,Ya,50.7,59.5,Tidak Lulus
MHS02670,2,SI-D,L,75.5,41.0,37.8,33.5,44,3,3.6,1,Tidak,46.2,40.0,Tidak Lulus
MHS02671,4,SI-B,L,95.5,91.0,65.2,64.5,52,4,8.2,0,Tidak,66.2,71.8,Lulus
MHS02672,3,SI-B,P,58.4,31.1,38.7,22.3,33,1,3.0,3,Ya,25.6,28.8,Tidak Lulus
MHS02673,5,SI-C,L,100.0,93.1,94.6,87.0,60,3,13.5,0,Tidak,95.2,92.5,Lulus
MHS02674,2,SI-C,P,79.6,81.6,88.4,85.4,54,7,10.4,0,Ya,75.8,82.2,Lulus
MHS02675,6,SI-C,L,76.8,76.8,66.7,73.9,46,3,6.5,0,Ya,71.7,72.5,Lulus
MHS02676,2,SI-B,L,75.6,74.1,71.3,70.9,42,3,9.1,1,Ya,74.8,72.9,Lulus
MHS02677,3,SI-D,P,72.8,46.3,66.3,55.7,30,2,1.6,0,Tidak,50.8,54.0,Tidak Lulus
MHS02678,1,SI-B,P,90.6,100.0,88.5,97.5,57,5,14.1,1,Ya,100.0,97.1,Lulus
MHS02679,1,SI-A,L,65.2,60.2,65.9,50.2,31,5,4.7,3,Ya,48.9,55.4,Tidak Lulus
MHS02680,3,SI-B,L,82.1,56.5,47.2,57.5,38,3,6.1,2,Tidak,44.3,51.2,Tidak Lulus
MHS02681,2,SI-A,L,73.4,51.6,47.7,62.1,31,1,0.9,2,Ya,44.3,51.3,Tidak Lulus
MHS02682,5,SI-D,L,68.9,74.0,75.1,76.3,47,1,8.0,1,Tidak,54.2,68.9,Lulus
MHS02683,1,SI-C,P,100.0,87.6,67.7,63.9,35,1,3.2,0,Tidak,84.1,76.6,Lulus
MHS02684,3,SI-C,P,83.0,69.5,51.0,56.1,38,4,6.8,0,Tidak,58.4,59.1,Tidak Lulus
MHS02685,2,SI-B,L,85.4,82.7,65.7,84.7,32,2,4.9,0,Tidak,55.9,71.8,Lulus
MHS02686,1,SI-C,P,91.7,63.1,71.0,61.3,32,2,3.3,0,Tidak,55.8,62.0,Lulus
MHS02687,1,SI-D,P,60.9,66.1,52.5,63.4,33,4,4.1,2,Tidak,47.0,57.0,Tidak Lulus
MHS02688,3,SI-C,L,99.0,71.9,94.7,76.3,34,4,7.2,1,Tidak,66.0,75.8,Lulus
MHS02689,3,SI-B,L,47.9,42.3,59.4,41.2,37,3,2.7,2,Tidak,25.5,40.4,Tidak Lulus
MHS02690,3,SI-D,P,68.8,63.2,44.2,35.7,34,3,4.3,7,Ya,31.9,43.1,Tidak Lulus
MHS02691,3,SI-A,P,72.5,71.4,66.8,56.9,51,4,8.5,2,Ya,64.5,64.8,Lulus
MHS02692,4,SI-B,L,85.0,89.1,83.8,78.9,46,3,14.3,2,Tidak,83.9,83.9,Lulus
MHS02693,1,SI-A,L,80.6,74.8,92.5,77.0,55,2,7.9,1,Tidak,79.5,80.3,Lulus
MHS02694,3,SI-D,L,76.0,62.4,42.7,48.9,35,2,3.7,0,Tidak,44.0,49.6,Tidak Lulus
MHS02695,6,SI-B,P,77.9,66.4,66.0,68.6,36,1,5.4,0,Tidak,41.0,59.2,Tidak Lulus
MHS02696,3,SI-B,L,66.3,45.2,38.7,40.4,44,2,6.6,2,Tidak,50.5,44.3,Tidak Lulus
MHS02697,4,SI-D,L,60.0,30.0,45.1,22.0,33,4,5.5,3,Tidak,26.1,29.8,Tidak Lulus
MHS02698,2,SI-C,P,86.7,87.4,64.9,71.0,44,2,9.2,0,Tidak,67.7,72.9,Lulus
MHS02699,5,SI-B,P,86.3,80.0,75.3,66.8,46,4,7.2,2,Tidak,75.1,74.3,Lulus
MHS02700,5,SI-B,P,97.0,90.4,79.0,92.8,47,7,9.2,0,Tidak,83.4,86.6,Lulus
MHS02701,3,SI-A,L,68.5,54.2,30.7,50.1,42,2,5.6,2,Ya,46.5,46.2,Tidak Lulus
MHS02702,6,SI-C,L,86.3,72.2,48.9,72.0,52,4,10.5,0,Tidak,68.9,66.5,Lulus
MHS02703,1,SI-A,L,74.6,75.9,58.0,65.3,36,2,6.0,2,Tidak,47.3,61.1,Lulus
MHS02704,1,SI-A,L,92.3,76.8,57.0,65.9,43,3,3.6,2,Tidak,52.4,62.8,Lulus
MHS02705,5,SI-C,P,90.3,84.5,91.3,87.0,57,5,13.0,1,Tidak,82.5,85.9,Lulus
MHS02706,5,SI-C,L,80.5,67.3,44.3,58.1,31,6,1.0,2,Tidak,49.4,55.0,Tidak Lulus
MHS02707,1,SI-D,L,73.9,64.7,69.2,65.3,35,4,4.3,1,Tidak,52.9,62.2,Lulus
MHS02708,2,SI-C,L,89.5,65.7,59.2,57.3,31,1,4.6,1,Tidak,51.1,57.9,Tidak Lulus
MHS02709,1,SI-B,L,85.8,100.0,100.0,79.9,49,4,14.0,0,Tidak,87.0,91.1,Lulus
MHS02710,2,SI-C,P,69.8,83.8,76.0,55.8,48,2,11.9,2,Ya,60.4,68.2,Lulus
MHS02711,5,SI-D,L,62.1,73.2,64.0,53.5,52,9,11.0,3,Tidak,63.9,63.6,Lulus
MHS02712,3,SI-D,L,74.5,59.0,49.7,45.1,31,3,5.5,3,Tidak,45.7,49.7,Tidak Lulus
MHS02713,2,SI-D,L,96.2,100.0,95.8,91.5,53,5,13.8,0,Tidak,89.3,93.8,Lulus
MHS02714,3,SI-C,L,91.8,62.0,71.2,66.5,40,3,7.6,1,Tidak,68.1,66.8,Lulus
MHS02715,1,SI-C,L,64.7,78.6,69.8,77.1,46,2,9.4,3,Tidak,70.1,73.9,Lulus
MHS02716,2,SI-A,P,64.0,50.2,45.9,48.0,46,1,7.0,5,Tidak,37.6,45.0,Tidak Lulus
MHS02717,4,SI-A,P,93.3,83.8,76.3,68.3,37,4,6.4,1,Tidak,60.0,71.3,Lulus
MHS02718,6,SI-B,P,64.4,54.3,61.7,62.6,42,4,5.7,3,Ya,61.9,60.1,Lulus
MHS02719,5,SI-A,P,84.1,78.6,77.0,69.9,37,1,5.9,0,Tidak,78.6,76.1,Lulus
MHS02720,1,SI-B,P,70.6,92.0,64.9,72.5,43,5,8.3,1,Tidak,76.1,76.9,Lulus
MHS02721,6,SI-D,P,97.4,85.7,74.9,78.7,42,2,7.6,2,Tidak,76.6,79.1,Lulus
MHS02722,5,SI-A,L,68.8,60.6,53.9,52.4,39,2,6.4,3,Tidak,49.4,53.8,Tidak Lulus
MHS02723,5,SI-C,L,91.7,82.5,69.0,85.5,39,1,11.0,1,Tidak,74.9,78.3,Lulus
MHS02724,3,SI-A,L,80.2,73.8,57.7,54.0,15,1,0.0,0,Tidak,51.8,59.0,Tidak Lulus
MHS02725,3,SI-B,P,81.0,68.7,46.5,59.1,46,2,8.0,1,Tidak,48.0,55.6,Tidak Lulus
MHS02726,2,SI-A,P,54.4,68.6,62.8,43.2,38,5,8.7,7,Tidak,31.6,50.0,Tidak Lulus
MHS02727,1,SI-D,P,51.6,52.8,63.3,56.8,47,4,9.9,1,Ya,47.0,54.2,Tidak Lulus
MHS02728,2,SI-C,L,75.4,67.5,67.1,66.9,42,3,6.3,0,Tidak,47.4,61.2,Lulus
MHS02729,2,SI-B,P,81.0,78.3,84.7,75.1,42,2,7.1,0,Ya,64.5,74.6,Lulus
MHS02730,3,SI-C,L,64.5,99.0,72.0,70.9,47,5,9.5,2,Ya,70.3,78.0,Lulus
MHS02731,5,SI-C,L,64.9,67.2,55.3,56.3,49,6,11.0,2,Tidak,40.1,54.0,Tidak Lulus
MHS02732,3,SI-B,L,84.7,76.9,46.3,62.3,40,2,5.6,1,Tidak,50.8,59.3,Tidak Lulus
MHS02733,1,SI-C,L,84.8,70.8,71.2,73.9,41,2,7.3,0,Tidak,65.5,70.1,Lulus
MHS02734,6,SI-C,L,76.3,80.1,75.3,62.6,50,3,11.5,1,Tidak,62.1,69.4,Lulus
MHS02735,6,SI-A,L,87.4,78.8,67.5,60.6,31,2,0.1,2,Tidak,53.6,64.4,Lulus
MHS02736,5,SI-C,L,63.9,54.5,54.0,43.9,50,1,4.4,4,Ya,42.7,48.2,Tidak Lulus
MHS02737,6,SI-C,P,73.7,90.7,54.1,73.0,49,3,10.9,0,Tidak,75.5,74.4,Lulus
MHS02738,4,SI-C,P,97.8,100.0,84.2,94.2,56,3,9.8,1,Tidak,81.0,89.7,Lulus
MHS02739,6,SI-C,P,78.8,100.0,71.4,75.2,37,4,8.1,3,Ya,68.8,78.7,Lulus
MHS02740,1,SI-B,L,79.5,98.3,90.0,80.7,40,3,5.2,0,Tidak,60.8,81.0,Lulus
MHS02741,3,SI-D,P,100.0,84.5,79.8,70.6,42,5,3.9,0,Tidak,78.4,78.3,Lulus
MHS02742,2,SI-A,P,61.2,58.2,76.4,70.0,49,4,4.7,4,Tidak,45.3,60.9,Lulus
MHS02743,2,SI-C,L,87.6,100.0,75.6,71.4,53,7,11.1,2,Tidak,79.9,81.9,Lulus
MHS02744,1,SI-C,L,98.0,65.5,62.6,54.8,27,1,4.6,1,Tidak,55.1,59.1,Tidak Lulus
MHS02745,4,SI-B,L,74.1,70.2,69.5,68.5,33,3,6.8,2,Tidak,74.2,70.8,Lulus
MHS02746,5,SI-D,L,88.3,72.7,71.1,64.0,37,1,4.2,0,Tidak,75.6,71.1,Lulus
MHS02747,4,SI-C,P,66.2,82.7,78.3,73.4,53,1,9.0,3,Ya,69.4,75.5,Lulus
MHS02748,1,SI-B,P,69.8,43.5,33.5,52.5,40,1,4.9,2,Tidak,41.5,43.2,Tidak Lulus
MHS02749,5,SI-A,L,82.6,72.1,68.0,62.3,37,4,6.2,2,Tidak,61.6,65.7,Lulus
MHS02750,4,SI-A,P,87.6,43.4,44.5,49.4,27,2,1.4,3,Tidak,36.4,43.0,Tidak Lulus
MHS02751,3,SI-C,P,91.5,83.3,70.9,64.9,32,4,1.7,1,Tidak,58.5,68.8,Lulus
MHS02752,4,SI-C,P,96.8,60.9,87.3,73.9,47,3,6.5,1,Tidak,63.3,70.2,Lulus
MHS02753,2,SI-D,L,77.2,54.3,50.7,48.9,36,3,2.5,2,Tidak,40.0,47.9,Tidak Lulus
MHS02754,2,SI-D,P,92.3,89.7,72.5,87.5,57,3,12.8,0,Tidak,85.4,84.4,Lulus
MHS02755,6,SI-C,L,73.9,58.2,62.9,49.7,22,2,0.3,1,Tidak,44.0,52.8,Tidak Lulus
MHS02756,2,SI-B,P,88.8,72.8,58.4,57.1,35,2,4.1,1,Tidak,42.9,57.0,Tidak Lulus
MHS02757,3,SI-D,L,80.5,73.2,62.6,61.0,45,2,6.6,2,Ya,78.3,69.6,Lulus
MHS02758,6,SI-C,L,83.3,64.0,54.2,61.3,38,1,5.4,3,Ya,52.4,57.9,Tidak Lulus
MHS02759,4,SI-D,P,83.1,70.1,65.2,53.4,37,4,3.2,3,Ya,70.3,65.0,Lulus
MHS02760,1,SI-C,L,58.7,47.4,60.4,39.5,39,4,3.6,1,Ya,41.0,46.1,Tidak Lulus
MHS02761,1,SI-A,L,64.5,74.8,50.2,63.0,35,2,3.5,1,Tidak,49.3,59.3,Tidak Lulus
MHS02762,1,SI-C,L,79.2,84.2,67.9,50.8,44,6,5.6,0,Tidak,70.1,68.4,Lulus
MHS02763,4,SI-A,P,57.8,91.7,92.1,65.5,55,6,12.4,2,Tidak,68.4,78.2,Lulus
MHS02764,3,SI-D,L,88.0,68.3,78.5,86.2,51,4,6.7,2,Tidak,72.7,76.1,Lulus
MHS02765,1,SI-C,P,88.5,76.6,80.2,58.7,50,4,10.0,3,Tidak,63.4,68.9,Lulus
MHS02766,6,SI-D,L,81.9,63.6,77.6,63.2,45,2,8.0,2,Tidak,57.2,64.4,Lulus
MHS02767,3,SI-A,L,64.5,81.5,74.6,61.9,48,2,9.8,2,Tidak,71.5,72.2,Lulus
MHS02768,2,SI-C,L,94.6,50.0,52.6,35.0,37,3,0.0,1,Tidak,36.4,42.7,Tidak Lulus
MHS02769,3,SI-D,L,100.0,100.0,73.2,70.3,29,4,5.6,1,Tidak,70.5,78.4,Lulus
MHS02770,4,SI-A,L,79.8,98.2,100.0,87.7,44,5,10.4,1,Tidak,96.3,95.4,Lulus
MHS02771,1,SI-D,L,84.1,72.9,76.6,74.3,36,2,4.8,1,Ya,64.8,71.6,Lulus
MHS02772,2,SI-B,P,80.4,100.0,92.6,93.4,60,4,11.8,1,Tidak,75.3,89.5,Lulus
MHS02773,5,SI-A,P,84.4,95.1,100.0,81.0,46,2,11.0,3,Ya,84.3,89.3,Lulus
MHS02774,3,SI-A,L,76.6,68.8,77.1,52.1,40,4,5.1,0,Tidak,59.7,63.6,Lulus
MHS02775,4,SI-A,L,77.6,83.9,94.2,77.3,33,1,5.0,0,Tidak,73.9,81.3,Lulus
MHS02776,3,SI-C,P,88.9,74.4,71.8,79.4,47,3,3.5,0,Tidak,69.3,73.6,Lulus
MHS02777,1,SI-C,L,100.0,73.5,69.0,81.8,32,1,4.6,1,Tidak,60.3,70.7,Lulus
MHS02778,1,SI-C,L,61.2,53.9,63.1,54.7,34,5,2.8,5,Tidak,41.8,52.3,Tidak Lulus
MHS02779,3,SI-B,P,76.8,64.1,36.1,37.6,40,5,7.8,4,Tidak,51.3,48.0,Tidak Lulus
MHS02780,2,SI-B,P,63.8,62.0,39.0,41.4,41,0,2.1,3,Tidak,31.6,43.1,Tidak Lulus
MHS02781,1,SI-A,P,97.1,96.2,63.2,76.9,43,3,8.3,1,Tidak,68.4,76.4,Lulus
MHS02782,5,SI-B,L,70.9,68.0,65.7,65.5,47,4,8.4,1,Tidak,59.2,64.3,Lulus
MHS02783,6,SI-D,L,60.7,44.2,44.9,25.2,30,3,1.5,3,Tidak,26.6,34.3,Tidak Lulus
MHS02784,5,SI-A,P,85.7,89.2,77.6,92.7,45,2,11.1,2,Tidak,74.5,83.3,Lulus
MHS02785,5,SI-A,L,98.9,77.5,86.7,90.6,47,2,8.0,0,Ya,91.5,86.8,Lulus
MHS02786,2,SI-D,L,86.0,66.8,66.6,64.0,50,5,8.7,3,Tidak,62.9,64.9,Lulus
MHS02787,6,SI-A,L,80.5,69.7,57.3,59.2,40,4,4.2,2,Tidak,66.3,63.6,Lulus
MHS02788,2,SI-B,L,82.9,75.6,60.9,61.6,44,2,8.4,1,Tidak,63.3,65.5,Lulus
MHS02789,6,SI-C,P,95.0,89.5,74.2,86.5,49,1,9.9,2,Tidak,78.3,82.3,Lulus
MHS02790,6,SI-D,P,67.5,68.8,71.7,49.5,42,4,6.2,4,Tidak,64.9,63.4,Lulus
MHS02791,5,SI-B,P,76.7,91.8,70.5,75.3,54,5,12.5,1,Tidak,77.0,79.0,Lulus
MHS02792,6,SI-D,L,72.6,79.9,66.3,58.1,42,3,6.6,1,Tidak,57.7,65.1,Lulus
MHS02793,4,SI-D,L,64.0,58.2,56.2,55.8,45,2,9.9,1,Tidak,45.3,53.3,Tidak Lulus
MHS02794,2,SI-A,L,74.1,81.7,65.0,73.8,47,2,7.4,2,Tidak,56.5,68.8,Lulus
MHS02795,3,SI-A,L,91.3,63.9,73.2,62.7,57,6,8.3,2,Tidak,62.6,65.1,Lulus
MHS02796,4,SI-B,P,84.8,53.4,53.7,54.6,35,2,1.5,1,Tidak,46.8,51.8,Tidak Lulus
MHS02797,1,SI-D,L,85.7,89.4,84.7,77.7,43,1,7.6,0,Tidak,60.4,76.8,Lulus
MHS02798,4,SI-A,L,79.8,68.2,42.5,49.0,33,2,4.3,0,Tidak,50.4,52.9,Tidak Lulus
MHS02799,6,SI-A,L,84.3,76.8,77.8,65.4,36,1,4.0,0,Tidak,45.1,64.6,Lulus
MHS02800,2,SI-D,P,68.4,94.7,79.4,69.5,40,4,11.7,2,Ya,80.8,81.2,Lulus
MHS02801,5,SI-B,L,74.3,63.9,45.3,38.9,50,1,5.9,1,Tidak,33.1,44.7,Tidak Lulus
MHS02802,6,SI-B,L,80.3,54.0,46.1,49.7,35,6,3.5,1,Tidak,49.9,50.1,Tidak Lulus
MHS02803,6,SI-D,L,81.3,45.9,40.5,46.8,36,2,5.4,3,Tidak,41.7,43.8,Tidak Lulus
MHS02804,6,SI-B,P,81.8,52.8,38.7,35.7,37,1,2.6,1,Tidak,49.7,44.8,Tidak Lulus
MHS02805,3,SI-A,L,76.3,72.0,69.2,65.2,52,2,10.8,0,Tidak,66.9,68.2,Lulus
MHS02806,6,SI-D,P,73.5,49.9,52.6,50.5,40,0,4.4,0,Tidak,46.1,49.4,Tidak Lulus
MHS02807,5,SI-A,P,100.0,67.7,78.5,81.5,38,7,8.1,0,Tidak,79.1,76.7,Lulus
MHS02808,1,SI-C,L,88.9,83.2,86.7,94.6,57,6,10.6,0,Tidak,81.4,86.2,Lulus
MHS02809,3,SI-C,P,83.0,77.2,52.3,63.8,43,1,5.0,1,Tidak,54.3,62.0,Lulus
MHS02810,5,SI-B,L,75.2,63.8,62.3,47.6,43,3,8.1,3,Tidak,52.2,56.0,Tidak Lulus
MHS02811,2,SI-C,P,72.6,73.8,66.9,51.4,35,3,3.4,3,Ya,50.6,59.9,Tidak Lulus
MHS02812,4,SI-A,L,76.4,98.4,89.1,83.9,54,5,13.8,1,Ya,89.7,90.3,Lulus
MHS02813,4,SI-C,L,81.5,74.1,81.5,70.3,45,11,9.3,0,Ya,71.6,73.9,Lulus
MHS02814,1,SI-A,L,55.4,30.0,25.0,31.5,34,3,5.9,2,Tidak,33.0,30.3,Tidak Lulus
MHS02815,4,SI-B,L,59.2,64.8,56.9,59.3,40,3,4.2,1,Tidak,52.7,58.2,Tidak Lulus
MHS02816,5,SI-B,P,70.4,82.1,69.2,65.3,49,3,6.2,0,Tidak,64.1,69.9,Lulus
MHS02817,3,SI-A,L,80.5,54.9,53.7,74.9,36,3,5.5,1,Tidak,45.6,56.9,Tidak Lulus
MHS02818,1,SI-C,P,75.1,91.8,80.9,63.7,47,3,12.4,2,Tidak,75.6,77.7,Lulus
MHS02819,1,SI-B,L,95.7,74.8,57.6,69.1,40,2,2.8,0,Tidak,77.3,70.7,Lulus
MHS02820,2,SI-D,P,60.2,57.9,63.3,38.4,40,4,6.9,4,Tidak,38.0,48.1,Tidak Lulus
MHS02821,6,SI-B,L,69.0,58.4,54.9,47.5,46,2,6.4,1,Ya,57.0,54.6,Tidak Lulus
MHS02822,2,SI-C,L,96.2,100.0,88.7,89.9,48,3,6.1,1,Tidak,81.6,89.7,Lulus
MHS02823,4,SI-D,L,79.6,90.0,77.6,57.4,40,3,6.2,0,Tidak,59.2,70.1,Lulus
MHS02824,2,SI-C,P,88.6,86.3,55.3,67.4,36,6,6.2,2,Tidak,58.9,67.2,Lulus
MHS02825,2,SI-A,L,100.0,84.4,69.2,64.3,45,3,9.1,2,Tidak,68.9,71.7,Lulus
MHS02826,5,SI-D,L,69.7,77.6,64.5,61.1,44,2,8.3,3,Ya,61.5,66.0,Lulus
MHS02827,5,SI-C,L,76.8,74.7,62.4,56.5,42,6,7.8,3,Ya,49.5,60.1,Lulus
MHS02828,1,SI-D,P,74.7,60.0,49.8,50.0,27,1,0.0,1,Tidak,38.4,49.0,Tidak Lulus
MHS02829,3,SI-C,L,54.5,74.0,52.6,57.7,49,6,7.4,1,Tidak,54.0,59.6,Tidak Lulus
MHS02830,1,SI-D,P,74.3,77.5,52.6,64.7,32,2,1.5,1,Tidak,44.5,59.4,Tidak Lulus
MHS02831,3,SI-C,L,88.6,86.3,83.3,78.7,48,3,8.4,1,Ya,80.4,82.0,Lulus
MHS02832,4,SI-A,P,84.5,100.0,96.4,91.2,42,2,10.9,1,Ya,98.2,96.5,Lulus
MHS02833,1,SI-D,P,85.4,74.5,62.1,62.6,26,7,3.7,1,Tidak,60.2,64.8,Lulus
MHS02834,2,SI-D,L,73.5,77.1,70.6,55.6,29,3,5.7,0,Tidak,64.6,66.7,Lulus
MHS02835,3,SI-D,L,70.1,71.0,78.5,55.7,39,4,4.7,1,Tidak,48.8,62.0,Lulus
MHS02836,6,SI-D,L,93.2,81.2,67.0,84.9,46,4,10.2,1,Tidak,70.8,76.2,Lulus
MHS02837,6,SI-A,L,72.0,73.1,77.0,55.8,40,6,6.8,2,Ya,68.9,68.3,Lulus
MHS02838,1,SI-D,L,81.5,89.6,85.6,82.4,59,3,11.7,0,Tidak,71.0,81.4,Lulus
MHS02839,5,SI-B,P,80.0,90.8,90.9,81.3,49,2,7.7,0,Tidak,72.0,82.8,Lulus
MHS02840,3,SI-A,L,95.5,77.3,52.3,67.5,54,5,7.2,0,Tidak,76.6,69.6,Lulus
MHS02841,3,SI-B,P,89.7,61.1,47.9,64.9,45,1,6.7,2,Tidak,50.7,56.3,Tidak Lulus
MHS02842,5,SI-D,L,62.5,80.1,58.8,53.8,46,4,9.0,3,Tidak,39.4,57.1,Tidak Lulus
MHS02843,6,SI-C,P,63.7,56.6,42.7,44.2,36,1,1.3,0,Ya,38.9,45.4,Tidak Lulus
MHS02844,6,SI-B,L,84.9,62.5,36.9,51.8,40,6,6.8,0,Tidak,67.1,56.1,Tidak Lulus
MHS02845,4,SI-D,L,77.2,48.3,57.5,35.4,38,2,6.3,2,Tidak,53.4,48.4,Tidak Lulus
MHS02846,2,SI-B,L,72.5,81.9,67.6,62.3,40,4,8.7,0,Tidak,64.4,68.9,Lulus
MHS02847,5,SI-D,L,90.2,88.5,77.5,82.1,39,1,5.9,2,Ya,71.2,79.5,Lulus
MHS02848,2,SI-D,L,80.2,63.5,74.2,80.5,28,1,3.4,0,Tidak,78.7,74.4,Lulus
MHS02849,4,SI-D,P,78.6,85.5,91.9,84.1,57,4,6.5,1,Tidak,69.0,81.5,Lulus
MHS02850,2,SI-C,P,87.4,69.9,63.3,66.9,31,1,3.3,0,Tidak,55.5,63.5,Lulus
MHS02851,4,SI-B,L,73.5,40.3,41.7,32.5,34,1,0.7,0,Tidak,42.9,39.4,Tidak Lulus
MHS02852,2,SI-A,L,96.8,86.6,80.1,79.1,47,4,8.7,2,Tidak,69.6,78.3,Lulus
MHS02853,2,SI-A,L,68.5,80.2,47.1,55.4,57,4,8.2,4,Tidak,54.1,59.6,Tidak Lulus
MHS02854,6,SI-A,L,85.9,75.0,72.0,86.1,47,1,7.9,3,Tidak,57.7,72.0,Lulus
MHS02855,1,SI-A,L,95.2,77.7,72.1,60.6,48,2,10.4,1,Tidak,79.4,72.8,Lulus
MHS02856,3,SI-D,P,61.5,57.3,60.5,39.2,35,1,4.5,4,Tidak,34.2,46.5,Tidak Lulus
MHS02857,2,SI-B,P,73.9,60.9,38.0,55.8,32,3,2.2,2,Tidak,39.2,48.5,Tidak Lulus
MHS02858,1,SI-B,P,91.7,89.9,85.8,92.2,35,5,6.3,0,Tidak,75.2,85.2,Lulus
MHS02859,1,SI-C,L,91.9,70.8,84.8,75.7,33,0,5.5,1,Tidak,59.1,71.3,Lulus
MHS02860,1,SI-B,P,75.9,58.1,61.8,55.0,33,2,4.0,0,Tidak,50.1,55.7,Tidak Lulus
MHS02861,5,SI-B,P,69.2,57.9,36.1,49.8,35,3,6.3,3,Tidak,24.8,41.6,Tidak Lulus
MHS02862,2,SI-B,L,89.5,65.2,83.6,87.4,42,1,4.7,1,Tidak,61.1,73.2,Lulus
MHS02863,6,SI-C,L,92.2,52.7,57.3,47.0,27,0,1.0,4,Ya,44.1,49.6,Tidak Lulus
MHS02864,4,SI-A,P,64.0,65.0,59.2,59.1,45,2,5.2,1,Tidak,52.2,58.5,Tidak Lulus
MHS02865,3,SI-B,L,63.6,55.0,53.2,46.4,44,3,3.1,2,Tidak,41.6,48.5,Tidak Lulus
MHS02866,4,SI-C,L,80.7,75.4,86.2,77.2,39,1,7.2,0,Tidak,64.8,74.8,Lulus
MHS02867,3,SI-C,L,85.6,72.2,54.0,66.5,44,4,4.5,1,Tidak,70.6,66.7,Lulus
MHS02868,5,SI-D,P,74.4,96.4,93.8,77.7,45,4,9.8,0,Tidak,84.9,87.8,Lulus
MHS02869,2,SI-C,L,86.2,92.2,82.0,86.7,59,3,11.3,2,Tidak,78.0,84.5,Lulus
MHS02870,2,SI-A,P,69.5,61.1,61.2,51.3,41,4,8.5,4,Ya,50.0,55.3,Tidak Lulus
MHS02871,6,SI-B,P,52.6,38.7,34.0,34.6,26,0,1.8,5,Tidak,16.1,30.0,Tidak Lulus
MHS02872,6,SI-C,P,72.9,65.5,42.6,40.5,45,3,11.0,1,Tidak,46.1,48.8,Tidak Lulus
MHS02873,6,SI-A,L,78.8,82.0,82.5,83.0,42,6,11.2,0,Tidak,76.7,80.8,Lulus
MHS02874,3,SI-C,P,74.7,54.3,33.6,40.3,43,4,6.6,1,Tidak,50.7,45.6,Tidak Lulus
MHS02875,5,SI-C,L,64.1,69.0,63.6,58.9,39,2,10.5,0,Tidak,55.2,61.3,Lulus
MHS02876,3,SI-C,L,56.2,53.0,36.1,21.6,30,2,4.8,3,Tidak,36.9,36.9,Tidak Lulus
MHS02877,3,SI-C,L,71.8,34.1,33.4,33.4,31,1,0.9,3,Tidak,22.2,30.2,Tidak Lulus
MHS02878,2,SI-C,L,88.8,61.0,38.8,63.4,34,3,4.2,1,Ya,65.8,58.6,Tidak Lulus
MHS02879,4,SI-A,P,93.1,100.0,100.0,78.9,52,2,11.7,0,Tidak,84.5,90.1,Lulus
MHS02880,2,SI-B,L,92.3,65.0,43.8,57.6,32,3,2.0,0,Tidak,59.1,57.1,Tidak Lulus
MHS02881,2,SI-B,L,68.2,90.9,58.3,44.8,34,7,6.5,3,Tidak,69.9,66.6,Lulus
MHS02882,5,SI-B,L,64.2,76.1,53.1,51.1,37,2,6.6,5,Tidak,60.9,60.7,Lulus
MHS02883,2,SI-B,P,84.0,53.9,63.3,63.4,27,0,5.0,3,Ya,42.7,54.8,Tidak Lulus
MHS02884,1,SI-A,P,85.6,63.3,70.3,62.2,36,1,5.2,2,Tidak,63.7,64.5,Lulus
MHS02885,1,SI-D,P,82.8,91.8,86.4,83.6,48,4,6.7,1,Tidak,69.6,82.0,Lulus
MHS02886,6,SI-D,L,53.8,58.8,73.6,52.1,37,0,4.8,1,Tidak,49.3,57.2,Tidak Lulus
MHS02887,3,SI-A,L,67.6,44.6,37.0,60.8,31,2,2.2,2,Tidak,42.4,46.5,Tidak Lulus
MHS02888,3,SI-A,P,77.6,73.0,65.2,71.8,35,4,7.1,2,Tidak,67.0,69.3,Lulus
MHS02889,5,SI-C,L,83.8,62.4,64.2,66.3,52,3,9.7,1,Tidak,54.1,61.2,Lulus
MHS02890,5,SI-C,L,87.2,78.5,66.8,82.5,52,5,9.1,2,Tidak,62.7,72.4,Lulus
MHS02891,2,SI-C,P,79.7,82.0,57.1,69.6,45,2,4.1,4,Ya,52.0,64.9,Lulus
MHS02892,4,SI-B,L,82.0,35.4,36.9,38.7,38,4,2.7,1,Tidak,43.0,38.8,Tidak Lulus
MHS02893,5,SI-C,P,79.0,64.8,91.3,73.4,40,3,5.6,2,Tidak,65.7,72.5,Lulus
MHS02894,4,SI-D,L,86.2,72.4,83.8,73.3,57,3,11.2,1,Tidak,75.8,75.9,Lulus
MHS02895,1,SI-B,L,81.8,87.9,65.1,77.2,54,5,8.4,1,Tidak,63.3,73.3,Lulus
MHS02896,6,SI-C,L,78.8,91.4,80.1,85.6,47,3,8.6,3,Tidak,72.6,82.0,Lulus
MHS02897,3,SI-B,L,74.8,67.2,68.1,52.7,38,4,9.2,1,Tidak,53.7,59.7,Tidak Lulus
MHS02898,2,SI-D,P,79.0,62.7,55.4,60.0,48,3,7.8,1,Tidak,52.6,57.5,Tidak Lulus
MHS02899,3,SI-C,P,83.8,78.0,83.7,85.1,33,5,6.9,1,Tidak,71.9,79.1,Lulus
MHS02900,1,SI-D,L,81.2,80.7,75.5,75.3,51,3,8.5,3,Ya,58.3,71.6,Lulus
MHS02901,1,SI-D,L,82.6,73.5,79.1,73.6,31,3,4.9,0,Tidak,70.5,73.7,Lulus
MHS02902,5,SI-D,P,94.1,75.7,57.1,71.4,35,1,2.3,1,Ya,53.1,64.1,Lulus
MHS02903,1,SI-C,P,81.2,79.9,79.0,63.3,47,6,8.7,0,Tidak,68.1,72.0,Lulus
MHS02904,3,SI-A,L,70.2,75.2,79.9,73.6,47,1,10.2,2,Tidak,69.6,74.1,Lulus
MHS02905,3,SI-C,L,88.6,65.4,62.1,71.1,45,4,3.1,1,Ya,53.0,62.4,Lulus
MHS02906,1,SI-D,L,61.6,80.8,68.0,69.1,56,3,9.0,1,Ya,55.5,67.7,Lulus
MHS02907,6,SI-C,P,65.0,89.4,75.6,59.8,54,4,11.5,3,Ya,73.1,74.4,Lulus
MHS02908,2,SI-D,P,82.0,78.0,81.7,70.1,42,1,6.5,0,Tidak,60.5,71.5,Lulus
MHS02909,2,SI-A,L,84.2,53.0,72.9,62.7,44,3,4.0,0,Ya,68.4,64.0,Lulus
MHS02910,2,SI-B,P,63.1,90.5,75.4,61.9,47,1,6.9,1,Tidak,64.7,72.6,Lulus
MHS02911,2,SI-A,L,73.4,66.4,63.6,52.2,43,2,4.8,1,Tidak,43.5,55.4,Tidak Lulus
MHS02912,1,SI-A,L,70.7,46.2,62.7,57.1,37,5,4.6,1,Tidak,51.2,53.7,Tidak Lulus
MHS02913,5,SI-B,L,72.2,67.1,49.2,67.1,35,2,7.8,3,Ya,57.2,60.6,Lulus
MHS02914,6,SI-C,P,89.3,62.4,78.1,49.0,35,2,1.7,2,Tidak,43.8,56.6,Tidak Lulus
MHS02915,2,SI-B,L,86.5,52.6,39.9,44.0,27,2,2.2,2,Tidak,41.9,44.7,Tidak Lulus
MHS02916,4,SI-C,L,77.8,65.9,71.8,58.7,37,6,6.6,1,Tidak,66.2,65.4,Lulus
MHS02917,5,SI-C,L,71.4,67.0,76.3,76.6,40,4,6.4,1,Tidak,62.7,70.0,Lulus
MHS02918,5,SI-D,L,61.8,53.5,65.5,60.4,41,4,7.5,2,Ya,54.3,57.9,Tidak Lulus
MHS02919,3,SI-D,L,95.0,83.7,80.5,90.1,58,7,12.1,2,Tidak,81.5,84.0,Lulus
MHS02920,2,SI-B,P,85.1,89.4,72.5,80.8,40,3,6.8,0,Tidak,80.6,81.2,Lulus
MHS02921,2,SI-A,L,69.5,66.5,46.8,62.0,37,5,8.3,3,Tidak,50.6,56.7,Tidak Lulus
MHS02922,5,SI-B,P,86.6,78.7,73.3,69.4,39,3,3.6,2,Ya,60.4,69.8,Lulus
MHS02923,5,SI-C,L,77.2,85.5,100.0,84.4,47,3,8.8,1,Tidak,75.6,85.2,Lulus
MHS02924,2,SI-D,L,74.6,73.3,54.7,63.7,32,1,4.9,0,Tidak,45.3,58.8,Tidak Lulus
MHS02925,3,SI-B,L,83.2,77.1,64.1,67.5,42,3,6.7,0,Tidak,44.2,62.2,Lulus
MHS02926,6,SI-B,L,69.1,66.6,48.9,51.8,42,2,6.2,3,Tidak,40.4,51.5,Tidak Lulus
MHS02927,5,SI-D,L,73.9,90.9,78.0,79.0,53,4,9.6,0,Tidak,85.9,83.8,Lulus
MHS02928,6,SI-D,L,79.5,72.7,75.4,69.9,32,3,2.6,0,Ya,72.2,72.4,Lulus
MHS02929,5,SI-D,P,72.0,52.3,45.0,48.5,36,1,0.0,0,Tidak,30.6,43.4,Tidak Lulus
MHS02930,3,SI-C,P,86.0,74.0,69.9,67.6,37,1,5.9,2,Tidak,53.4,65.4,Lulus
MHS02931,4,SI-D,L,100.0,66.1,68.8,76.8,42,6,7.9,0,Tidak,68.6,70.1,Lulus
MHS02932,4,SI-A,L,68.9,33.8,53.6,43.5,38,3,7.0,4,Ya,38.0,41.4,Tidak Lulus
MHS02933,1,SI-B,L,58.0,76.8,55.8,50.6,41,3,10.2,0,Ya,50.7,58.2,Tidak Lulus
MHS02934,4,SI-D,L,54.0,81.1,64.1,60.9,39,3,7.8,2,Tidak,49.9,63.3,Lulus
MHS02935,4,SI-D,L,76.2,66.9,80.0,60.0,41,3,4.8,0,Tidak,68.4,68.2,Lulus
MHS02936,1,SI-C,P,70.0,49.1,50.1,55.6,27,5,0.0,0,Tidak,38.4,47.7,Tidak Lulus
MHS02937,5,SI-C,L,80.5,80.9,75.1,64.8,40,4,5.8,1,Tidak,68.9,72.1,Lulus
MHS02938,4,SI-B,L,79.6,94.5,90.2,77.8,56,2,9.6,0,Tidak,83.9,86.3,Lulus
MHS02939,6,SI-A,L,58.8,59.1,72.9,59.6,41,2,5.3,2,Tidak,66.6,64.2,Lulus
MHS02940,1,SI-B,L,56.2,51.8,50.8,45.7,43,7,6.6,3,Tidak,37.1,45.7,Tidak Lulus
MHS02941,2,SI-D,P,81.6,65.0,71.6,74.2,50,8,7.8,2,Tidak,58.4,66.6,Lulus
MHS02942,4,SI-A,L,79.6,63.5,57.3,55.4,35,4,3.5,1,Tidak,41.0,53.5,Tidak Lulus
MHS02943,2,SI-A,L,72.9,81.1,80.8,69.1,33,5,8.4,1,Tidak,71.8,75.2,Lulus
MHS02944,5,SI-A,P,58.1,47.5,34.3,37.9,49,2,11.4,2,Tidak,41.8,40.8,Tidak Lulus
MHS02945,5,SI-A,L,83.7,100.0,89.8,70.9,35,7,6.0,1,Tidak,75.3,83.3,Lulus
MHS02946,1,SI-B,P,93.3,64.9,71.1,61.2,37,2,3.1,1,Tidak,61.9,64.3,Lulus
MHS02947,3,SI-C,P,81.3,85.2,57.7,67.1,50,2,6.3,2,Tidak,62.0,68.2,Lulus
MHS02948,3,SI-C,L,67.8,40.3,28.9,46.2,28,1,0.0,1,Ya,31.8,36.9,Tidak Lulus
MHS02949,3,SI-D,P,78.5,64.0,65.2,68.1,43,3,7.5,2,Tidak,56.3,63.0,Lulus
MHS02950,6,SI-C,L,61.6,79.4,63.5,56.0,51,1,7.9,2,Tidak,53.5,62.6,Lulus
MHS02951,5,SI-C,L,90.7,96.0,100.0,89.8,45,5,11.5,1,Tidak,100.0,96.4,Lulus
MHS02952,4,SI-C,L,79.0,72.7,66.6,63.2,40,1,5.9,2,Tidak,63.6,66.4,Lulus
MHS02953,5,SI-C,L,56.8,71.8,68.5,67.2,40,3,7.7,3,Tidak,45.3,62.0,Lulus
MHS02954,3,SI-D,P,74.4,70.3,68.3,70.9,37,1,3.9,2,Tidak,58.9,66.6,Lulus
MHS02955,6,SI-B,P,83.6,68.6,57.2,45.1,29,3,5.4,1,Ya,55.3,56.5,Tidak Lulus
MHS02956,4,SI-A,P,74.0,66.2,44.8,63.2,36,2,1.9,0,Tidak,63.9,60.5,Lulus
MHS02957,5,SI-C,P,74.7,60.1,71.4,47.9,47,4,5.9,2,Ya,64.2,60.5,Lulus
MHS02958,5,SI-B,L,63.3,56.9,68.3,55.3,51,3,5.6,4,Ya,48.2,56.2,Tidak Lulus
MHS02959,2,SI-C,L,84.8,74.4,77.9,55.5,43,2,7.4,0,Tidak,64.6,67.4,Lulus
MHS02960,5,SI-C,L,70.2,54.1,66.4,65.7,39,0,4.6,0,Ya,48.0,57.6,Tidak Lulus
MHS02961,2,SI-A,L,52.1,45.2,38.8,34.0,43,6,6.8,5,Tidak,34.6,37.9,Tidak Lulus
MHS02962,2,SI-A,L,73.5,81.2,61.8,67.2,39,1,5.5,2,Tidak,65.4,69.1,Lulus
MHS02963,2,SI-A,P,89.8,55.5,66.6,60.0,39,1,5.5,1,Tidak,57.6,59.5,Tidak Lulus
MHS02964,6,SI-C,L,73.4,78.9,73.1,76.1,38,7,6.7,0,Tidak,71.1,74.7,Lulus
MHS02965,5,SI-C,L,98.9,78.2,70.6,60.3,43,5,6.6,0,Tidak,67.9,69.1,Lulus
MHS02966,4,SI-C,L,83.1,84.1,88.1,83.7,40,3,8.8,0,Ya,85.7,85.3,Lulus
MHS02967,5,SI-A,P,82.1,59.7,57.6,63.2,48,2,6.1,0,Tidak,48.9,56.9,Tidak Lulus
MHS02968,4,SI-D,P,76.5,55.3,65.8,59.2,33,1,5.5,3,Tidak,41.1,54.1,Tidak Lulus
MHS02969,6,SI-B,P,77.2,75.4,79.4,73.0,36,4,6.0,1,Ya,74.7,75.4,Lulus
MHS02970,3,SI-D,L,74.8,75.0,70.6,73.1,34,2,4.4,1,Tidak,50.9,66.4,Lulus
MHS02971,3,SI-C,P,74.4,72.0,70.3,71.7,43,1,5.4,1,Tidak,56.0,66.8,Lulus
MHS02972,1,SI-C,L,84.4,70.1,76.8,60.6,54,3,12.6,2,Ya,66.9,68.1,Lulus
MHS02973,5,SI-D,P,66.8,49.0,39.6,41.6,40,4,3.8,4,Ya,40.7,42.8,Tidak Lulus
MHS02974,5,SI-C,L,65.1,68.3,82.3,66.6,53,1,5.7,2,Tidak,58.7,67.8,Lulus
MHS02975,3,SI-B,L,64.5,61.4,53.7,52.2,35,2,5.3,1,Tidak,25.8,46.9,Tidak Lulus
MHS02976,1,SI-C,L,100.0,57.3,56.3,63.1,40,3,5.8,1,Tidak,64.0,60.6,Lulus
MHS02977,5,SI-B,P,84.4,54.0,49.7,58.5,46,4,5.5,1,Tidak,52.1,53.7,Tidak Lulus
MHS02978,1,SI-D,L,81.7,67.7,42.7,63.5,47,3,7.3,0,Tidak,65.9,61.1,Lulus
MHS02979,4,SI-D,P,65.3,53.1,35.2,45.1,25,3,1.4,2,Tidak,28.7,40.2,Tidak Lulus
MHS02980,6,SI-C,L,85.5,87.1,87.0,84.8,50,5,9.6,2,Tidak,88.3,86.9,Lulus
MHS02981,3,SI-B,L,76.6,89.8,68.0,87.0,47,2,8.4,0,Tidak,64.9,77.3,Lulus
MHS02982,2,SI-C,L,80.6,61.9,43.1,51.0,38,1,2.8,0,Tidak,45.5,50.5,Tidak Lulus
MHS02983,4,SI-A,L,66.3,30.0,40.9,34.9,31,2,0.0,2,Tidak,37.0,35.5,Tidak Lulus
MHS02984,5,SI-A,L,79.9,61.4,54.5,62.5,46,3,3.6,0,Tidak,71.8,63.4,Lulus
MHS02985,4,SI-A,L,72.9,63.9,62.0,59.9,42,1,5.8,0,Tidak,47.5,57.6,Tidak Lulus
MHS02986,6,SI-A,P,68.8,100.0,86.5,77.3,63,6,14.2,2,Tidak,96.3,90.5,Lulus
MHS02987,1,SI-C,L,86.8,77.5,71.0,65.6,43,6,8.1,2,Tidak,49.8,64.9,Lulus
MHS02988,3,SI-A,P,59.5,41.7,57.1,47.5,42,7,1.1,3,Tidak,43.6,46.8,Tidak Lulus
MHS02989,5,SI-B,P,84.8,68.2,52.2,60.8,35,4,4.4,2,Tidak,66.9,62.8,Lulus
MHS02990,5,SI-D,P,86.2,51.7,70.7,77.4,36,4,6.3,1,Tidak,55.1,62.9,Lulus
MHS02991,1,SI-D,L,67.4,55.5,47.4,43.0,40,5,7.3,1,Ya,57.9,51.5,Tidak Lulus
MHS02992,5,SI-A,L,68.2,51.1,57.4,43.7,36,7,2.6,0,Tidak,44.0,48.4,Tidak Lulus
MHS02993,4,SI-A,L,75.3,76.8,67.2,65.1,34,6,6.1,1,Tidak,57.0,66.0,Lulus
MHS02994,3,SI-A,P,81.4,53.8,41.9,44.0,35,2,4.3,1,Tidak,35.3,43.4,Tidak Lulus
MHS02995,1,SI-C,P,76.2,38.8,25.0,23.1,34,3,3.2,2,Tidak,29.0,29.2,Tidak Lulus
MHS02996,5,SI-D,L,83.2,47.2,76.8,58.8,39,2,7.3,2,Ya,58.6,59.4,Tidak Lulus
MHS02997,1,SI-A,L,99.2,95.4,73.5,97.8,40,5,8.8,0,Tidak,76.9,86.1,Lulus
MHS02998,2,SI-B,P,71.9,83.4,78.4,92.5,45,3,9.0,0,Tidak,84.8,85.1,Lulus
MHS02999,2,SI-A,L,57.4,59.6,43.3,50.9,40,4,8.2,3,Ya,41.0,48.6,Tidak Lulus
MHS03000,6,SI-D,P,87.9,46.8,49.6,40.8,42,1,5.0,4,Tidak,40.4,43.9,Tidak Lulus
